[
{ 
    "_id" : ObjectId("5c57bff7d474fb0b680131d4"), 
    "Basic_Info" : {
        "Institution" : ObjectId("5bb4b42a2bfdcb07d170cbe7"), 
        "Post_Applied" : ObjectId("5c32ea632b668d08b0783b8b"), 
        "Department" : ObjectId("5bc4112b125a73061dfa0e48"), 
        "Preferred_Subject_1" : "", 
        "Preferred_Subject_2" : "", 
        "Preferred_Subject_3" : ""
    }, 
    "Personal_Info" : {
        "kids_List" : [

        ], 
        "Name" : "fghgfhfgh", 
        "DOB" : ISODate("2002-02-12T18:30:00.000+0000"), 
        "Age" : "16", 
        "Gender" : "Male", 
        "Contact_No" : "fghf", 
        "Email" : "fghfghf@fghf"
    }, 
    "Activity_Info" : {
        "Teaching_Experience" : [

        ], 
        "Industry_Experience" : [

        ], 
        "Patent" : [

        ], 
        "Achievements_Awards" : [

        ]
    }, 
    "Reference_Info" : {
        "Family_in_SNS_Details" : [

        ]
    }, 
    "Resume" : {
        "filename" : "Res_1549254647614vnd.openxmlformats-officedocument.wordprocessingml.document", 
        "mimetype" : "application/vnd.openxmlformats-officedocument.wordprocessingml.document", 
        "size" : NumberInt(171242)
    }, 
    "Accepted_Date" : null, 
    "Ref_ID" : "SNS 2/A1/1549254647627", 
    "FormType" : "Type_3", 
    "Current_Status" : "Applied", 
    "Current_Stage" : "Stage_1", 
    "Status" : "Active", 
    "ApplicationFromAdmin" : true, 
    "If_Referred_Accepted" : false, 
    "If_Referred_From" : false, 
    "If_Referred_To" : false, 
    "createdAt" : ISODate("2019-02-04T04:30:47.653+0000"), 
    "updatedAt" : ISODate("2019-02-04T04:30:47.653+0000"), 
    "__v" : NumberInt(0)
},
{ 
    "_id" : ObjectId("5c57c06d061a16291c9f19ac"), 
    "Basic_Info" : {
        "Institution" : ObjectId("5bb4b42a2bfdcb07d170cbe7"), 
        "Post_Applied" : ObjectId("5c32ea632b668d08b0783b8b"), 
        "Department" : ObjectId("5bc4112b125a73061dfa0e48"), 
        "Preferred_Subject_1" : "", 
        "Preferred_Subject_2" : "", 
        "Preferred_Subject_3" : ""
    }, 
    "Personal_Info" : {
        "kids_List" : [

        ], 
        "Name" : "zxZ", 
        "DOB" : ISODate("1998-02-02T18:30:00.000+0000"), 
        "Age" : "21", 
        "Gender" : "Male", 
        "Contact_No" : "werwer", 
        "Email" : "werewr"
    }, 
    "Activity_Info" : {
        "Teaching_Experience" : [

        ], 
        "Industry_Experience" : [

        ], 
        "Patent" : [

        ], 
        "Achievements_Awards" : [

        ]
    }, 
    "Reference_Info" : {
        "Family_in_SNS_Details" : [

        ]
    }, 
    "Resume" : {
        "filename" : "Res_1549254765405.docx", 
        "mimetype" : "application/vnd.openxmlformats-officedocument.wordprocessingml.document", 
        "size" : NumberInt(171242)
    }, 
    "Accepted_Date" : null, 
    "Ref_ID" : "SNS 2/A1/1549254765463", 
    "FormType" : "Type_3", 
    "Current_Status" : "Applied", 
    "Current_Stage" : "Stage_1", 
    "Status" : "Active", 
    "ApplicationFromAdmin" : true, 
    "If_Referred_Accepted" : false, 
    "If_Referred_From" : false, 
    "If_Referred_To" : false, 
    "createdAt" : ISODate("2019-02-04T04:32:45.525+0000"), 
    "updatedAt" : ISODate("2019-02-04T04:32:45.525+0000"), 
    "__v" : NumberInt(0)
},
{ 
    "_id" : ObjectId("5c57c48a061a16291c9f19ad"), 
    "Basic_Info" : {
        "Institution" : ObjectId("5bb4b3fa2bfdcb07d170cbe5"), 
        "Post_Applied" : ObjectId("5c32ea832b668d08b0783b8d"), 
        "Department" : ObjectId("5bb4b3992bfdcb07d170cbe0"), 
        "Preferred_Subject_1" : "", 
        "Preferred_Subject_2" : "", 
        "Preferred_Subject_3" : ""
    }, 
    "Personal_Info" : {
        "kids_List" : [

        ], 
        "Name" : "kathir", 
        "DOB" : ISODate("1995-07-13T18:30:00.000+0000"), 
        "Age" : "23", 
        "Gender" : "Male", 
        "Contact_No" : "9876543210", 
        "Email" : "kathiraashi@gmail.com"
    }, 
    "Activity_Info" : {
        "Teaching_Experience" : [

        ], 
        "Industry_Experience" : [

        ], 
        "Patent" : [

        ], 
        "Achievements_Awards" : [

        ]
    }, 
    "Reference_Info" : {
        "Family_in_SNS_Details" : [

        ]
    }, 
    "Resume" : {
        "filename" : "Res_1549255818868.docx", 
        "mimetype" : "application/vnd.openxmlformats-officedocument.wordprocessingml.document", 
        "size" : NumberInt(171242)
    }, 
    "Accepted_Date" : ISODate("2019-02-04T04:50:26.495+0000"), 
    "Ref_ID" : "SNS 3/D2/1549255818887", 
    "FormType" : "Type_1", 
    "Current_Status" : "Exam Assigned", 
    "Current_Stage" : "Stage_3", 
    "Status" : "InActive", 
    "ApplicationFromAdmin" : true, 
    "If_Referred_Accepted" : false, 
    "If_Referred_From" : false, 
    "If_Referred_To" : false, 
    "createdAt" : ISODate("2019-02-04T04:50:18.914+0000"), 
    "updatedAt" : ISODate("2019-02-11T02:57:46.665+0000"), 
    "__v" : NumberInt(0)
},
{ 
    "_id" : ObjectId("5c591d69eb7a5b25848b5d0c"), 
    "Basic_Info" : {
        "Institution" : ObjectId("5c2c7af0eb301d0f68f03f8d"), 
        "Post_Applied" : ObjectId("5c32f56237cf592f2c5d1322"), 
        "Department" : ObjectId("5bb4b38f2bfdcb07d170cbdf"), 
        "Preferred_Subject_1" : "", 
        "Preferred_Subject_2" : "", 
        "Preferred_Subject_3" : ""
    }, 
    "Personal_Info" : {
        "kids_List" : [

        ], 
        "Name" : "asfds", 
        "DOB" : ISODate("1995-01-10T18:30:00.000+0000"), 
        "Age" : "24", 
        "Gender" : "Male", 
        "Contact_No" : "11452555454", 
        "Email" : "-"
    }, 
    "Activity_Info" : {
        "Teaching_Experience" : [

        ], 
        "Industry_Experience" : [

        ], 
        "Patent" : [

        ], 
        "Achievements_Awards" : [

        ]
    }, 
    "Reference_Info" : {
        "Family_in_SNS_Details" : [

        ]
    }, 
    "Accepted_Date" : null, 
    "Ref_ID" : "SNS 4/D1/1549344105413", 
    "FormType" : "Type_4", 
    "Current_Status" : "Applied", 
    "Current_Stage" : "Stage_1", 
    "Status" : "Active", 
    "ApplicationFromAdmin" : true, 
    "If_Referred_Accepted" : false, 
    "If_Referred_From" : false, 
    "If_Referred_To" : false, 
    "createdAt" : ISODate("2019-02-05T05:21:45.422+0000"), 
    "updatedAt" : ISODate("2019-02-05T05:21:45.422+0000"), 
    "__v" : NumberInt(0)
},
{ 
    "_id" : ObjectId("5c5921c43273a1386482ae71"), 
    "Basic_Info" : {
        "Institution" : ObjectId("5c2c7af0eb301d0f68f03f8d"), 
        "Post_Applied" : ObjectId("5c32f56237cf592f2c5d1322"), 
        "Department" : ObjectId("5c348438eb301d0f68f03fa7"), 
        "Preferred_Subject_1" : "", 
        "Preferred_Subject_2" : "", 
        "Preferred_Subject_3" : ""
    }, 
    "Personal_Info" : {
        "kids_List" : [

        ], 
        "Name" : "asdfa", 
        "DOB" : ISODate("2000-12-31T18:30:00.000+0000"), 
        "Age" : "18", 
        "Gender" : "Male", 
        "Contact_No" : "adf", 
        "Email" : "asdf"
    }, 
    "Activity_Info" : {
        "Teaching_Experience" : [

        ], 
        "Industry_Experience" : [

        ], 
        "Patent" : [

        ], 
        "Achievements_Awards" : [

        ]
    }, 
    "Reference_Info" : {
        "Family_in_SNS_Details" : [

        ]
    }, 
    "Accepted_Date" : null, 
    "Ref_ID" : "SNS 4/SNS AC 1/1549345220536", 
    "FormType" : "Type_4", 
    "Current_Status" : "Applied", 
    "Current_Stage" : "Stage_1", 
    "Status" : "Active", 
    "ApplicationFromAdmin" : true, 
    "If_Referred_Accepted" : false, 
    "If_Referred_From" : false, 
    "If_Referred_To" : false, 
    "createdAt" : ISODate("2019-02-05T05:40:20.545+0000"), 
    "updatedAt" : ISODate("2019-02-05T05:40:20.545+0000"), 
    "__v" : NumberInt(0)
},
{ 
    "_id" : ObjectId("5c5924ab3273a1386482ae72"), 
    "Basic_Info" : {
        "Institution" : ObjectId("5c2c7af0eb301d0f68f03f8d"), 
        "Post_Applied" : ObjectId("5c32f57237cf592f2c5d1323"), 
        "Department" : ObjectId("5bb4b38f2bfdcb07d170cbdf"), 
        "Preferred_Subject_1" : "", 
        "Preferred_Subject_2" : "", 
        "Preferred_Subject_3" : ""
    }, 
    "Personal_Info" : {
        "kids_List" : [

        ], 
        "Name" : "test One", 
        "DOB" : ISODate("1995-01-04T18:30:00.000+0000"), 
        "Age" : "24", 
        "Gender" : "Male", 
        "Contact_No" : "142587485", 
        "Email" : "asdf@mail.com"
    }, 
    "Activity_Info" : {
        "Teaching_Experience" : [

        ], 
        "Industry_Experience" : [

        ], 
        "Patent" : [

        ], 
        "Achievements_Awards" : [

        ]
    }, 
    "Reference_Info" : {
        "Family_in_SNS_Details" : [

        ]
    }, 
    "Resume" : {
        "filename" : "Res_1549345963780.pdf", 
        "mimetype" : "application/pdf", 
        "size" : NumberInt(13264)
    }, 
    "Accepted_Date" : null, 
    "Ref_ID" : "SNS 4/D1/1549345963783", 
    "FormType" : "Type_4", 
    "Current_Status" : "Applied", 
    "Current_Stage" : "Stage_1", 
    "Status" : "Active", 
    "ApplicationFromAdmin" : true, 
    "If_Referred_Accepted" : false, 
    "If_Referred_From" : false, 
    "If_Referred_To" : false, 
    "createdAt" : ISODate("2019-02-05T05:52:43.787+0000"), 
    "updatedAt" : ISODate("2019-02-05T05:52:43.787+0000"), 
    "__v" : NumberInt(0)
},
{ 
    "_id" : ObjectId("5c5a574f5fa8b016ec3b8aed"), 
    "Basic_Info" : {
        "Institution" : ObjectId("5bb4b3fa2bfdcb07d170cbe5"), 
        "Post_Applied" : ObjectId("5c32ea832b668d08b0783b8d"), 
        "Department" : ObjectId("5bb4b3992bfdcb07d170cbe0"), 
        "Preferred_Subject_1" : "", 
        "Preferred_Subject_2" : "", 
        "Preferred_Subject_3" : ""
    }, 
    "Personal_Info" : {
        "kids_List" : [

        ], 
        "Name" : "kathir", 
        "DOB" : ISODate("1995-07-13T18:30:00.000+0000"), 
        "Age" : "23", 
        "Gender" : "Male", 
        "Contact_No" : "99888998", 
        "Email" : "kathiraashi@gmail.com"
    }, 
    "Activity_Info" : {
        "Teaching_Experience" : [

        ], 
        "Industry_Experience" : [

        ], 
        "Patent" : [

        ], 
        "Achievements_Awards" : [

        ]
    }, 
    "Reference_Info" : {
        "Family_in_SNS_Details" : [

        ]
    }, 
    "Accepted_Date" : ISODate("2019-02-06T03:44:45.890+0000"), 
    "Ref_ID" : "SNS 3/D2/1549424463077", 
    "FormType" : "Type_1", 
    "Current_Status" : "Exam Assigned", 
    "Current_Stage" : "Stage_3", 
    "Status" : "InActive", 
    "ApplicationFromAdmin" : true, 
    "If_Referred_Accepted" : false, 
    "If_Referred_From" : false, 
    "If_Referred_To" : false, 
    "createdAt" : ISODate("2019-02-06T03:41:03.152+0000"), 
    "updatedAt" : ISODate("2019-02-08T23:56:07.443+0000"), 
    "__v" : NumberInt(0)
},
{ 
    "_id" : ObjectId("5c348bf4eb301d0f68f03fa8"), 
    "Basic_Info" : {
        "Institution" : ObjectId("5bb4b3fa2bfdcb07d170cbe5"), 
        "Post_Applied" : ObjectId("5c32ea722b668d08b0783b8c"), 
        "Department" : ObjectId("5bb4b3992bfdcb07d170cbe0"), 
        "Preferred_Subject_1" : "physics", 
        "Preferred_Subject_2" : "", 
        "Preferred_Subject_3" : ""
    }, 
    "Personal_Info" : {
        "kids_List" : [

        ], 
        "Name" : "GGGG", 
        "DOB" : ISODate("1981-05-11T18:30:00.000+0000"), 
        "Age" : "37", 
        "Gender" : "Male", 
        "Place_of_Birth" : "CBE", 
        "Nationality" : "Indian", 
        "Religion" : "Hindu", 
        "Community" : "BC", 
        "Caste" : "CCCC", 
        "Aadhar_No" : "", 
        "PAN_No" : "ASDR3752L", 
        "Contact_No" : "9698529745", 
        "Email" : "kathiraashi@gmail.com", 
        "Permanent_Door_No" : "34", 
        "Permanent_Street" : "DSL STREET", 
        "Permanent_City" : "CBE", 
        "Permanent_Sate" : "Tamil Nadu", 
        "Permanent_Pin_Code" : "641107", 
        "Address_Same" : "true", 
        "Present_Door_No" : "34", 
        "Present_Street" : "DSL STREET", 
        "Present_City" : "CBE", 
        "Present_Sate" : "Tamil Nadu", 
        "Present_Pin_Code" : "641107", 
        "Marital_Status" : "Single", 
        "Father_Name" : "DFDFDF", 
        "Father_Designation" : "physics", 
        "Father_Organization" : "", 
        "Father_Locality" : "", 
        "Mother_Name" : "SSSS", 
        "Mother_Designation" : "physics", 
        "Mother_Organization" : "", 
        "Mother_Locality" : "", 
        "Spouse_Name" : "", 
        "Spouse_Designation" : "", 
        "Spouse_Organization" : "", 
        "Spouse_Locality" : "", 
        "No_Of_Siblings" : "", 
        "No_Of_Kids" : ""
    }, 
    "Education_Info" : {
        "Sslc_School" : "DSDSD", 
        "Sslc_Medium" : "English", 
        "Sslc_Year_Of_Passing" : "2010", 
        "Sslc_Percentage" : "58", 
        "Hsc_School" : "DFDF", 
        "Hsc_Medium" : "English", 
        "Hsc_Year_Of_Passing" : "2007", 
        "Hsc_Percentage" : "74", 
        "UG_Course" : "BSc", 
        "UG_Department" : "physics", 
        "UG_Class" : "FWD*", 
        "UG_Year_Of_Passing" : "2010", 
        "UG_College_Name" : "SNS", 
        "UG_CGPA" : "", 
        "UG_Percentage" : "74", 
        "UG_Medium" : "English", 
        "PG_Course" : "", 
        "PG_Department" : "", 
        "PG_Class" : "", 
        "PG_Year_Of_Passing" : "", 
        "PG_College_Name" : "", 
        "PG_CGPA" : "", 
        "PG_Percentage" : "", 
        "PG_Medium" : "", 
        "Mphil_Course" : "", 
        "Mphil_Department" : "", 
        "Mphil_Class" : "", 
        "Mphil_Year_Of_Passing" : "", 
        "Mphil_College_Name" : "", 
        "Mphil_CGPA" : "", 
        "Mphil_Percentage" : "", 
        "Mphil_Medium" : "", 
        "PHD_Course" : "", 
        "PHD_Department" : "", 
        "PHD_Class" : "", 
        "PHD_Year_Of_Passing" : "", 
        "PHD_College_Name" : "", 
        "PHD_CGPA" : "", 
        "PHD_Percentage" : "", 
        "PHD_Medium" : "", 
        "Bed_Course" : "", 
        "Bed_Department" : "", 
        "Bed_Class" : "", 
        "Bed_Year_Of_Passing" : "", 
        "Bed_College_Name" : "", 
        "Bed_CGPA" : "", 
        "Bed_Percentage" : "", 
        "Bed_Medium" : "", 
        "Med_Course" : "", 
        "Med_Department" : "", 
        "Med_Class" : "", 
        "Med_Year_Of_Passing" : "", 
        "Med_College_Name" : "", 
        "Med_CGPA" : "", 
        "Med_Percentage" : "", 
        "Med_Medium" : "", 
        "Other1_Course" : "", 
        "Other1_Department" : "", 
        "Other1_Class" : "", 
        "Other1_Year_Of_Passing" : "", 
        "Other1_College_Name" : "", 
        "Other1_CGPA" : "", 
        "Other1_Percentage" : "", 
        "Other1_Medium" : "", 
        "Other2_Course" : "", 
        "Other2_Department" : "", 
        "Other2_Class" : "", 
        "Other2_Year_Of_Passing" : "", 
        "Other2_College_Name" : "", 
        "Other2_CGPA" : "", 
        "Other2_Percentage" : "", 
        "Other2_Medium" : "", 
        "Guide_ship" : "", 
        "Guide_ship_No" : "", 
        "SET_Qualified" : "No", 
        "SET_QualifiedYear" : ""
    }, 
    "Activity_Info" : {
        "Teaching_Experience" : [

        ], 
        "Industry_Experience" : [

        ], 
        "Patent" : [
            {
                "Title" : "", 
                "Investigators" : "", 
                "Patent_No" : "", 
                "Status" : ""
            }
        ], 
        "Achievements_Awards" : [
            {
                "Category" : "", 
                "Award_Achievement" : "", 
                "Year" : ""
            }
        ], 
        "Experience" : "Fresher", 
        "No_Of_FDP_Attended" : "23", 
        "No_Of_Workshop_Attended" : "3", 
        "No_Of_Conference_Attended" : "4", 
        "No_Of_Symposium_Attended" : "5", 
        "No_Of_FDP_Organized" : "3", 
        "No_Of_Workshop_Organized" : "4", 
        "No_Of_Conference_Organized" : "5", 
        "No_Of_Symposium_Organized" : "8", 
        "No_Of_Monograph_Published" : "8", 
        "No_Of_Books_Published" : "7", 
        "No_Of_Chapter_in_Inherited_Books" : "8", 
        "No_Of_Paper_Published_InJournals" : "9", 
        "No_Of_Papers_InConference" : "8", 
        "No_Of_Citations" : "8", 
        "No_Of_H_Index" : "9", 
        "No_Of_I10_Index" : "9", 
        "No_Of_Project_Guided_UG" : "25", 
        "No_Of_Project_Guided_PG" : "54", 
        "No_Of_Project_Guided_PHD" : "0", 
        "Research_Found" : "No", 
        "Research_Found_Amount" : "", 
        "Contact_Industries" : "No", 
        "Contact_Industries_Count" : "", 
        "Interested_Game" : "CRICKET", 
        "Activities" : "NAAC", 
        "Special_Achievements" : "NIL", 
        "Joining_Time" : "1 MONTH", 
        "Expected_Salary" : "300000"
    }, 
    "Reference_Info" : {
        "Family_in_SNS_Details" : [

        ], 
        "Family_in_SNS" : "No", 
        "Reference1_Name" : "", 
        "Reference2_Name" : "", 
        "Reference1_Designation" : "", 
        "Reference2_Designation" : "", 
        "Reference1_Organization" : "", 
        "Reference2_Organization" : "", 
        "Reference1_Contact_Number" : "", 
        "Reference2_Contact_Number" : "", 
        "Reference1_Email_Id" : "", 
        "Reference2_Email_Id" : "", 
        "Place" : "CBE", 
        "Date" : "2019-01-08T11:24:32.000Z"
    }, 
    "Files" : {
        "Cover_Later" : {
            "mimetype" : "application/pdf", 
            "filename" : "CoverLater_1546947091511.pdf", 
            "size" : NumberInt(94603)
        }, 
        "Photo" : {
            "mimetype" : "image/png", 
            "filename" : "CandidatePhoto_1546947091606.png", 
            "size" : NumberInt(94115)
        }, 
        "Signature" : {
            "mimetype" : "image/png", 
            "filename" : "CandidateSignature_1546947091638.png", 
            "size" : NumberInt(7953)
        }
    }, 
    "Ref_ID" : "SNS 3/D2/1546947572809", 
    "FormType" : "Type_4", 
    "Current_Status" : "Exam Completed", 
    "Current_Stage" : "Stage_4", 
    "Status" : "Active", 
    "If_Referred_Accepted" : false, 
    "If_Referred_From" : false, 
    "If_Referred_To" : true, 
    "createdAt" : ISODate("2019-01-08T11:31:31.663+0000"), 
    "updatedAt" : ISODate("2019-01-09T08:06:49.443+0000"), 
    "__v" : NumberInt(0), 
    "Accepted_Date" : ISODate("2019-01-09T07:32:49.439+0000"), 
    "Referred_To" : {
        "Department" : ObjectId("5bb4b38f2bfdcb07d170cbdf"), 
        "Institution" : ObjectId("5c2c7af0eb301d0f68f03f8d"), 
        "User_Id" : ObjectId("5c34f0e605e9ee33e4a1dffa")
    }
},
{ 
    "_id" : ObjectId("5c35aac1c8a90d040486ddbc"), 
    "Basic_Info" : {
        "Institution" : ObjectId("5c2c7af0eb301d0f68f03f8d"), 
        "Post_Applied" : ObjectId("5c32f57237cf592f2c5d1323"), 
        "Department" : ObjectId("5bb4b38f2bfdcb07d170cbdf"), 
        "Preferred_Subject_1" : "physics", 
        "Preferred_Subject_2" : "", 
        "Preferred_Subject_3" : ""
    }, 
    "Personal_Info" : {
        "kids_List" : [

        ], 
        "Name" : "GGGG", 
        "DOB" : ISODate("1981-05-11T18:30:00.000+0000"), 
        "Age" : "37", 
        "Gender" : "Male", 
        "Place_of_Birth" : "CBE", 
        "Nationality" : "Indian", 
        "Religion" : "Hindu", 
        "Community" : "BC", 
        "Caste" : "CCCC", 
        "Aadhar_No" : "", 
        "PAN_No" : "ASDR3752L", 
        "Contact_No" : "9698529745", 
        "Email" : "kathiraashi@gmail.com", 
        "Permanent_Door_No" : "34", 
        "Permanent_Street" : "DSL STREET", 
        "Permanent_City" : "CBE", 
        "Permanent_Sate" : "Tamil Nadu", 
        "Permanent_Pin_Code" : "641107", 
        "Address_Same" : "true", 
        "Present_Door_No" : "34", 
        "Present_Street" : "DSL STREET", 
        "Present_City" : "CBE", 
        "Present_Sate" : "Tamil Nadu", 
        "Present_Pin_Code" : "641107", 
        "Marital_Status" : "Single", 
        "Father_Name" : "DFDFDF", 
        "Father_Designation" : "physics", 
        "Father_Organization" : "", 
        "Father_Locality" : "", 
        "Mother_Name" : "SSSS", 
        "Mother_Designation" : "physics", 
        "Mother_Organization" : "", 
        "Mother_Locality" : "", 
        "Spouse_Name" : "", 
        "Spouse_Designation" : "", 
        "Spouse_Organization" : "", 
        "Spouse_Locality" : "", 
        "No_Of_Siblings" : "", 
        "No_Of_Kids" : ""
    }, 
    "Education_Info" : {
        "Sslc_School" : "DSDSD", 
        "Sslc_Medium" : "English", 
        "Sslc_Year_Of_Passing" : "2010", 
        "Sslc_Percentage" : "58", 
        "Hsc_School" : "DFDF", 
        "Hsc_Medium" : "English", 
        "Hsc_Year_Of_Passing" : "2007", 
        "Hsc_Percentage" : "74", 
        "UG_Course" : "BSc", 
        "UG_Department" : "physics", 
        "UG_Class" : "FWD*", 
        "UG_Year_Of_Passing" : "2010", 
        "UG_College_Name" : "SNS", 
        "UG_CGPA" : "", 
        "UG_Percentage" : "74", 
        "UG_Medium" : "English", 
        "PG_Course" : "", 
        "PG_Department" : "", 
        "PG_Class" : "", 
        "PG_Year_Of_Passing" : "", 
        "PG_College_Name" : "", 
        "PG_CGPA" : "", 
        "PG_Percentage" : "", 
        "PG_Medium" : "", 
        "Mphil_Course" : "", 
        "Mphil_Department" : "", 
        "Mphil_Class" : "", 
        "Mphil_Year_Of_Passing" : "", 
        "Mphil_College_Name" : "", 
        "Mphil_CGPA" : "", 
        "Mphil_Percentage" : "", 
        "Mphil_Medium" : "", 
        "PHD_Course" : "", 
        "PHD_Department" : "", 
        "PHD_Class" : "", 
        "PHD_Year_Of_Passing" : "", 
        "PHD_College_Name" : "", 
        "PHD_CGPA" : "", 
        "PHD_Percentage" : "", 
        "PHD_Medium" : "", 
        "Bed_Course" : "", 
        "Bed_Department" : "", 
        "Bed_Class" : "", 
        "Bed_Year_Of_Passing" : "", 
        "Bed_College_Name" : "", 
        "Bed_CGPA" : "", 
        "Bed_Percentage" : "", 
        "Bed_Medium" : "", 
        "Med_Course" : "", 
        "Med_Department" : "", 
        "Med_Class" : "", 
        "Med_Year_Of_Passing" : "", 
        "Med_College_Name" : "", 
        "Med_CGPA" : "", 
        "Med_Percentage" : "", 
        "Med_Medium" : "", 
        "Other1_Course" : "", 
        "Other1_Department" : "", 
        "Other1_Class" : "", 
        "Other1_Year_Of_Passing" : "", 
        "Other1_College_Name" : "", 
        "Other1_CGPA" : "", 
        "Other1_Percentage" : "", 
        "Other1_Medium" : "", 
        "Other2_Course" : "", 
        "Other2_Department" : "", 
        "Other2_Class" : "", 
        "Other2_Year_Of_Passing" : "", 
        "Other2_College_Name" : "", 
        "Other2_CGPA" : "", 
        "Other2_Percentage" : "", 
        "Other2_Medium" : "", 
        "Guide_ship" : "", 
        "Guide_ship_No" : "", 
        "SET_Qualified" : "No", 
        "SET_QualifiedYear" : ""
    }, 
    "Activity_Info" : {
        "Teaching_Experience" : [

        ], 
        "Industry_Experience" : [

        ], 
        "Patent" : [
            {
                "Title" : "", 
                "Investigators" : "", 
                "Patent_No" : "", 
                "Status" : ""
            }
        ], 
        "Achievements_Awards" : [
            {
                "Category" : "", 
                "Award_Achievement" : "", 
                "Year" : ""
            }
        ], 
        "Experience" : "Fresher", 
        "No_Of_FDP_Attended" : "23", 
        "No_Of_Workshop_Attended" : "3", 
        "No_Of_Conference_Attended" : "4", 
        "No_Of_Symposium_Attended" : "5", 
        "No_Of_FDP_Organized" : "3", 
        "No_Of_Workshop_Organized" : "4", 
        "No_Of_Conference_Organized" : "5", 
        "No_Of_Symposium_Organized" : "8", 
        "No_Of_Monograph_Published" : "8", 
        "No_Of_Books_Published" : "7", 
        "No_Of_Chapter_in_Inherited_Books" : "8", 
        "No_Of_Paper_Published_InJournals" : "9", 
        "No_Of_Papers_InConference" : "8", 
        "No_Of_Citations" : "8", 
        "No_Of_H_Index" : "9", 
        "No_Of_I10_Index" : "9", 
        "No_Of_Project_Guided_UG" : "25", 
        "No_Of_Project_Guided_PG" : "54", 
        "No_Of_Project_Guided_PHD" : "0", 
        "Research_Found" : "No", 
        "Research_Found_Amount" : "", 
        "Contact_Industries" : "No", 
        "Contact_Industries_Count" : "", 
        "Interested_Game" : "CRICKET", 
        "Activities" : "NAAC", 
        "Special_Achievements" : "NIL", 
        "Joining_Time" : "1 MONTH", 
        "Expected_Salary" : "300000"
    }, 
    "Reference_Info" : {
        "Family_in_SNS_Details" : [

        ], 
        "Family_in_SNS" : "No", 
        "Reference1_Name" : "", 
        "Reference2_Name" : "", 
        "Reference1_Designation" : "", 
        "Reference2_Designation" : "", 
        "Reference1_Organization" : "", 
        "Reference2_Organization" : "", 
        "Reference1_Contact_Number" : "", 
        "Reference2_Contact_Number" : "", 
        "Reference1_Email_Id" : "", 
        "Reference2_Email_Id" : "", 
        "Place" : "CBE", 
        "Date" : "2019-01-08T11:24:32.000Z"
    }, 
    "Files" : {
        "Cover_Later" : {
            "mimetype" : "application/pdf", 
            "filename" : "CoverLater_1546947091511.pdf", 
            "size" : NumberInt(94603)
        }, 
        "Photo" : {
            "mimetype" : "image/png", 
            "filename" : "CandidatePhoto_1546947091606.png", 
            "size" : NumberInt(94115)
        }, 
        "Signature" : {
            "mimetype" : "image/png", 
            "filename" : "CandidateSignature_1546947091638.png", 
            "size" : NumberInt(7953)
        }
    }, 
    "Referred_From" : {
        "Institution" : ObjectId("5bb4b3fa2bfdcb07d170cbe5"), 
        "User_Id" : ObjectId("5c34f0e605e9ee33e4a1dffa")
    }, 
    "Ref_ID" : "SNS 4/D1/1547020993812", 
    "FormType" : "Type_4", 
    "Current_Status" : "Accepted", 
    "Current_Stage" : "Stage_2", 
    "Status" : "Active", 
    "If_Referred_Accepted" : true, 
    "If_Referred_From" : true, 
    "If_Referred_To" : true, 
    "createdAt" : ISODate("2019-01-08T11:31:31.663+0000"), 
    "updatedAt" : ISODate("2019-01-09T09:43:27.505+0000"), 
    "__v" : NumberInt(0), 
    "Accepted_Date" : ISODate("2019-01-09T08:04:16.114+0000"), 
    "Referred_To" : {
        "Department" : ObjectId("5bb4b3992bfdcb07d170cbe0"), 
        "Institution" : ObjectId("5bb4b3fa2bfdcb07d170cbe5"), 
        "User_Id" : ObjectId("5b8ab11e20d47b1298e83d17")
    }
},
{ 
    "_id" : ObjectId("5c35ad407ce21d0f8cb4f7a7"), 
    "Basic_Info" : {
        "Institution" : ObjectId("5c2c7badeb301d0f68f03f8e"), 
        "Post_Applied" : ObjectId("5c32ea832b668d08b0783b8d"), 
        "Department" : ObjectId("5bc41027125a73061dfa0e45"), 
        "Preferred_Subject_1" : "", 
        "Preferred_Subject_2" : "", 
        "Preferred_Subject_3" : ""
    }, 
    "Personal_Info" : {
        "kids_List" : [

        ], 
        "Name" : "G.Karthikeyan", 
        "DOB" : ISODate("1994-12-20T18:30:00.000+0000"), 
        "Age" : "24", 
        "Gender" : "Male", 
        "Place_of_Birth" : "coimbatore", 
        "Nationality" : "Indian", 
        "Religion" : "Hindu", 
        "Community" : "BC", 
        "Caste" : "Kongu vellalar gounder", 
        "Aadhar_No" : "", 
        "PAN_No" : "-", 
        "Contact_No" : "8122744752", 
        "Email" : "karthik12eca33@gmail.com", 
        "Permanent_Door_No" : "5/2-1", 
        "Permanent_Street" : "amman nagar, verapandi pirivu", 
        "Permanent_City" : "coimbatore", 
        "Permanent_Sate" : "Tamil Nadu", 
        "Permanent_Pin_Code" : "641019", 
        "Address_Same" : "true", 
        "Present_Door_No" : "5/2-1", 
        "Present_Street" : "amman nagar, verapandi pirivu", 
        "Present_City" : "coimbatore", 
        "Present_Sate" : "Tamil Nadu", 
        "Present_Pin_Code" : "641019", 
        "Marital_Status" : "Single", 
        "Father_Name" : "K.gurusamy", 
        "Father_Designation" : "General manager", 
        "Father_Organization" : "sakthi auto componet (mahalingam groups)", 
        "Father_Locality" : "avinashi", 
        "Mother_Name" : "G.Deivanai", 
        "Mother_Designation" : "house wife", 
        "Mother_Organization" : "", 
        "Mother_Locality" : "", 
        "Spouse_Name" : "", 
        "Spouse_Designation" : "", 
        "Spouse_Organization" : "", 
        "Spouse_Locality" : "", 
        "No_Of_Siblings" : "1", 
        "No_Of_Kids" : ""
    }, 
    "Education_Info" : {
        "Sslc_School" : "Kongu vellalar Mat.Hr.sec.school", 
        "Sslc_Medium" : "English", 
        "Sslc_Year_Of_Passing" : "2010", 
        "Sslc_Percentage" : "91", 
        "Hsc_School" : "Kongu vellalar Mat.Hr.sec.school", 
        "Hsc_Medium" : "English", 
        "Hsc_Year_Of_Passing" : "2012", 
        "Hsc_Percentage" : "81", 
        "UG_Course" : "BE/B.Tech", 
        "UG_Department" : "ECE", 
        "UG_Class" : "II Class", 
        "UG_Year_Of_Passing" : "2016", 
        "UG_College_Name" : "Kgisl institute of technology", 
        "UG_CGPA" : "6", 
        "UG_Percentage" : "60", 
        "UG_Medium" : "English", 
        "PG_Course" : "ME/M.Tech", 
        "PG_Department" : "Communication systems", 
        "PG_Class" : "I Class", 
        "PG_Year_Of_Passing" : "2018", 
        "PG_College_Name" : "Kumaraguru college of technology", 
        "PG_CGPA" : "7.8", 
        "PG_Percentage" : "70.8", 
        "PG_Medium" : "English", 
        "Mphil_Course" : "", 
        "Mphil_Department" : "", 
        "Mphil_Class" : "", 
        "Mphil_Year_Of_Passing" : "", 
        "Mphil_College_Name" : "", 
        "Mphil_CGPA" : "", 
        "Mphil_Percentage" : "", 
        "Mphil_Medium" : "", 
        "PHD_Course" : "", 
        "PHD_Department" : "", 
        "PHD_Class" : "", 
        "PHD_Year_Of_Passing" : "", 
        "PHD_College_Name" : "", 
        "PHD_CGPA" : "", 
        "PHD_Percentage" : "", 
        "PHD_Medium" : "", 
        "Bed_Course" : "", 
        "Bed_Department" : "", 
        "Bed_Class" : "", 
        "Bed_Year_Of_Passing" : "", 
        "Bed_College_Name" : "", 
        "Bed_CGPA" : "", 
        "Bed_Percentage" : "", 
        "Bed_Medium" : "", 
        "Med_Course" : "", 
        "Med_Department" : "", 
        "Med_Class" : "", 
        "Med_Year_Of_Passing" : "", 
        "Med_College_Name" : "", 
        "Med_CGPA" : "", 
        "Med_Percentage" : "", 
        "Med_Medium" : "", 
        "Other1_Course" : "", 
        "Other1_Department" : "", 
        "Other1_Class" : "", 
        "Other1_Year_Of_Passing" : "", 
        "Other1_College_Name" : "", 
        "Other1_CGPA" : "", 
        "Other1_Percentage" : "", 
        "Other1_Medium" : "", 
        "Other2_Course" : "", 
        "Other2_Department" : "", 
        "Other2_Class" : "", 
        "Other2_Year_Of_Passing" : "", 
        "Other2_College_Name" : "", 
        "Other2_CGPA" : "", 
        "Other2_Percentage" : "", 
        "Other2_Medium" : "", 
        "Guide_ship" : "No", 
        "Guide_ship_No" : "", 
        "SET_Qualified" : "No", 
        "SET_QualifiedYear" : ""
    }, 
    "Activity_Info" : {
        "Teaching_Experience" : [

        ], 
        "Industry_Experience" : [

        ], 
        "Patent" : [
            {
                "Title" : "", 
                "Investigators" : "", 
                "Patent_No" : "", 
                "Status" : ""
            }
        ], 
        "Achievements_Awards" : [
            {
                "Category" : "", 
                "Award_Achievement" : "", 
                "Year" : ""
            }
        ], 
        "Experience" : "Fresher", 
        "No_Of_FDP_Attended" : "", 
        "No_Of_Workshop_Attended" : "4", 
        "No_Of_Conference_Attended" : "3", 
        "No_Of_Symposium_Attended" : "", 
        "No_Of_FDP_Organized" : "", 
        "No_Of_Workshop_Organized" : "", 
        "No_Of_Conference_Organized" : "", 
        "No_Of_Symposium_Organized" : "", 
        "No_Of_Monograph_Published" : "", 
        "No_Of_Books_Published" : "", 
        "No_Of_Chapter_in_Inherited_Books" : "", 
        "No_Of_Paper_Published_InJournals" : "3", 
        "No_Of_Papers_InConference" : "2", 
        "No_Of_Citations" : "", 
        "No_Of_H_Index" : "", 
        "No_Of_I10_Index" : "", 
        "No_Of_Project_Guided_UG" : "1", 
        "No_Of_Project_Guided_PG" : "1", 
        "No_Of_Project_Guided_PHD" : "", 
        "Research_Found" : "No", 
        "Research_Found_Amount" : "", 
        "Contact_Industries" : "No", 
        "Contact_Industries_Count" : "", 
        "Interested_Game" : "Carrom borad", 
        "Activities" : "", 
        "Special_Achievements" : "", 
        "Joining_Time" : "Immediate", 
        "Expected_Salary" : "15,000-18,000"
    }, 
    "Reference_Info" : {
        "Family_in_SNS_Details" : [

        ], 
        "Family_in_SNS" : "", 
        "Reference1_Name" : "K.Kavitha", 
        "Reference2_Name" : "R.Hemalatha", 
        "Reference1_Designation" : "Professor", 
        "Reference2_Designation" : "Associate Professor", 
        "Reference1_Organization" : "Kumaraguru college of technology", 
        "Reference2_Organization" : "Kumaraguru college of technology", 
        "Reference1_Contact_Number" : "9442215734", 
        "Reference2_Contact_Number" : "9500976737", 
        "Reference1_Email_Id" : "kavitha.k@kct.ac.im", 
        "Reference2_Email_Id" : "hemalatha.r@kct.ac.in", 
        "Place" : "Coimbatore", 
        "Date" : "2019-01-09T08:00:13.000Z"
    }, 
    "Files" : {
        "Cover_Later" : {
            "mimetype" : "application/pdf", 
            "filename" : "CoverLater_1547021618118.pdf", 
            "size" : NumberInt(249781)
        }, 
        "Photo" : {
            "mimetype" : "image/jpeg", 
            "filename" : "CandidatePhoto_1547021625045.png", 
            "size" : NumberInt(109675)
        }, 
        "Signature" : {
            "mimetype" : "image/jpeg", 
            "filename" : "CandidateSignature_1547021632417.png", 
            "size" : NumberInt(10982)
        }
    }, 
    "Accepted_Date" : null, 
    "Ref_ID" : "SNS 1/D4/1547021632861", 
    "FormType" : "Type_1", 
    "Current_Status" : "Applied", 
    "Current_Stage" : "Stage_1", 
    "Status" : "Active", 
    "If_Referred_Accepted" : false, 
    "If_Referred_From" : false, 
    "If_Referred_To" : false, 
    "createdAt" : ISODate("2019-01-09T08:13:52.884+0000"), 
    "updatedAt" : ISODate("2019-01-09T08:13:52.884+0000"), 
    "__v" : NumberInt(0)
},
{ 
    "_id" : ObjectId("5c35af697ce21d0f8cb4f7a8"), 
    "Basic_Info" : {
        "Institution" : ObjectId("5bb4b3fa2bfdcb07d170cbe5"), 
        "Post_Applied" : ObjectId("5c32ea832b668d08b0783b8d"), 
        "Department" : ObjectId("5bc41027125a73061dfa0e45"), 
        "Preferred_Subject_1" : "", 
        "Preferred_Subject_2" : "", 
        "Preferred_Subject_3" : ""
    }, 
    "Personal_Info" : {
        "kids_List" : [

        ], 
        "Name" : "G.KArthikeyan", 
        "DOB" : ISODate("1994-12-20T18:30:00.000+0000"), 
        "Age" : "24", 
        "Gender" : "Male", 
        "Place_of_Birth" : "Coimbatore", 
        "Nationality" : "Indian", 
        "Religion" : "Hindu", 
        "Community" : "BC", 
        "Caste" : "Kongu vellalar gounder", 
        "Aadhar_No" : "", 
        "PAN_No" : "nil", 
        "Contact_No" : "7339364998", 
        "Email" : "karthik.sunil94@gmail.com", 
        "Permanent_Door_No" : "1/1144", 
        "Permanent_Street" : "Alli nagar, Periyamatham palayam", 
        "Permanent_City" : "coimbatore", 
        "Permanent_Sate" : "Tamil Nadu", 
        "Permanent_Pin_Code" : "641019", 
        "Address_Same" : "true", 
        "Present_Door_No" : "1/1144", 
        "Present_Street" : "Alli nagar, Periyamatham palayam", 
        "Present_City" : "coimbatore", 
        "Present_Sate" : "Tamil Nadu", 
        "Present_Pin_Code" : "641019", 
        "Marital_Status" : "Single", 
        "Father_Name" : "K.Gurusamy", 
        "Father_Designation" : "General Manager", 
        "Father_Organization" : "Sakthi auto components", 
        "Father_Locality" : "Avinashi", 
        "Mother_Name" : "G.Deivanai", 
        "Mother_Designation" : "House wife", 
        "Mother_Organization" : "", 
        "Mother_Locality" : "", 
        "Spouse_Name" : "", 
        "Spouse_Designation" : "", 
        "Spouse_Organization" : "", 
        "Spouse_Locality" : "", 
        "No_Of_Siblings" : "1", 
        "No_Of_Kids" : ""
    }, 
    "Education_Info" : {
        "Sslc_School" : "Kongu vellalar Mat.Hr.sec.school", 
        "Sslc_Medium" : "English", 
        "Sslc_Year_Of_Passing" : "2010", 
        "Sslc_Percentage" : "91", 
        "Hsc_School" : "Kongu vellalar Mat.Hr.sec.school", 
        "Hsc_Medium" : "English", 
        "Hsc_Year_Of_Passing" : "2012", 
        "Hsc_Percentage" : "81", 
        "UG_Course" : "BE/B.Tech", 
        "UG_Department" : "ECE", 
        "UG_Class" : "II Class", 
        "UG_Year_Of_Passing" : "2016", 
        "UG_College_Name" : "Kgisl institute of technology", 
        "UG_CGPA" : "6", 
        "UG_Percentage" : "60", 
        "UG_Medium" : "English", 
        "PG_Course" : "ME/M.Tech", 
        "PG_Department" : "Communication systems", 
        "PG_Class" : "I Class", 
        "PG_Year_Of_Passing" : "2018", 
        "PG_College_Name" : "Kumaraguru college of technology", 
        "PG_CGPA" : "7.8", 
        "PG_Percentage" : "70.8", 
        "PG_Medium" : "English", 
        "Mphil_Course" : "", 
        "Mphil_Department" : "", 
        "Mphil_Class" : "", 
        "Mphil_Year_Of_Passing" : "", 
        "Mphil_College_Name" : "", 
        "Mphil_CGPA" : "", 
        "Mphil_Percentage" : "", 
        "Mphil_Medium" : "", 
        "PHD_Course" : "", 
        "PHD_Department" : "", 
        "PHD_Class" : "", 
        "PHD_Year_Of_Passing" : "", 
        "PHD_College_Name" : "", 
        "PHD_CGPA" : "", 
        "PHD_Percentage" : "", 
        "PHD_Medium" : "", 
        "Bed_Course" : "", 
        "Bed_Department" : "", 
        "Bed_Class" : "", 
        "Bed_Year_Of_Passing" : "", 
        "Bed_College_Name" : "", 
        "Bed_CGPA" : "", 
        "Bed_Percentage" : "", 
        "Bed_Medium" : "", 
        "Med_Course" : "", 
        "Med_Department" : "", 
        "Med_Class" : "", 
        "Med_Year_Of_Passing" : "", 
        "Med_College_Name" : "", 
        "Med_CGPA" : "", 
        "Med_Percentage" : "", 
        "Med_Medium" : "", 
        "Other1_Course" : "", 
        "Other1_Department" : "", 
        "Other1_Class" : "", 
        "Other1_Year_Of_Passing" : "", 
        "Other1_College_Name" : "", 
        "Other1_CGPA" : "", 
        "Other1_Percentage" : "", 
        "Other1_Medium" : "", 
        "Other2_Course" : "", 
        "Other2_Department" : "", 
        "Other2_Class" : "", 
        "Other2_Year_Of_Passing" : "", 
        "Other2_College_Name" : "", 
        "Other2_CGPA" : "", 
        "Other2_Percentage" : "", 
        "Other2_Medium" : "", 
        "Guide_ship" : "No", 
        "Guide_ship_No" : "", 
        "SET_Qualified" : "No", 
        "SET_QualifiedYear" : ""
    }, 
    "Activity_Info" : {
        "Teaching_Experience" : [

        ], 
        "Industry_Experience" : [

        ], 
        "Patent" : [
            {
                "Title" : "", 
                "Investigators" : "", 
                "Patent_No" : "", 
                "Status" : ""
            }
        ], 
        "Achievements_Awards" : [
            {
                "Category" : "", 
                "Award_Achievement" : "", 
                "Year" : ""
            }
        ], 
        "Experience" : "Fresher", 
        "No_Of_FDP_Attended" : "", 
        "No_Of_Workshop_Attended" : "", 
        "No_Of_Conference_Attended" : "", 
        "No_Of_Symposium_Attended" : "", 
        "No_Of_FDP_Organized" : "", 
        "No_Of_Workshop_Organized" : "4", 
        "No_Of_Conference_Organized" : "3", 
        "No_Of_Symposium_Organized" : "", 
        "No_Of_Monograph_Published" : "", 
        "No_Of_Books_Published" : "", 
        "No_Of_Chapter_in_Inherited_Books" : "", 
        "No_Of_Paper_Published_InJournals" : "3", 
        "No_Of_Papers_InConference" : "2", 
        "No_Of_Citations" : "", 
        "No_Of_H_Index" : "", 
        "No_Of_I10_Index" : "", 
        "No_Of_Project_Guided_UG" : "1", 
        "No_Of_Project_Guided_PG" : "1", 
        "No_Of_Project_Guided_PHD" : "", 
        "Research_Found" : "No", 
        "Research_Found_Amount" : "", 
        "Contact_Industries" : "No", 
        "Contact_Industries_Count" : "", 
        "Interested_Game" : "", 
        "Activities" : "", 
        "Special_Achievements" : "", 
        "Joining_Time" : "Immediately", 
        "Expected_Salary" : "15,000-18,000"
    }, 
    "Reference_Info" : {
        "Family_in_SNS_Details" : [

        ], 
        "Family_in_SNS" : "", 
        "Reference1_Name" : "K.Kavitha", 
        "Reference2_Name" : "R.Hemalatha", 
        "Reference1_Designation" : "Professor", 
        "Reference2_Designation" : "Associate Professor", 
        "Reference1_Organization" : "Kumaraguru college of technology", 
        "Reference2_Organization" : "Kumaraguru college of technology", 
        "Reference1_Contact_Number" : "9442215734", 
        "Reference2_Contact_Number" : "9500976737", 
        "Reference1_Email_Id" : "kavitha.k@kct.ac.in", 
        "Reference2_Email_Id" : "hemalatha.r@kct.ac.in", 
        "Place" : "Coimbatore", 
        "Date" : "2019-01-09T08:00:13.000Z"
    }, 
    "Files" : {
        "Cover_Later" : {
            "mimetype" : "application/pdf", 
            "filename" : "CoverLater_1547022182495.pdf", 
            "size" : NumberInt(249781)
        }, 
        "Photo" : {
            "mimetype" : "image/jpeg", 
            "filename" : "CandidatePhoto_1547022184598.png", 
            "size" : NumberInt(109675)
        }, 
        "Signature" : {
            "mimetype" : "image/jpeg", 
            "filename" : "CandidateSignature_1547022185306.png", 
            "size" : NumberInt(10982)
        }
    }, 
    "Accepted_Date" : null, 
    "Ref_ID" : "SNS 3/D4/1547022185426", 
    "FormType" : "Type_1", 
    "Current_Status" : "Applied", 
    "Current_Stage" : "Stage_1", 
    "Status" : "Active", 
    "If_Referred_Accepted" : false, 
    "If_Referred_From" : false, 
    "If_Referred_To" : false, 
    "createdAt" : ISODate("2019-01-09T08:23:05.447+0000"), 
    "updatedAt" : ISODate("2019-01-09T08:23:05.447+0000"), 
    "__v" : NumberInt(0)
},
{ 
    "_id" : ObjectId("5c35c23fd6ca11093bc2266a"), 
    "Basic_Info" : {
        "Institution" : ObjectId("5bb4b3fa2bfdcb07d170cbe5"), 
        "Post_Applied" : ObjectId("5c32ea832b668d08b0783b8d"), 
        "Department" : ObjectId("5bb4b3992bfdcb07d170cbe0"), 
        "Preferred_Subject_1" : "physics", 
        "Preferred_Subject_2" : "", 
        "Preferred_Subject_3" : ""
    }, 
    "Personal_Info" : {
        "kids_List" : [

        ], 
        "Name" : "GGGG", 
        "DOB" : ISODate("1981-05-11T18:30:00.000+0000"), 
        "Age" : "37", 
        "Gender" : "Male", 
        "Place_of_Birth" : "CBE", 
        "Nationality" : "Indian", 
        "Religion" : "Hindu", 
        "Community" : "BC", 
        "Caste" : "CCCC", 
        "Aadhar_No" : "", 
        "PAN_No" : "ASDR3752L", 
        "Contact_No" : "9698529745", 
        "Email" : "kathiraashi@gmail.com", 
        "Permanent_Door_No" : "34", 
        "Permanent_Street" : "DSL STREET", 
        "Permanent_City" : "CBE", 
        "Permanent_Sate" : "Tamil Nadu", 
        "Permanent_Pin_Code" : "641107", 
        "Address_Same" : "true", 
        "Present_Door_No" : "34", 
        "Present_Street" : "DSL STREET", 
        "Present_City" : "CBE", 
        "Present_Sate" : "Tamil Nadu", 
        "Present_Pin_Code" : "641107", 
        "Marital_Status" : "Single", 
        "Father_Name" : "DFDFDF", 
        "Father_Designation" : "physics", 
        "Father_Organization" : "", 
        "Father_Locality" : "", 
        "Mother_Name" : "SSSS", 
        "Mother_Designation" : "physics", 
        "Mother_Organization" : "", 
        "Mother_Locality" : "", 
        "Spouse_Name" : "", 
        "Spouse_Designation" : "", 
        "Spouse_Organization" : "", 
        "Spouse_Locality" : "", 
        "No_Of_Siblings" : "", 
        "No_Of_Kids" : ""
    }, 
    "Education_Info" : {
        "Sslc_School" : "DSDSD", 
        "Sslc_Medium" : "English", 
        "Sslc_Year_Of_Passing" : "2010", 
        "Sslc_Percentage" : "58", 
        "Hsc_School" : "DFDF", 
        "Hsc_Medium" : "English", 
        "Hsc_Year_Of_Passing" : "2007", 
        "Hsc_Percentage" : "74", 
        "UG_Course" : "BSc", 
        "UG_Department" : "physics", 
        "UG_Class" : "FWD*", 
        "UG_Year_Of_Passing" : "2010", 
        "UG_College_Name" : "SNS", 
        "UG_CGPA" : "", 
        "UG_Percentage" : "74", 
        "UG_Medium" : "English", 
        "PG_Course" : "", 
        "PG_Department" : "", 
        "PG_Class" : "", 
        "PG_Year_Of_Passing" : "", 
        "PG_College_Name" : "", 
        "PG_CGPA" : "", 
        "PG_Percentage" : "", 
        "PG_Medium" : "", 
        "Mphil_Course" : "", 
        "Mphil_Department" : "", 
        "Mphil_Class" : "", 
        "Mphil_Year_Of_Passing" : "", 
        "Mphil_College_Name" : "", 
        "Mphil_CGPA" : "", 
        "Mphil_Percentage" : "", 
        "Mphil_Medium" : "", 
        "PHD_Course" : "", 
        "PHD_Department" : "", 
        "PHD_Class" : "", 
        "PHD_Year_Of_Passing" : "", 
        "PHD_College_Name" : "", 
        "PHD_CGPA" : "", 
        "PHD_Percentage" : "", 
        "PHD_Medium" : "", 
        "Bed_Course" : "", 
        "Bed_Department" : "", 
        "Bed_Class" : "", 
        "Bed_Year_Of_Passing" : "", 
        "Bed_College_Name" : "", 
        "Bed_CGPA" : "", 
        "Bed_Percentage" : "", 
        "Bed_Medium" : "", 
        "Med_Course" : "", 
        "Med_Department" : "", 
        "Med_Class" : "", 
        "Med_Year_Of_Passing" : "", 
        "Med_College_Name" : "", 
        "Med_CGPA" : "", 
        "Med_Percentage" : "", 
        "Med_Medium" : "", 
        "Other1_Course" : "", 
        "Other1_Department" : "", 
        "Other1_Class" : "", 
        "Other1_Year_Of_Passing" : "", 
        "Other1_College_Name" : "", 
        "Other1_CGPA" : "", 
        "Other1_Percentage" : "", 
        "Other1_Medium" : "", 
        "Other2_Course" : "", 
        "Other2_Department" : "", 
        "Other2_Class" : "", 
        "Other2_Year_Of_Passing" : "", 
        "Other2_College_Name" : "", 
        "Other2_CGPA" : "", 
        "Other2_Percentage" : "", 
        "Other2_Medium" : "", 
        "Guide_ship" : "", 
        "Guide_ship_No" : "", 
        "SET_Qualified" : "No", 
        "SET_QualifiedYear" : ""
    }, 
    "Activity_Info" : {
        "Teaching_Experience" : [

        ], 
        "Industry_Experience" : [

        ], 
        "Patent" : [
            {
                "Title" : "", 
                "Investigators" : "", 
                "Patent_No" : "", 
                "Status" : ""
            }
        ], 
        "Achievements_Awards" : [
            {
                "Category" : "", 
                "Award_Achievement" : "", 
                "Year" : ""
            }
        ], 
        "Experience" : "Fresher", 
        "No_Of_FDP_Attended" : "23", 
        "No_Of_Workshop_Attended" : "3", 
        "No_Of_Conference_Attended" : "4", 
        "No_Of_Symposium_Attended" : "5", 
        "No_Of_FDP_Organized" : "3", 
        "No_Of_Workshop_Organized" : "4", 
        "No_Of_Conference_Organized" : "5", 
        "No_Of_Symposium_Organized" : "8", 
        "No_Of_Monograph_Published" : "8", 
        "No_Of_Books_Published" : "7", 
        "No_Of_Chapter_in_Inherited_Books" : "8", 
        "No_Of_Paper_Published_InJournals" : "9", 
        "No_Of_Papers_InConference" : "8", 
        "No_Of_Citations" : "8", 
        "No_Of_H_Index" : "9", 
        "No_Of_I10_Index" : "9", 
        "No_Of_Project_Guided_UG" : "25", 
        "No_Of_Project_Guided_PG" : "54", 
        "No_Of_Project_Guided_PHD" : "0", 
        "Research_Found" : "No", 
        "Research_Found_Amount" : "", 
        "Contact_Industries" : "No", 
        "Contact_Industries_Count" : "", 
        "Interested_Game" : "CRICKET", 
        "Activities" : "NAAC", 
        "Special_Achievements" : "NIL", 
        "Joining_Time" : "1 MONTH", 
        "Expected_Salary" : "300000"
    }, 
    "Reference_Info" : {
        "Family_in_SNS_Details" : [

        ], 
        "Family_in_SNS" : "No", 
        "Reference1_Name" : "", 
        "Reference2_Name" : "", 
        "Reference1_Designation" : "", 
        "Reference2_Designation" : "", 
        "Reference1_Organization" : "", 
        "Reference2_Organization" : "", 
        "Reference1_Contact_Number" : "", 
        "Reference2_Contact_Number" : "", 
        "Reference1_Email_Id" : "", 
        "Reference2_Email_Id" : "", 
        "Place" : "CBE", 
        "Date" : "2019-01-08T11:24:32.000Z"
    }, 
    "Files" : {
        "Cover_Later" : {
            "mimetype" : "application/pdf", 
            "filename" : "CoverLater_1546947091511.pdf", 
            "size" : NumberInt(94603)
        }, 
        "Photo" : {
            "mimetype" : "image/png", 
            "filename" : "CandidatePhoto_1546947091606.png", 
            "size" : NumberInt(94115)
        }, 
        "Signature" : {
            "mimetype" : "image/png", 
            "filename" : "CandidateSignature_1546947091638.png", 
            "size" : NumberInt(7953)
        }
    }, 
    "Referred_From" : {
        "Institution" : ObjectId("5c2c7af0eb301d0f68f03f8d"), 
        "User_Id" : ObjectId("5b8ab11e20d47b1298e83d17")
    }, 
    "Ref_ID" : "SNS 3/D2/1547027007741", 
    "FormType" : "Type_4", 
    "Current_Status" : "Exam Assigned", 
    "Current_Stage" : "Stage_3", 
    "Status" : "Active", 
    "If_Referred_Accepted" : true, 
    "If_Referred_From" : true, 
    "If_Referred_To" : true, 
    "createdAt" : ISODate("2019-01-08T11:31:31.663+0000"), 
    "updatedAt" : ISODate("2019-01-09T14:57:03.962+0000"), 
    "__v" : NumberInt(0), 
    "Accepted_Date" : ISODate("2019-01-09T09:44:58.398+0000"), 
    "Referred_To" : {
        "Department" : ObjectId("5bc4112b125a73061dfa0e48"), 
        "Institution" : ObjectId("5bb4b4112bfdcb07d170cbe6"), 
        "User_Id" : ObjectId("5b8ab11e20d47b1298e83d17")
    }
},
{ 
    "_id" : ObjectId("5c360bc077761d1b28244f63"), 
    "Basic_Info" : {
        "Institution" : ObjectId("5bb4b4112bfdcb07d170cbe6"), 
        "Post_Applied" : ObjectId("5c32ea722b668d08b0783b8c"), 
        "Department" : ObjectId("5bc4112b125a73061dfa0e48"), 
        "Preferred_Subject_1" : "physics", 
        "Preferred_Subject_2" : "", 
        "Preferred_Subject_3" : ""
    }, 
    "Personal_Info" : {
        "kids_List" : [

        ], 
        "Name" : "GGGG", 
        "DOB" : ISODate("1981-05-11T18:30:00.000+0000"), 
        "Age" : "37", 
        "Gender" : "Male", 
        "Place_of_Birth" : "CBE", 
        "Nationality" : "Indian", 
        "Religion" : "Hindu", 
        "Community" : "BC", 
        "Caste" : "CCCC", 
        "Aadhar_No" : "", 
        "PAN_No" : "ASDR3752L", 
        "Contact_No" : "9698529745", 
        "Email" : "kathiraashi@gmail.com", 
        "Permanent_Door_No" : "34", 
        "Permanent_Street" : "DSL STREET", 
        "Permanent_City" : "CBE", 
        "Permanent_Sate" : "Tamil Nadu", 
        "Permanent_Pin_Code" : "641107", 
        "Address_Same" : "true", 
        "Present_Door_No" : "34", 
        "Present_Street" : "DSL STREET", 
        "Present_City" : "CBE", 
        "Present_Sate" : "Tamil Nadu", 
        "Present_Pin_Code" : "641107", 
        "Marital_Status" : "Single", 
        "Father_Name" : "DFDFDF", 
        "Father_Designation" : "physics", 
        "Father_Organization" : "", 
        "Father_Locality" : "", 
        "Mother_Name" : "SSSS", 
        "Mother_Designation" : "physics", 
        "Mother_Organization" : "", 
        "Mother_Locality" : "", 
        "Spouse_Name" : "", 
        "Spouse_Designation" : "", 
        "Spouse_Organization" : "", 
        "Spouse_Locality" : "", 
        "No_Of_Siblings" : "", 
        "No_Of_Kids" : ""
    }, 
    "Education_Info" : {
        "Sslc_School" : "DSDSD", 
        "Sslc_Medium" : "English", 
        "Sslc_Year_Of_Passing" : "2010", 
        "Sslc_Percentage" : "58", 
        "Hsc_School" : "DFDF", 
        "Hsc_Medium" : "English", 
        "Hsc_Year_Of_Passing" : "2007", 
        "Hsc_Percentage" : "74", 
        "UG_Course" : "BSc", 
        "UG_Department" : "physics", 
        "UG_Class" : "FWD*", 
        "UG_Year_Of_Passing" : "2010", 
        "UG_College_Name" : "SNS", 
        "UG_CGPA" : "", 
        "UG_Percentage" : "74", 
        "UG_Medium" : "English", 
        "PG_Course" : "", 
        "PG_Department" : "", 
        "PG_Class" : "", 
        "PG_Year_Of_Passing" : "", 
        "PG_College_Name" : "", 
        "PG_CGPA" : "", 
        "PG_Percentage" : "", 
        "PG_Medium" : "", 
        "Mphil_Course" : "", 
        "Mphil_Department" : "", 
        "Mphil_Class" : "", 
        "Mphil_Year_Of_Passing" : "", 
        "Mphil_College_Name" : "", 
        "Mphil_CGPA" : "", 
        "Mphil_Percentage" : "", 
        "Mphil_Medium" : "", 
        "PHD_Course" : "", 
        "PHD_Department" : "", 
        "PHD_Class" : "", 
        "PHD_Year_Of_Passing" : "", 
        "PHD_College_Name" : "", 
        "PHD_CGPA" : "", 
        "PHD_Percentage" : "", 
        "PHD_Medium" : "", 
        "Bed_Course" : "", 
        "Bed_Department" : "", 
        "Bed_Class" : "", 
        "Bed_Year_Of_Passing" : "", 
        "Bed_College_Name" : "", 
        "Bed_CGPA" : "", 
        "Bed_Percentage" : "", 
        "Bed_Medium" : "", 
        "Med_Course" : "", 
        "Med_Department" : "", 
        "Med_Class" : "", 
        "Med_Year_Of_Passing" : "", 
        "Med_College_Name" : "", 
        "Med_CGPA" : "", 
        "Med_Percentage" : "", 
        "Med_Medium" : "", 
        "Other1_Course" : "", 
        "Other1_Department" : "", 
        "Other1_Class" : "", 
        "Other1_Year_Of_Passing" : "", 
        "Other1_College_Name" : "", 
        "Other1_CGPA" : "", 
        "Other1_Percentage" : "", 
        "Other1_Medium" : "", 
        "Other2_Course" : "", 
        "Other2_Department" : "", 
        "Other2_Class" : "", 
        "Other2_Year_Of_Passing" : "", 
        "Other2_College_Name" : "", 
        "Other2_CGPA" : "", 
        "Other2_Percentage" : "", 
        "Other2_Medium" : "", 
        "Guide_ship" : "", 
        "Guide_ship_No" : "", 
        "SET_Qualified" : "No", 
        "SET_QualifiedYear" : ""
    }, 
    "Activity_Info" : {
        "Teaching_Experience" : [

        ], 
        "Industry_Experience" : [

        ], 
        "Patent" : [
            {
                "Title" : "", 
                "Investigators" : "", 
                "Patent_No" : "", 
                "Status" : ""
            }
        ], 
        "Achievements_Awards" : [
            {
                "Category" : "", 
                "Award_Achievement" : "", 
                "Year" : ""
            }
        ], 
        "Experience" : "Fresher", 
        "No_Of_FDP_Attended" : "23", 
        "No_Of_Workshop_Attended" : "3", 
        "No_Of_Conference_Attended" : "4", 
        "No_Of_Symposium_Attended" : "5", 
        "No_Of_FDP_Organized" : "3", 
        "No_Of_Workshop_Organized" : "4", 
        "No_Of_Conference_Organized" : "5", 
        "No_Of_Symposium_Organized" : "8", 
        "No_Of_Monograph_Published" : "8", 
        "No_Of_Books_Published" : "7", 
        "No_Of_Chapter_in_Inherited_Books" : "8", 
        "No_Of_Paper_Published_InJournals" : "9", 
        "No_Of_Papers_InConference" : "8", 
        "No_Of_Citations" : "8", 
        "No_Of_H_Index" : "9", 
        "No_Of_I10_Index" : "9", 
        "No_Of_Project_Guided_UG" : "25", 
        "No_Of_Project_Guided_PG" : "54", 
        "No_Of_Project_Guided_PHD" : "0", 
        "Research_Found" : "No", 
        "Research_Found_Amount" : "", 
        "Contact_Industries" : "No", 
        "Contact_Industries_Count" : "", 
        "Interested_Game" : "CRICKET", 
        "Activities" : "NAAC", 
        "Special_Achievements" : "NIL", 
        "Joining_Time" : "1 MONTH", 
        "Expected_Salary" : "300000"
    }, 
    "Reference_Info" : {
        "Family_in_SNS_Details" : [

        ], 
        "Family_in_SNS" : "No", 
        "Reference1_Name" : "", 
        "Reference2_Name" : "", 
        "Reference1_Designation" : "", 
        "Reference2_Designation" : "", 
        "Reference1_Organization" : "", 
        "Reference2_Organization" : "", 
        "Reference1_Contact_Number" : "", 
        "Reference2_Contact_Number" : "", 
        "Reference1_Email_Id" : "", 
        "Reference2_Email_Id" : "", 
        "Place" : "CBE", 
        "Date" : "2019-01-08T11:24:32.000Z"
    }, 
    "Files" : {
        "Cover_Later" : {
            "mimetype" : "application/pdf", 
            "filename" : "CoverLater_1546947091511.pdf", 
            "size" : NumberInt(94603)
        }, 
        "Photo" : {
            "mimetype" : "image/png", 
            "filename" : "CandidatePhoto_1546947091606.png", 
            "size" : NumberInt(94115)
        }, 
        "Signature" : {
            "mimetype" : "image/png", 
            "filename" : "CandidateSignature_1546947091638.png", 
            "size" : NumberInt(7953)
        }
    }, 
    "Referred_From" : {
        "Institution" : ObjectId("5bb4b3fa2bfdcb07d170cbe5"), 
        "User_Id" : ObjectId("5b8ab11e20d47b1298e83d17")
    }, 
    "Ref_ID" : "SNS 1/A1/1547045824222", 
    "FormType" : "Type_4", 
    "Current_Status" : "Referred Accepted", 
    "Current_Stage" : "Stage_1", 
    "Status" : "Active", 
    "If_Referred_Accepted" : true, 
    "If_Referred_From" : true, 
    "If_Referred_To" : false, 
    "createdAt" : ISODate("2019-01-08T11:31:31.663+0000"), 
    "updatedAt" : ISODate("2019-01-09T14:57:37.411+0000"), 
    "__v" : NumberInt(0), 
    "Accepted_Date" : null
},
{ 
    "_id" : ObjectId("5c43021f6689c920c4493d06"), 
    "Basic_Info" : {
        "Institution" : ObjectId("5c2c7badeb301d0f68f03f8e"), 
        "Post_Applied" : ObjectId("5c32ea722b668d08b0783b8c"), 
        "Department" : ObjectId("5bc41040125a73061dfa0e46"), 
        "Preferred_Subject_1" : "", 
        "Preferred_Subject_2" : "", 
        "Preferred_Subject_3" : ""
    }, 
    "Personal_Info" : {
        "kids_List" : [

        ], 
        "Name" : "sample", 
        "DOB" : ISODate("2019-01-20T10:49:10.000+0000"), 
        "Age" : "22", 
        "Gender" : "Male", 
        "Place_of_Birth" : "unknown", 
        "Nationality" : "Indian", 
        "Religion" : "Hindu", 
        "Community" : "BC", 
        "Caste" : "Test", 
        "Aadhar_No" : "5446466", 
        "PAN_No" : "487746546", 
        "Contact_No" : "641456456", 
        "Email" : "test@gmail.com", 
        "Permanent_Door_No" : "54", 
        "Permanent_Street" : "df", 
        "Permanent_City" : "cbe", 
        "Permanent_Sate" : "Tamil Nadu", 
        "Permanent_Pin_Code" : "641002", 
        "Address_Same" : "true", 
        "Present_Door_No" : "54", 
        "Present_Street" : "df", 
        "Present_City" : "cbe", 
        "Present_Sate" : "Tamil Nadu", 
        "Present_Pin_Code" : "641002", 
        "Marital_Status" : "Single", 
        "Father_Name" : "dfd", 
        "Father_Designation" : "", 
        "Father_Organization" : "", 
        "Father_Locality" : "", 
        "Mother_Name" : "fgfh", 
        "Mother_Designation" : "", 
        "Mother_Organization" : "", 
        "Mother_Locality" : "", 
        "Spouse_Name" : "", 
        "Spouse_Designation" : "", 
        "Spouse_Organization" : "", 
        "Spouse_Locality" : "", 
        "No_Of_Siblings" : "", 
        "No_Of_Kids" : ""
    }, 
    "Education_Info" : {
        "Sslc_School" : "", 
        "Sslc_Medium" : "", 
        "Sslc_Year_Of_Passing" : "", 
        "Sslc_Percentage" : "", 
        "Hsc_School" : "", 
        "Hsc_Medium" : "", 
        "Hsc_Year_Of_Passing" : "", 
        "Hsc_Percentage" : "", 
        "UG_Course" : "", 
        "UG_Department" : "", 
        "UG_Class" : "", 
        "UG_Year_Of_Passing" : "", 
        "UG_College_Name" : "", 
        "UG_CGPA" : "", 
        "UG_Percentage" : "", 
        "UG_Medium" : "", 
        "PG_Course" : "", 
        "PG_Department" : "", 
        "PG_Class" : "", 
        "PG_Year_Of_Passing" : "", 
        "PG_College_Name" : "", 
        "PG_CGPA" : "", 
        "PG_Percentage" : "", 
        "PG_Medium" : "", 
        "Mphil_Course" : "", 
        "Mphil_Department" : "", 
        "Mphil_Class" : "", 
        "Mphil_Year_Of_Passing" : "", 
        "Mphil_College_Name" : "", 
        "Mphil_CGPA" : "", 
        "Mphil_Percentage" : "", 
        "Mphil_Medium" : "", 
        "PHD_Course" : "", 
        "PHD_Department" : "", 
        "PHD_Class" : "", 
        "PHD_Year_Of_Passing" : "", 
        "PHD_College_Name" : "", 
        "PHD_CGPA" : "", 
        "PHD_Percentage" : "", 
        "PHD_Medium" : "", 
        "Bed_Course" : "", 
        "Bed_Department" : "", 
        "Bed_Class" : "", 
        "Bed_Year_Of_Passing" : "", 
        "Bed_College_Name" : "", 
        "Bed_CGPA" : "", 
        "Bed_Percentage" : "", 
        "Bed_Medium" : "", 
        "Med_Course" : "", 
        "Med_Department" : "", 
        "Med_Class" : "", 
        "Med_Year_Of_Passing" : "", 
        "Med_College_Name" : "", 
        "Med_CGPA" : "", 
        "Med_Percentage" : "", 
        "Med_Medium" : "", 
        "Other1_Course" : "", 
        "Other1_Department" : "", 
        "Other1_Class" : "", 
        "Other1_Year_Of_Passing" : "", 
        "Other1_College_Name" : "", 
        "Other1_CGPA" : "", 
        "Other1_Percentage" : "", 
        "Other1_Medium" : "", 
        "Other2_Course" : "", 
        "Other2_Department" : "", 
        "Other2_Class" : "", 
        "Other2_Year_Of_Passing" : "", 
        "Other2_College_Name" : "", 
        "Other2_CGPA" : "", 
        "Other2_Percentage" : "", 
        "Other2_Medium" : "", 
        "Guide_ship" : "", 
        "Guide_ship_No" : "", 
        "SET_Qualified" : "", 
        "SET_QualifiedYear" : ""
    }, 
    "Activity_Info" : {
        "Teaching_Experience" : [

        ], 
        "Industry_Experience" : [

        ], 
        "Patent" : [
            {
                "Title" : "", 
                "Investigators" : "", 
                "Patent_No" : "", 
                "Status" : ""
            }
        ], 
        "Achievements_Awards" : [
            {
                "Category" : "", 
                "Award_Achievement" : "", 
                "Year" : ""
            }
        ], 
        "Experience" : "Fresher", 
        "No_Of_FDP_Attended" : "", 
        "No_Of_Workshop_Attended" : "", 
        "No_Of_Conference_Attended" : "", 
        "No_Of_Symposium_Attended" : "", 
        "No_Of_FDP_Organized" : "", 
        "No_Of_Workshop_Organized" : "", 
        "No_Of_Conference_Organized" : "", 
        "No_Of_Symposium_Organized" : "", 
        "No_Of_Monograph_Published" : "", 
        "No_Of_Books_Published" : "", 
        "No_Of_Chapter_in_Inherited_Books" : "", 
        "No_Of_Paper_Published_InJournals" : "", 
        "No_Of_Papers_InConference" : "", 
        "No_Of_Citations" : "", 
        "No_Of_H_Index" : "", 
        "No_Of_I10_Index" : "", 
        "No_Of_Project_Guided_UG" : "", 
        "No_Of_Project_Guided_PG" : "", 
        "No_Of_Project_Guided_PHD" : "", 
        "Research_Found" : "", 
        "Research_Found_Amount" : "", 
        "Contact_Industries" : "", 
        "Contact_Industries_Count" : "", 
        "Interested_Game" : "", 
        "Activities" : "", 
        "Special_Achievements" : "", 
        "Joining_Time" : "", 
        "Expected_Salary" : ""
    }, 
    "Reference_Info" : {
        "Family_in_SNS_Details" : [

        ], 
        "Family_in_SNS" : "", 
        "Reference1_Name" : "gfhg", 
        "Reference2_Name" : "gjh", 
        "Reference1_Designation" : "", 
        "Reference2_Designation" : "", 
        "Reference1_Organization" : "", 
        "Reference2_Organization" : "", 
        "Reference1_Contact_Number" : "", 
        "Reference2_Contact_Number" : "", 
        "Reference1_Email_Id" : "", 
        "Reference2_Email_Id" : "", 
        "Place" : "565", 
        "Date" : "2019-01-03T10:49:10.000Z"
    }, 
    "Files" : {
        "Cover_Later" : {
            "mimetype" : "application/pdf", 
            "filename" : "CoverLater_1547895327661.pdf", 
            "size" : NumberInt(13264)
        }, 
        "Photo" : {
            "mimetype" : "image/jpeg", 
            "filename" : "CandidatePhoto_1547895327662.png", 
            "size" : NumberInt(38704)
        }, 
        "Signature" : {
            "mimetype" : "image/png", 
            "filename" : "CandidateSignature_1547895327663.png", 
            "size" : NumberInt(16209)
        }
    }, 
    "Accepted_Date" : null, 
    "Ref_ID" : "SNS 1/D5/1547895327671", 
    "FormType" : "Type_1", 
    "Current_Status" : "Applied", 
    "Current_Stage" : "Stage_1", 
    "Status" : "Active", 
    "If_Referred_Accepted" : false, 
    "If_Referred_From" : false, 
    "If_Referred_To" : false, 
    "createdAt" : ISODate("2019-01-19T10:55:27.686+0000"), 
    "updatedAt" : ISODate("2019-01-19T10:55:27.686+0000"), 
    "__v" : NumberInt(0)
},
{ 
    "_id" : ObjectId("5c5bd5bd639da1089e43674f"), 
    "Basic_Info" : {
        "Institution" : ObjectId("5c2c7badeb301d0f68f03f8e"), 
        "Post_Applied" : ObjectId("5c32eaa62b668d08b0783b8e"), 
        "Department" : ObjectId("5bc41040125a73061dfa0e46"), 
        "Preferred_Subject_1" : "", 
        "Preferred_Subject_2" : "", 
        "Preferred_Subject_3" : ""
    }, 
    "Personal_Info" : {
        "kids_List" : [

        ], 
        "Name" : "test", 
        "DOB" : ISODate("1995-01-16T18:30:00.000+0000"), 
        "Age" : "24", 
        "Gender" : "Male", 
        "Place_of_Birth" : "Coimbatore", 
        "Nationality" : "Indian", 
        "Religion" : "Hindu", 
        "Community" : "BC", 
        "Caste" : "asdf", 
        "Aadhar_No" : "", 
        "PAN_No" : "1234", 
        "Contact_No" : "12345", 
        "Email" : "tes@mail.com", 
        "Permanent_Door_No" : "12", 
        "Permanent_Street" : "Street", 
        "Permanent_City" : "coimbatore", 
        "Permanent_Sate" : "Tamil Nadu", 
        "Permanent_Pin_Code" : "641027", 
        "Address_Same" : "true", 
        "Present_Door_No" : "12", 
        "Present_Street" : "Street", 
        "Present_City" : "coimbatore", 
        "Present_Sate" : "Tamil Nadu", 
        "Present_Pin_Code" : "641027", 
        "Marital_Status" : "Single", 
        "Father_Name" : "xxx", 
        "Father_Designation" : "", 
        "Father_Organization" : "", 
        "Father_Locality" : "", 
        "Mother_Name" : "yyy", 
        "Mother_Designation" : "", 
        "Mother_Organization" : "", 
        "Mother_Locality" : "", 
        "Spouse_Name" : "", 
        "Spouse_Designation" : "", 
        "Spouse_Organization" : "", 
        "Spouse_Locality" : "", 
        "No_Of_Siblings" : "", 
        "No_Of_Kids" : ""
    }, 
    "Education_Info" : {
        "Sslc_School" : "", 
        "Sslc_Medium" : "", 
        "Sslc_Year_Of_Passing" : "", 
        "Sslc_Percentage" : "", 
        "Hsc_School" : "", 
        "Hsc_Medium" : "", 
        "Hsc_Year_Of_Passing" : "", 
        "Hsc_Percentage" : "", 
        "UG_Course" : "", 
        "UG_Department" : "", 
        "UG_Class" : "", 
        "UG_Year_Of_Passing" : "", 
        "UG_College_Name" : "", 
        "UG_CGPA" : "", 
        "UG_Percentage" : "", 
        "UG_Medium" : "", 
        "PG_Course" : "", 
        "PG_Department" : "", 
        "PG_Class" : "", 
        "PG_Year_Of_Passing" : "", 
        "PG_College_Name" : "", 
        "PG_CGPA" : "", 
        "PG_Percentage" : "", 
        "PG_Medium" : "", 
        "Mphil_Course" : "", 
        "Mphil_Department" : "", 
        "Mphil_Class" : "", 
        "Mphil_Year_Of_Passing" : "", 
        "Mphil_College_Name" : "", 
        "Mphil_CGPA" : "", 
        "Mphil_Percentage" : "", 
        "Mphil_Medium" : "", 
        "PHD_Course" : "", 
        "PHD_Department" : "", 
        "PHD_Class" : "", 
        "PHD_Year_Of_Passing" : "", 
        "PHD_College_Name" : "", 
        "PHD_CGPA" : "", 
        "PHD_Percentage" : "", 
        "PHD_Medium" : "", 
        "Bed_Course" : "", 
        "Bed_Department" : "", 
        "Bed_Class" : "", 
        "Bed_Year_Of_Passing" : "", 
        "Bed_College_Name" : "", 
        "Bed_CGPA" : "", 
        "Bed_Percentage" : "", 
        "Bed_Medium" : "", 
        "Med_Course" : "", 
        "Med_Department" : "", 
        "Med_Class" : "", 
        "Med_Year_Of_Passing" : "", 
        "Med_College_Name" : "", 
        "Med_CGPA" : "", 
        "Med_Percentage" : "", 
        "Med_Medium" : "", 
        "Other1_Course" : "", 
        "Other1_Department" : "", 
        "Other1_Class" : "", 
        "Other1_Year_Of_Passing" : "", 
        "Other1_College_Name" : "", 
        "Other1_CGPA" : "", 
        "Other1_Percentage" : "", 
        "Other1_Medium" : "", 
        "Other2_Course" : "", 
        "Other2_Department" : "", 
        "Other2_Class" : "", 
        "Other2_Year_Of_Passing" : "", 
        "Other2_College_Name" : "", 
        "Other2_CGPA" : "", 
        "Other2_Percentage" : "", 
        "Other2_Medium" : "", 
        "Guide_ship" : "", 
        "Guide_ship_No" : "", 
        "SET_Qualified" : "", 
        "SET_QualifiedYear" : ""
    }, 
    "Activity_Info" : {
        "Teaching_Experience" : [

        ], 
        "Industry_Experience" : [

        ], 
        "Patent" : [
            {
                "Title" : "", 
                "Investigators" : "", 
                "Patent_No" : "", 
                "Status" : ""
            }
        ], 
        "Achievements_Awards" : [
            {
                "Category" : "", 
                "Award_Achievement" : "", 
                "Year" : ""
            }
        ], 
        "Experience" : "Fresher", 
        "No_Of_FDP_Attended" : "", 
        "No_Of_Workshop_Attended" : "", 
        "No_Of_Conference_Attended" : "", 
        "No_Of_Symposium_Attended" : "", 
        "No_Of_FDP_Organized" : "", 
        "No_Of_Workshop_Organized" : "", 
        "No_Of_Conference_Organized" : "", 
        "No_Of_Symposium_Organized" : "", 
        "No_Of_Monograph_Published" : "", 
        "No_Of_Books_Published" : "", 
        "No_Of_Chapter_in_Inherited_Books" : "", 
        "No_Of_Paper_Published_InJournals" : "", 
        "No_Of_Papers_InConference" : "", 
        "No_Of_Citations" : "", 
        "No_Of_H_Index" : "", 
        "No_Of_I10_Index" : "", 
        "No_Of_Project_Guided_UG" : "", 
        "No_Of_Project_Guided_PG" : "", 
        "No_Of_Project_Guided_PHD" : "", 
        "Research_Found" : "", 
        "Research_Found_Amount" : "", 
        "Contact_Industries" : "", 
        "Contact_Industries_Count" : "", 
        "Interested_Game" : "", 
        "Activities" : "", 
        "Special_Achievements" : "", 
        "Joining_Time" : "", 
        "Expected_Salary" : ""
    }, 
    "Reference_Info" : {
        "Family_in_SNS_Details" : [

        ], 
        "Family_in_SNS" : "", 
        "Reference1_Name" : "aaaa", 
        "Reference2_Name" : "bbbb", 
        "Reference1_Designation" : "", 
        "Reference2_Designation" : "", 
        "Reference1_Organization" : "", 
        "Reference2_Organization" : "", 
        "Reference1_Contact_Number" : "", 
        "Reference2_Contact_Number" : "", 
        "Reference1_Email_Id" : "", 
        "Reference2_Email_Id" : "", 
        "Place" : "xxx", 
        "Date" : "2019-02-05T06:42:18.000Z"
    }, 
    "Files" : {
        "Cover_Later" : {
            "mimetype" : "application/pdf", 
            "filename" : "CoverLater_1549522365823.pdf", 
            "size" : NumberInt(13264)
        }, 
        "Photo" : {
            "mimetype" : "image/png", 
            "filename" : "CandidatePhoto_1549522365825.png", 
            "size" : NumberInt(1591)
        }, 
        "Signature" : {
            "mimetype" : "image/png", 
            "filename" : "CandidateSignature_1549522365826.png", 
            "size" : NumberInt(1591)
        }
    }, 
    "Accepted_Date" : ISODate("2019-02-07T07:13:02.417+0000"), 
    "Ref_ID" : "SNS 1/D5/1549522365858", 
    "FormType" : "Type_1", 
    "Current_Status" : "Accepted", 
    "Current_Stage" : "Stage_2", 
    "Status" : "Active", 
    "ApplicationFromAdmin" : false, 
    "If_Referred_Accepted" : false, 
    "If_Referred_From" : false, 
    "If_Referred_To" : false, 
    "createdAt" : ISODate("2019-02-07T06:52:45.891+0000"), 
    "updatedAt" : ISODate("2019-02-07T07:13:02.433+0000"), 
    "__v" : NumberInt(0)
},
{ 
    "_id" : ObjectId("5c5bdfd3095de80a6643d917"), 
    "Basic_Info" : {
        "Institution" : ObjectId("5bb4b3fa2bfdcb07d170cbe5"), 
        "Post_Applied" : ObjectId("5c32eaa62b668d08b0783b8e"), 
        "Department" : ObjectId("5bb4b3992bfdcb07d170cbe0"), 
        "Preferred_Subject_1" : "", 
        "Preferred_Subject_2" : "", 
        "Preferred_Subject_3" : ""
    }, 
    "Personal_Info" : {
        "kids_List" : [

        ], 
        "Name" : "test four", 
        "DOB" : ISODate("1995-12-31T18:30:00.000+0000"), 
        "Age" : "23", 
        "Gender" : "Male", 
        "Place_of_Birth" : "cbe", 
        "Nationality" : "Indian", 
        "Religion" : "Hindu", 
        "Community" : "BC", 
        "Caste" : "xxx", 
        "Aadhar_No" : "", 
        "PAN_No" : "1111", 
        "Contact_No" : "9597989109", 
        "Email" : "hemkanth.s@gmail.com", 
        "Permanent_Door_No" : "1", 
        "Permanent_Street" : "xxx", 
        "Permanent_City" : "xxxx", 
        "Permanent_Sate" : "Goa", 
        "Permanent_Pin_Code" : "1111", 
        "Address_Same" : "true", 
        "Present_Door_No" : "1", 
        "Present_Street" : "xxx", 
        "Present_City" : "xxxx", 
        "Present_Sate" : "Goa", 
        "Present_Pin_Code" : "1111", 
        "Marital_Status" : "Single", 
        "Father_Name" : "xxx", 
        "Father_Designation" : "", 
        "Father_Organization" : "", 
        "Father_Locality" : "", 
        "Mother_Name" : "xxx", 
        "Mother_Designation" : "", 
        "Mother_Organization" : "", 
        "Mother_Locality" : "", 
        "Spouse_Name" : "", 
        "Spouse_Designation" : "", 
        "Spouse_Organization" : "", 
        "Spouse_Locality" : "", 
        "No_Of_Siblings" : "", 
        "No_Of_Kids" : ""
    }, 
    "Education_Info" : {
        "Sslc_School" : "", 
        "Sslc_Medium" : "", 
        "Sslc_Year_Of_Passing" : "", 
        "Sslc_Percentage" : "", 
        "Hsc_School" : "", 
        "Hsc_Medium" : "", 
        "Hsc_Year_Of_Passing" : "", 
        "Hsc_Percentage" : "", 
        "UG_Course" : "", 
        "UG_Department" : "", 
        "UG_Class" : "", 
        "UG_Year_Of_Passing" : "", 
        "UG_College_Name" : "", 
        "UG_CGPA" : "", 
        "UG_Percentage" : "", 
        "UG_Medium" : "", 
        "PG_Course" : "", 
        "PG_Department" : "", 
        "PG_Class" : "", 
        "PG_Year_Of_Passing" : "", 
        "PG_College_Name" : "", 
        "PG_CGPA" : "", 
        "PG_Percentage" : "", 
        "PG_Medium" : "", 
        "Mphil_Course" : "", 
        "Mphil_Department" : "", 
        "Mphil_Class" : "", 
        "Mphil_Year_Of_Passing" : "", 
        "Mphil_College_Name" : "", 
        "Mphil_CGPA" : "", 
        "Mphil_Percentage" : "", 
        "Mphil_Medium" : "", 
        "PHD_Course" : "", 
        "PHD_Department" : "", 
        "PHD_Class" : "", 
        "PHD_Year_Of_Passing" : "", 
        "PHD_College_Name" : "", 
        "PHD_CGPA" : "", 
        "PHD_Percentage" : "", 
        "PHD_Medium" : "", 
        "Bed_Course" : "", 
        "Bed_Department" : "", 
        "Bed_Class" : "", 
        "Bed_Year_Of_Passing" : "", 
        "Bed_College_Name" : "", 
        "Bed_CGPA" : "", 
        "Bed_Percentage" : "", 
        "Bed_Medium" : "", 
        "Med_Course" : "", 
        "Med_Department" : "", 
        "Med_Class" : "", 
        "Med_Year_Of_Passing" : "", 
        "Med_College_Name" : "", 
        "Med_CGPA" : "", 
        "Med_Percentage" : "", 
        "Med_Medium" : "", 
        "Other1_Course" : "", 
        "Other1_Department" : "", 
        "Other1_Class" : "", 
        "Other1_Year_Of_Passing" : "", 
        "Other1_College_Name" : "", 
        "Other1_CGPA" : "", 
        "Other1_Percentage" : "", 
        "Other1_Medium" : "", 
        "Other2_Course" : "", 
        "Other2_Department" : "", 
        "Other2_Class" : "", 
        "Other2_Year_Of_Passing" : "", 
        "Other2_College_Name" : "", 
        "Other2_CGPA" : "", 
        "Other2_Percentage" : "", 
        "Other2_Medium" : "", 
        "Guide_ship" : "", 
        "Guide_ship_No" : "", 
        "SET_Qualified" : "", 
        "SET_QualifiedYear" : ""
    }, 
    "Activity_Info" : {
        "Teaching_Experience" : [

        ], 
        "Industry_Experience" : [

        ], 
        "Patent" : [
            {
                "Title" : "", 
                "Investigators" : "", 
                "Patent_No" : "", 
                "Status" : ""
            }
        ], 
        "Achievements_Awards" : [
            {
                "Category" : "", 
                "Award_Achievement" : "", 
                "Year" : ""
            }
        ], 
        "Experience" : "Fresher", 
        "No_Of_FDP_Attended" : "", 
        "No_Of_Workshop_Attended" : "", 
        "No_Of_Conference_Attended" : "", 
        "No_Of_Symposium_Attended" : "", 
        "No_Of_FDP_Organized" : "", 
        "No_Of_Workshop_Organized" : "", 
        "No_Of_Conference_Organized" : "", 
        "No_Of_Symposium_Organized" : "", 
        "No_Of_Monograph_Published" : "", 
        "No_Of_Books_Published" : "", 
        "No_Of_Chapter_in_Inherited_Books" : "", 
        "No_Of_Paper_Published_InJournals" : "", 
        "No_Of_Papers_InConference" : "", 
        "No_Of_Citations" : "", 
        "No_Of_H_Index" : "", 
        "No_Of_I10_Index" : "", 
        "No_Of_Project_Guided_UG" : "", 
        "No_Of_Project_Guided_PG" : "", 
        "No_Of_Project_Guided_PHD" : "", 
        "Research_Found" : "", 
        "Research_Found_Amount" : "", 
        "Contact_Industries" : "", 
        "Contact_Industries_Count" : "", 
        "Interested_Game" : "", 
        "Activities" : "", 
        "Special_Achievements" : "", 
        "Joining_Time" : "", 
        "Expected_Salary" : ""
    }, 
    "Reference_Info" : {
        "Family_in_SNS_Details" : [

        ], 
        "Family_in_SNS" : "", 
        "Reference1_Name" : "xxx", 
        "Reference2_Name" : "xxxx", 
        "Reference1_Designation" : "", 
        "Reference2_Designation" : "", 
        "Reference1_Organization" : "", 
        "Reference2_Organization" : "", 
        "Reference1_Contact_Number" : "", 
        "Reference2_Contact_Number" : "", 
        "Reference1_Email_Id" : "", 
        "Reference2_Email_Id" : "", 
        "Place" : "xxx", 
        "Date" : "2019-02-05T07:19:08.000Z"
    }, 
    "Files" : {
        "Cover_Later" : {
            "mimetype" : "application/pdf", 
            "filename" : "CoverLater_1549524947797.pdf", 
            "size" : NumberInt(13264)
        }, 
        "Photo" : {
            "mimetype" : "image/png", 
            "filename" : "CandidatePhoto_1549524947798.png", 
            "size" : NumberInt(1591)
        }, 
        "Signature" : {
            "mimetype" : "image/png", 
            "filename" : "CandidateSignature_1549524947799.png", 
            "size" : NumberInt(1591)
        }
    }, 
    "Accepted_Date" : ISODate("2019-02-07T07:36:03.986+0000"), 
    "Ref_ID" : "SNS 3/D2/1549524947874", 
    "FormType" : "Type_1", 
    "Current_Status" : "Exam Failed", 
    "Current_Stage" : "Stage_5", 
    "Status" : "Active", 
    "ApplicationFromAdmin" : false, 
    "If_Referred_Accepted" : false, 
    "If_Referred_From" : false, 
    "If_Referred_To" : false, 
    "createdAt" : ISODate("2019-02-07T07:35:47.891+0000"), 
    "updatedAt" : ISODate("2019-02-16T16:08:09.214+0000"), 
    "__v" : NumberInt(0)
},
{ 
    "_id" : ObjectId("5c60e4d315c68b067880ee02"), 
    "Basic_Info" : {
        "Institution" : ObjectId("5bb4b3fa2bfdcb07d170cbe5"), 
        "Post_Applied" : ObjectId("5c32ea832b668d08b0783b8d"), 
        "Department" : ObjectId("5bb4b3992bfdcb07d170cbe0"), 
        "Preferred_Subject_1" : "", 
        "Preferred_Subject_2" : "", 
        "Preferred_Subject_3" : ""
    }, 
    "Personal_Info" : {
        "kids_List" : [

        ], 
        "Name" : "kathir", 
        "DOB" : ISODate("1995-07-13T18:30:00.000+0000"), 
        "Age" : "23", 
        "Gender" : "Male", 
        "Contact_No" : "9876543211", 
        "Email" : "kathiraashi@mail.com"
    }, 
    "Activity_Info" : {
        "Teaching_Experience" : [

        ], 
        "Industry_Experience" : [

        ], 
        "Patent" : [

        ], 
        "Achievements_Awards" : [

        ]
    }, 
    "Reference_Info" : {
        "Family_in_SNS_Details" : [

        ]
    }, 
    "Accepted_Date" : ISODate("2019-02-11T02:58:48.415+0000"), 
    "Ref_ID" : "SNS 3/D2/1549853907969", 
    "FormType" : "Type_1", 
    "Current_Status" : "Exam Assigned", 
    "Current_Stage" : "Stage_3", 
    "Status" : "InActive", 
    "ApplicationFromAdmin" : true, 
    "If_Referred_Accepted" : false, 
    "If_Referred_From" : false, 
    "If_Referred_To" : false, 
    "createdAt" : ISODate("2019-02-11T02:58:28.002+0000"), 
    "updatedAt" : ISODate("2019-02-11T03:00:51.608+0000"), 
    "__v" : NumberInt(0)
},
{ 
    "_id" : ObjectId("5c60e59c15c68b067880ee20"), 
    "Basic_Info" : {
        "Institution" : ObjectId("5bb4b3fa2bfdcb07d170cbe5"), 
        "Post_Applied" : ObjectId("5c32ea832b668d08b0783b8d"), 
        "Department" : ObjectId("5bb4b3992bfdcb07d170cbe0"), 
        "Preferred_Subject_1" : "", 
        "Preferred_Subject_2" : "", 
        "Preferred_Subject_3" : ""
    }, 
    "Personal_Info" : {
        "kids_List" : [

        ], 
        "Name" : "kathir", 
        "DOB" : ISODate("1995-07-13T18:30:00.000+0000"), 
        "Age" : "23", 
        "Gender" : "Male", 
        "Contact_No" : "986543211", 
        "Email" : "kathiraashi@gmail.com"
    }, 
    "Activity_Info" : {
        "Teaching_Experience" : [

        ], 
        "Industry_Experience" : [

        ], 
        "Patent" : [

        ], 
        "Achievements_Awards" : [

        ]
    }, 
    "Reference_Info" : {
        "Family_in_SNS_Details" : [

        ]
    }, 
    "Accepted_Date" : ISODate("2019-02-11T03:01:56.568+0000"), 
    "Ref_ID" : "SNS 3/D2/1549854108495", 
    "FormType" : "Type_1", 
    "Current_Status" : "Exam Reassigned", 
    "Current_Stage" : "Stage_3", 
    "Status" : "Active", 
    "ApplicationFromAdmin" : true, 
    "If_Referred_Accepted" : false, 
    "If_Referred_From" : false, 
    "If_Referred_To" : false, 
    "createdAt" : ISODate("2019-02-11T03:01:48.525+0000"), 
    "updatedAt" : ISODate("2019-02-11T03:22:24.206+0000"), 
    "__v" : NumberInt(0)
},
{ 
    "_id" : ObjectId("5c68373696b845182c830fa1"), 
    "Basic_Info" : {
        "Institution" : ObjectId("5bb4b3fa2bfdcb07d170cbe5"), 
        "Post_Applied" : ObjectId("5c32ea632b668d08b0783b8b"), 
        "Department" : ObjectId("5bb4b38f2bfdcb07d170cbdf"), 
        "Preferred_Subject_1" : "", 
        "Preferred_Subject_2" : "", 
        "Preferred_Subject_3" : ""
    }, 
    "Personal_Info" : {
        "kids_List" : [

        ], 
        "Name" : "kathir test", 
        "DOB" : ISODate("1995-07-13T18:30:00.000+0000"), 
        "Age" : "23", 
        "Gender" : "Male", 
        "Contact_No" : "123123123", 
        "Email" : "kathiraashi@gmail.com"
    }, 
    "Activity_Info" : {
        "Teaching_Experience" : [

        ], 
        "Industry_Experience" : [

        ], 
        "Patent" : [

        ], 
        "Achievements_Awards" : [

        ]
    }, 
    "Reference_Info" : {
        "Family_in_SNS_Details" : [

        ]
    }, 
    "Accepted_Date" : ISODate("2019-02-16T16:16:03.261+0000"), 
    "Ref_ID" : "SNS 3/D1/1550333750673", 
    "FormType" : "Type_1", 
    "Current_Status" : "Interview Assigned", 
    "Current_Stage" : "Stage_5", 
    "Status" : "Active", 
    "ApplicationFromAdmin" : true, 
    "If_Referred_Accepted" : false, 
    "If_Referred_From" : false, 
    "If_Referred_To" : false, 
    "createdAt" : ISODate("2019-02-16T16:15:50.678+0000"), 
    "updatedAt" : ISODate("2019-02-18T03:07:10.647+0000"), 
    "__v" : NumberInt(0)
}
]
