[
{ 
    "_id" : ObjectId("5bb4b3af2bfdcb07d170cbe2"), 
    "Category" : "Teaching Pedagogy", 
    "Created_By" : ObjectId("5b8ab11e20d47b1298e83d17"), 
    "Last_Modified_By" : ObjectId("5b8ab11e20d47b1298e83d17"), 
    "Active_Status" : true, 
    "If_Deleted" : false, 
    "createdAt" : ISODate("2018-10-03T12:18:55.061+0000"), 
    "updatedAt" : ISODate("2018-10-31T11:11:27.866+0000"), 
    "__v" : NumberInt(0)
},
{ 
    "_id" : ObjectId("5bb4b3b82bfdcb07d170cbe3"), 
    "Category" : "Life Skills", 
    "Created_By" : ObjectId("5b8ab11e20d47b1298e83d17"), 
    "Last_Modified_By" : ObjectId("5b8ab11e20d47b1298e83d17"), 
    "Active_Status" : true, 
    "If_Deleted" : false, 
    "createdAt" : ISODate("2018-10-03T12:19:04.164+0000"), 
    "updatedAt" : ISODate("2018-10-31T11:10:56.314+0000"), 
    "__v" : NumberInt(0)
},
{ 
    "_id" : ObjectId("5bb4b3be2bfdcb07d170cbe4"), 
    "Category" : "Technical Competency", 
    "Created_By" : ObjectId("5b8ab11e20d47b1298e83d17"), 
    "Last_Modified_By" : ObjectId("5b8ab11e20d47b1298e83d17"), 
    "Active_Status" : true, 
    "If_Deleted" : false, 
    "createdAt" : ISODate("2018-10-03T12:19:10.447+0000"), 
    "updatedAt" : ISODate("2018-10-31T11:10:41.073+0000"), 
    "__v" : NumberInt(0)
}
]
