[
{ 
    "_id" : ObjectId("5bb4b38f2bfdcb07d170cbdf"), 
    "Department" : "Department of CSE", 
    "Department_Code" : "D1", 
    "Created_By" : ObjectId("5b8ab11e20d47b1298e83d17"), 
    "Last_Modified_By" : ObjectId("5b8ab11e20d47b1298e83d17"), 
    "Active_Status" : true, 
    "If_Deleted" : false, 
    "createdAt" : ISODate("2018-10-03T12:18:23.917+0000"), 
    "updatedAt" : ISODate("2018-10-15T03:56:56.714+0000"), 
    "__v" : NumberInt(0)
},
{ 
    "_id" : ObjectId("5bb4b3992bfdcb07d170cbe0"), 
    "Department" : "Department of Mechanical Engineering", 
    "Department_Code" : "D2", 
    "Created_By" : ObjectId("5b8ab11e20d47b1298e83d17"), 
    "Last_Modified_By" : ObjectId("5b8ab11e20d47b1298e83d17"), 
    "Active_Status" : true, 
    "If_Deleted" : false, 
    "createdAt" : ISODate("2018-10-03T12:18:33.268+0000"), 
    "updatedAt" : ISODate("2018-10-15T03:56:35.094+0000"), 
    "__v" : NumberInt(0)
},
{ 
    "_id" : ObjectId("5bb4b3a52bfdcb07d170cbe1"), 
    "Department" : "Department of Civil Engineering", 
    "Department_Code" : "D3", 
    "Created_By" : ObjectId("5b8ab11e20d47b1298e83d17"), 
    "Last_Modified_By" : ObjectId("5b8ab11e20d47b1298e83d17"), 
    "Active_Status" : true, 
    "If_Deleted" : false, 
    "createdAt" : ISODate("2018-10-03T12:18:45.702+0000"), 
    "updatedAt" : ISODate("2018-10-15T03:56:14.637+0000"), 
    "__v" : NumberInt(0)
},
{ 
    "_id" : ObjectId("5bc41027125a73061dfa0e45"), 
    "Department" : "Department of ECE", 
    "Department_Code" : "D4", 
    "Created_By" : ObjectId("5b8ab11e20d47b1298e83d17"), 
    "Last_Modified_By" : ObjectId("5b8ab11e20d47b1298e83d17"), 
    "Active_Status" : true, 
    "If_Deleted" : false, 
    "createdAt" : ISODate("2018-10-15T03:57:27.109+0000"), 
    "updatedAt" : ISODate("2018-10-15T03:57:27.109+0000"), 
    "__v" : NumberInt(0)
},
{ 
    "_id" : ObjectId("5bc41040125a73061dfa0e46"), 
    "Department" : "Department of EEE", 
    "Department_Code" : "D5", 
    "Created_By" : ObjectId("5b8ab11e20d47b1298e83d17"), 
    "Last_Modified_By" : ObjectId("5b8ab11e20d47b1298e83d17"), 
    "Active_Status" : true, 
    "If_Deleted" : false, 
    "createdAt" : ISODate("2018-10-15T03:57:52.166+0000"), 
    "updatedAt" : ISODate("2018-10-15T03:57:52.166+0000"), 
    "__v" : NumberInt(0)
},
{ 
    "_id" : ObjectId("5bc41057125a73061dfa0e47"), 
    "Department" : "Department of IT", 
    "Department_Code" : "D6", 
    "Created_By" : ObjectId("5b8ab11e20d47b1298e83d17"), 
    "Last_Modified_By" : ObjectId("5b8ab11e20d47b1298e83d17"), 
    "Active_Status" : true, 
    "If_Deleted" : false, 
    "createdAt" : ISODate("2018-10-15T03:58:15.282+0000"), 
    "updatedAt" : ISODate("2018-10-15T03:58:15.282+0000"), 
    "__v" : NumberInt(0)
},
{ 
    "_id" : ObjectId("5bc4112b125a73061dfa0e48"), 
    "Department" : "Department of Commerce", 
    "Department_Code" : "A1", 
    "Created_By" : ObjectId("5b8ab11e20d47b1298e83d17"), 
    "Last_Modified_By" : ObjectId("5b8ab11e20d47b1298e83d17"), 
    "Active_Status" : true, 
    "If_Deleted" : false, 
    "createdAt" : ISODate("2018-10-15T04:01:47.500+0000"), 
    "updatedAt" : ISODate("2019-01-02T09:03:40.367+0000"), 
    "__v" : NumberInt(0)
},
{ 
    "_id" : ObjectId("5c2c7e8aeb301d0f68f03f8f"), 
    "Department" : "Department of Bio Medical Engineering", 
    "Department_Code" : "D7", 
    "Created_By" : ObjectId("5b8ab11e20d47b1298e83d17"), 
    "Last_Modified_By" : ObjectId("5b8ab11e20d47b1298e83d17"), 
    "Active_Status" : true, 
    "If_Deleted" : false, 
    "createdAt" : ISODate("2019-01-02T09:04:10.678+0000"), 
    "updatedAt" : ISODate("2019-01-02T09:04:10.678+0000"), 
    "__v" : NumberInt(0)
},
{ 
    "_id" : ObjectId("5c2c7eadeb301d0f68f03f90"), 
    "Department" : "Department of Mechatronics", 
    "Department_Code" : "D8", 
    "Created_By" : ObjectId("5b8ab11e20d47b1298e83d17"), 
    "Last_Modified_By" : ObjectId("5b8ab11e20d47b1298e83d17"), 
    "Active_Status" : true, 
    "If_Deleted" : false, 
    "createdAt" : ISODate("2019-01-02T09:04:45.803+0000"), 
    "updatedAt" : ISODate("2019-01-02T09:04:45.803+0000"), 
    "__v" : NumberInt(0)
},
{ 
    "_id" : ObjectId("5c2c7ecdeb301d0f68f03f91"), 
    "Department" : "Department of EIE", 
    "Department_Code" : "D9", 
    "Created_By" : ObjectId("5b8ab11e20d47b1298e83d17"), 
    "Last_Modified_By" : ObjectId("5b8ab11e20d47b1298e83d17"), 
    "Active_Status" : true, 
    "If_Deleted" : false, 
    "createdAt" : ISODate("2019-01-02T09:05:17.661+0000"), 
    "updatedAt" : ISODate("2019-01-02T09:05:17.661+0000"), 
    "__v" : NumberInt(0)
},
{ 
    "_id" : ObjectId("5c2c7f03eb301d0f68f03f92"), 
    "Department" : "Department of Science and Humanities", 
    "Department_Code" : "D10", 
    "Created_By" : ObjectId("5b8ab11e20d47b1298e83d17"), 
    "Last_Modified_By" : ObjectId("5b8ab11e20d47b1298e83d17"), 
    "Active_Status" : true, 
    "If_Deleted" : false, 
    "createdAt" : ISODate("2019-01-02T09:06:11.224+0000"), 
    "updatedAt" : ISODate("2019-01-02T09:06:11.224+0000"), 
    "__v" : NumberInt(0)
},
{ 
    "_id" : ObjectId("5c2c7f19eb301d0f68f03f93"), 
    "Department" : "Department of MBA", 
    "Department_Code" : "D11", 
    "Created_By" : ObjectId("5b8ab11e20d47b1298e83d17"), 
    "Last_Modified_By" : ObjectId("5b8ab11e20d47b1298e83d17"), 
    "Active_Status" : true, 
    "If_Deleted" : false, 
    "createdAt" : ISODate("2019-01-02T09:06:33.080+0000"), 
    "updatedAt" : ISODate("2019-01-02T09:06:33.080+0000"), 
    "__v" : NumberInt(0)
},
{ 
    "_id" : ObjectId("5c2c7f41eb301d0f68f03f94"), 
    "Department" : "Department of Aeronautical Engineering", 
    "Department_Code" : "D12", 
    "Created_By" : ObjectId("5b8ab11e20d47b1298e83d17"), 
    "Last_Modified_By" : ObjectId("5b8ab11e20d47b1298e83d17"), 
    "Active_Status" : true, 
    "If_Deleted" : false, 
    "createdAt" : ISODate("2019-01-02T09:07:13.443+0000"), 
    "updatedAt" : ISODate("2019-01-02T09:07:13.443+0000"), 
    "__v" : NumberInt(0)
},
{ 
    "_id" : ObjectId("5c2c7f55eb301d0f68f03f95"), 
    "Department" : "Department of Automobile Engineering", 
    "Department_Code" : "D13", 
    "Created_By" : ObjectId("5b8ab11e20d47b1298e83d17"), 
    "Last_Modified_By" : ObjectId("5b8ab11e20d47b1298e83d17"), 
    "Active_Status" : true, 
    "If_Deleted" : false, 
    "createdAt" : ISODate("2019-01-02T09:07:33.778+0000"), 
    "updatedAt" : ISODate("2019-01-02T09:07:33.778+0000"), 
    "__v" : NumberInt(0)
},
{ 
    "_id" : ObjectId("5c2c7f97eb301d0f68f03f96"), 
    "Department" : "Department of Agricutural Engineering", 
    "Department_Code" : "D13", 
    "Created_By" : ObjectId("5b8ab11e20d47b1298e83d17"), 
    "Last_Modified_By" : ObjectId("5b8ab11e20d47b1298e83d17"), 
    "Active_Status" : true, 
    "If_Deleted" : false, 
    "createdAt" : ISODate("2019-01-02T09:08:39.576+0000"), 
    "updatedAt" : ISODate("2019-01-02T09:08:39.576+0000"), 
    "__v" : NumberInt(0)
},
{ 
    "_id" : ObjectId("5c348438eb301d0f68f03fa7"), 
    "Department" : "Regional language", 
    "Department_Code" : "SNS AC 1", 
    "Created_By" : ObjectId("5b8ab11e20d47b1298e83d17"), 
    "Last_Modified_By" : ObjectId("5b8ab11e20d47b1298e83d17"), 
    "Active_Status" : true, 
    "If_Deleted" : false, 
    "createdAt" : ISODate("2019-01-08T11:06:32.331+0000"), 
    "updatedAt" : ISODate("2019-01-08T11:06:32.331+0000"), 
    "__v" : NumberInt(0)
},
{ 
    "_id" : ObjectId("5c348c87eb301d0f68f03fa9"), 
    "Department" : "Physics", 
    "Department_Code" : "SNS AC 2", 
    "Created_By" : ObjectId("5b8ab11e20d47b1298e83d17"), 
    "Last_Modified_By" : ObjectId("5b8ab11e20d47b1298e83d17"), 
    "Active_Status" : true, 
    "If_Deleted" : false, 
    "createdAt" : ISODate("2019-01-08T11:41:59.925+0000"), 
    "updatedAt" : ISODate("2019-01-08T11:41:59.925+0000"), 
    "__v" : NumberInt(0)
},
{ 
    "_id" : ObjectId("5c35be64d6ca11093bc22662"), 
    "Department" : "Department of tamil", 
    "Department_Code" : "SNS ED 1", 
    "Created_By" : ObjectId("5b8ab11e20d47b1298e83d17"), 
    "Last_Modified_By" : ObjectId("5b8ab11e20d47b1298e83d17"), 
    "Active_Status" : true, 
    "If_Deleted" : false, 
    "createdAt" : ISODate("2019-01-09T09:27:00.037+0000"), 
    "updatedAt" : ISODate("2019-01-09T09:27:00.037+0000"), 
    "__v" : NumberInt(0)
}
]
