[
{ 
    "_id" : ObjectId("5c32ea632b668d08b0783b8b"), 
    "Designation" : "Principle", 
    "Created_By" : ObjectId("5b8ab11e20d47b1298e83d17"), 
    "Last_Modified_By" : ObjectId("5b8ab11e20d47b1298e83d17"), 
    "Active_Status" : true, 
    "If_Deleted" : false, 
    "createdAt" : ISODate("2019-01-07T05:57:55.147+0000"), 
    "updatedAt" : ISODate("2019-01-07T05:57:55.147+0000"), 
    "__v" : NumberInt(0)
},
{ 
    "_id" : ObjectId("5c32ea722b668d08b0783b8c"), 
    "Designation" : "HOD", 
    "Created_By" : ObjectId("5b8ab11e20d47b1298e83d17"), 
    "Last_Modified_By" : ObjectId("5b8ab11e20d47b1298e83d17"), 
    "Active_Status" : true, 
    "If_Deleted" : false, 
    "createdAt" : ISODate("2019-01-07T05:58:10.464+0000"), 
    "updatedAt" : ISODate("2019-01-07T05:58:10.464+0000"), 
    "__v" : NumberInt(0)
},
{ 
    "_id" : ObjectId("5c32ea832b668d08b0783b8d"), 
    "Designation" : "Professor", 
    "Created_By" : ObjectId("5b8ab11e20d47b1298e83d17"), 
    "Last_Modified_By" : ObjectId("5b8ab11e20d47b1298e83d17"), 
    "Active_Status" : true, 
    "If_Deleted" : false, 
    "createdAt" : ISODate("2019-01-07T05:58:27.483+0000"), 
    "updatedAt" : ISODate("2019-01-07T05:58:27.483+0000"), 
    "__v" : NumberInt(0)
},
{ 
    "_id" : ObjectId("5c32eaa62b668d08b0783b8e"), 
    "Designation" : "Assistant Professor", 
    "Created_By" : ObjectId("5b8ab11e20d47b1298e83d17"), 
    "Last_Modified_By" : ObjectId("5b8ab11e20d47b1298e83d17"), 
    "Active_Status" : true, 
    "If_Deleted" : false, 
    "createdAt" : ISODate("2019-01-07T05:59:02.769+0000"), 
    "updatedAt" : ISODate("2019-01-07T05:59:02.769+0000"), 
    "__v" : NumberInt(0)
},
{ 
    "_id" : ObjectId("5c32f56237cf592f2c5d1322"), 
    "Designation" : "Post Graduate Teacher", 
    "Created_By" : ObjectId("5b8ab11e20d47b1298e83d17"), 
    "Last_Modified_By" : ObjectId("5b8ab11e20d47b1298e83d17"), 
    "Active_Status" : true, 
    "If_Deleted" : false, 
    "createdAt" : ISODate("2019-01-07T06:44:50.035+0000"), 
    "updatedAt" : ISODate("2019-01-07T06:44:50.035+0000"), 
    "__v" : NumberInt(0)
},
{ 
    "_id" : ObjectId("5c32f57237cf592f2c5d1323"), 
    "Designation" : "Trained Graduate Teacher", 
    "Created_By" : ObjectId("5b8ab11e20d47b1298e83d17"), 
    "Last_Modified_By" : ObjectId("5b8ab11e20d47b1298e83d17"), 
    "Active_Status" : true, 
    "If_Deleted" : false, 
    "createdAt" : ISODate("2019-01-07T06:45:06.860+0000"), 
    "updatedAt" : ISODate("2019-01-07T06:45:06.860+0000"), 
    "__v" : NumberInt(0)
},
{ 
    "_id" : ObjectId("5c32f58437cf592f2c5d1324"), 
    "Designation" : "Primary Teacher", 
    "Created_By" : ObjectId("5b8ab11e20d47b1298e83d17"), 
    "Last_Modified_By" : ObjectId("5b8ab11e20d47b1298e83d17"), 
    "Active_Status" : true, 
    "If_Deleted" : false, 
    "createdAt" : ISODate("2019-01-07T06:45:24.999+0000"), 
    "updatedAt" : ISODate("2019-01-07T06:45:24.999+0000"), 
    "__v" : NumberInt(0)
},
{ 
    "_id" : ObjectId("5c32f5a637cf592f2c5d1325"), 
    "Designation" : "Nursery Trained Teacher", 
    "Created_By" : ObjectId("5b8ab11e20d47b1298e83d17"), 
    "Last_Modified_By" : ObjectId("5b8ab11e20d47b1298e83d17"), 
    "Active_Status" : true, 
    "If_Deleted" : false, 
    "createdAt" : ISODate("2019-01-07T06:45:58.276+0000"), 
    "updatedAt" : ISODate("2019-01-07T06:45:58.276+0000"), 
    "__v" : NumberInt(0)
},
{ 
    "_id" : ObjectId("5c35b38ce6690418d881e873"), 
    "Designation" : "Admin", 
    "Created_By" : ObjectId("5c34f0e605e9ee33e4a1dffa"), 
    "Last_Modified_By" : ObjectId("5c34f0e605e9ee33e4a1dffa"), 
    "Active_Status" : true, 
    "If_Deleted" : false, 
    "createdAt" : ISODate("2019-01-09T08:40:44.482+0000"), 
    "updatedAt" : ISODate("2019-01-09T08:40:44.482+0000"), 
    "__v" : NumberInt(0)
}
]
