[
{ 
    "_id" : ObjectId("5bf4ce920ef75d79b5e8b3f7"), 
    "Institution" : ObjectId("5bb4b3fa2bfdcb07d170cbe5"), 
    "Department" : ObjectId("5bb4b3992bfdcb07d170cbe0"), 
    "Config" : [
        {
            "_id" : ObjectId("5bf4ce920ef75d79b5e8b3fa"), 
            "Category" : ObjectId("5bb4b3af2bfdcb07d170cbe2"), 
            "NoOfQuestion" : NumberInt(10), 
            "Cutoff" : NumberInt(2)
        }, 
        {
            "_id" : ObjectId("5bf4ce920ef75d79b5e8b3f9"), 
            "Category" : ObjectId("5bb4b3b82bfdcb07d170cbe3"), 
            "NoOfQuestion" : NumberInt(10), 
            "Cutoff" : NumberInt(3)
        }, 
        {
            "_id" : ObjectId("5bf4ce920ef75d79b5e8b3f8"), 
            "Category" : ObjectId("5bb4b3be2bfdcb07d170cbe4"), 
            "NoOfQuestion" : NumberInt(10), 
            "Cutoff" : NumberInt(2)
        }
    ], 
    "ExamDuration" : NumberInt(30), 
    "Created_By" : ObjectId("5b8ab11e20d47b1298e83d17"), 
    "Last_Modified_By" : ObjectId("5c089adc1e295006a44b4bb7"), 
    "Active_Status" : true, 
    "If_Deleted" : true, 
    "createdAt" : ISODate("2018-11-21T03:18:42.491+0000"), 
    "updatedAt" : ISODate("2018-12-06T04:54:19.596+0000"), 
    "__v" : NumberInt(0)
},
{ 
    "_id" : ObjectId("5c08ab7b1e295006a44b4bb8"), 
    "Institution" : ObjectId("5bb4b3fa2bfdcb07d170cbe5"), 
    "Department" : ObjectId("5bb4b3992bfdcb07d170cbe0"), 
    "Config" : [
        {
            "_id" : ObjectId("5c08ab7b1e295006a44b4bbb"), 
            "Category" : ObjectId("5bb4b3af2bfdcb07d170cbe2"), 
            "NoOfQuestion" : NumberInt(10), 
            "Cutoff" : NumberInt(2)
        }, 
        {
            "_id" : ObjectId("5c08ab7b1e295006a44b4bba"), 
            "Category" : ObjectId("5bb4b3b82bfdcb07d170cbe3"), 
            "NoOfQuestion" : NumberInt(10), 
            "Cutoff" : NumberInt(3)
        }, 
        {
            "_id" : ObjectId("5c08ab7b1e295006a44b4bb9"), 
            "Category" : ObjectId("5bb4b3be2bfdcb07d170cbe4"), 
            "NoOfQuestion" : NumberInt(10), 
            "Cutoff" : NumberInt(2)
        }
    ], 
    "ExamDuration" : NumberInt(30), 
    "Created_By" : ObjectId("5c089adc1e295006a44b4bb7"), 
    "Last_Modified_By" : ObjectId("5b8ab11e20d47b1298e83d17"), 
    "Active_Status" : true, 
    "If_Deleted" : true, 
    "createdAt" : ISODate("2018-12-06T04:54:19.836+0000"), 
    "updatedAt" : ISODate("2018-12-06T05:23:48.211+0000"), 
    "__v" : NumberInt(0)
},
{ 
    "_id" : ObjectId("5c08b264fbe83c71a1bf6dd6"), 
    "Institution" : ObjectId("5bb4b3fa2bfdcb07d170cbe5"), 
    "Department" : ObjectId("5bb4b3992bfdcb07d170cbe0"), 
    "Config" : [
        {
            "_id" : ObjectId("5c08b264fbe83c71a1bf6dd9"), 
            "Category" : ObjectId("5bb4b3af2bfdcb07d170cbe2"), 
            "NoOfQuestion" : NumberInt(10), 
            "Cutoff" : NumberInt(1)
        }, 
        {
            "_id" : ObjectId("5c08b264fbe83c71a1bf6dd8"), 
            "Category" : ObjectId("5bb4b3b82bfdcb07d170cbe3"), 
            "NoOfQuestion" : NumberInt(10), 
            "Cutoff" : NumberInt(1)
        }, 
        {
            "_id" : ObjectId("5c08b264fbe83c71a1bf6dd7"), 
            "Category" : ObjectId("5bb4b3be2bfdcb07d170cbe4"), 
            "NoOfQuestion" : NumberInt(10), 
            "Cutoff" : NumberInt(1)
        }
    ], 
    "ExamDuration" : NumberInt(30), 
    "Created_By" : ObjectId("5b8ab11e20d47b1298e83d17"), 
    "Last_Modified_By" : ObjectId("5b8ab11e20d47b1298e83d17"), 
    "Active_Status" : true, 
    "If_Deleted" : true, 
    "createdAt" : ISODate("2018-12-06T05:23:48.473+0000"), 
    "updatedAt" : ISODate("2018-12-06T05:50:56.378+0000"), 
    "__v" : NumberInt(0)
},
{ 
    "_id" : ObjectId("5c08b8c0fbe83c71a1bf6dda"), 
    "Institution" : ObjectId("5bb4b3fa2bfdcb07d170cbe5"), 
    "Department" : ObjectId("5bb4b3992bfdcb07d170cbe0"), 
    "Config" : [
        {
            "_id" : ObjectId("5c08b8c0fbe83c71a1bf6ddd"), 
            "Category" : ObjectId("5bb4b3af2bfdcb07d170cbe2"), 
            "NoOfQuestion" : NumberInt(5), 
            "Cutoff" : NumberInt(1)
        }, 
        {
            "_id" : ObjectId("5c08b8c0fbe83c71a1bf6ddc"), 
            "Category" : ObjectId("5bb4b3b82bfdcb07d170cbe3"), 
            "NoOfQuestion" : NumberInt(5), 
            "Cutoff" : NumberInt(1)
        }, 
        {
            "_id" : ObjectId("5c08b8c0fbe83c71a1bf6ddb"), 
            "Category" : ObjectId("5bb4b3be2bfdcb07d170cbe4"), 
            "NoOfQuestion" : NumberInt(5), 
            "Cutoff" : NumberInt(1)
        }
    ], 
    "ExamDuration" : NumberInt(30), 
    "Created_By" : ObjectId("5b8ab11e20d47b1298e83d17"), 
    "Last_Modified_By" : ObjectId("5b8ab11e20d47b1298e83d17"), 
    "Active_Status" : true, 
    "If_Deleted" : true, 
    "createdAt" : ISODate("2018-12-06T05:50:56.638+0000"), 
    "updatedAt" : ISODate("2019-01-02T09:20:41.985+0000"), 
    "__v" : NumberInt(0)
},
{ 
    "_id" : ObjectId("5c276854f3453612d09888d1"), 
    "Institution" : ObjectId("5bb4b3fa2bfdcb07d170cbe5"), 
    "Department" : ObjectId("5bc41040125a73061dfa0e46"), 
    "Config" : [
        {
            "_id" : ObjectId("5c276854f3453612d09888d2"), 
            "Category" : ObjectId("5bb4b3af2bfdcb07d170cbe2"), 
            "NoOfQuestion" : NumberInt(10), 
            "Cutoff" : NumberInt(5)
        }
    ], 
    "ExamDuration" : NumberInt(100), 
    "Created_By" : ObjectId("5c273e94bbbde43450559a44"), 
    "Last_Modified_By" : ObjectId("5b8ab11e20d47b1298e83d17"), 
    "Active_Status" : true, 
    "If_Deleted" : true, 
    "createdAt" : ISODate("2018-12-29T12:28:04.314+0000"), 
    "updatedAt" : ISODate("2019-01-02T09:19:11.498+0000"), 
    "__v" : NumberInt(0)
},
{ 
    "_id" : ObjectId("5c2c820feb301d0f68f03f97"), 
    "Institution" : ObjectId("5bb4b3fa2bfdcb07d170cbe5"), 
    "Department" : ObjectId("5bb4b38f2bfdcb07d170cbdf"), 
    "Config" : [
        {
            "_id" : ObjectId("5c2c820feb301d0f68f03f9a"), 
            "Category" : ObjectId("5bb4b3af2bfdcb07d170cbe2"), 
            "NoOfQuestion" : NumberInt(10), 
            "Cutoff" : NumberInt(5)
        }, 
        {
            "_id" : ObjectId("5c2c820feb301d0f68f03f99"), 
            "Category" : ObjectId("5bb4b3b82bfdcb07d170cbe3"), 
            "NoOfQuestion" : NumberInt(10), 
            "Cutoff" : NumberInt(5)
        }, 
        {
            "_id" : ObjectId("5c2c820feb301d0f68f03f98"), 
            "Category" : ObjectId("5bb4b3be2bfdcb07d170cbe4"), 
            "NoOfQuestion" : NumberInt(10), 
            "Cutoff" : NumberInt(5)
        }
    ], 
    "ExamDuration" : NumberInt(30), 
    "Created_By" : ObjectId("5b8ab11e20d47b1298e83d17"), 
    "Last_Modified_By" : ObjectId("5b8ab11e20d47b1298e83d17"), 
    "Active_Status" : true, 
    "If_Deleted" : true, 
    "createdAt" : ISODate("2019-01-02T09:19:11.736+0000"), 
    "updatedAt" : ISODate("2019-02-16T16:18:38.887+0000"), 
    "__v" : NumberInt(0)
},
{ 
    "_id" : ObjectId("5c2c826aeb301d0f68f03f9b"), 
    "Institution" : ObjectId("5c2c7badeb301d0f68f03f8e"), 
    "Department" : ObjectId("5bb4b3992bfdcb07d170cbe0"), 
    "Config" : [
        {
            "_id" : ObjectId("5c2c826aeb301d0f68f03f9e"), 
            "Category" : ObjectId("5bb4b3af2bfdcb07d170cbe2"), 
            "NoOfQuestion" : NumberInt(10), 
            "Cutoff" : NumberInt(5)
        }, 
        {
            "_id" : ObjectId("5c2c826aeb301d0f68f03f9d"), 
            "Category" : ObjectId("5bb4b3b82bfdcb07d170cbe3"), 
            "NoOfQuestion" : NumberInt(10), 
            "Cutoff" : NumberInt(5)
        }, 
        {
            "_id" : ObjectId("5c2c826aeb301d0f68f03f9c"), 
            "Category" : ObjectId("5bb4b3be2bfdcb07d170cbe4"), 
            "NoOfQuestion" : NumberInt(10), 
            "Cutoff" : NumberInt(5)
        }
    ], 
    "ExamDuration" : NumberInt(30), 
    "Created_By" : ObjectId("5b8ab11e20d47b1298e83d17"), 
    "Last_Modified_By" : ObjectId("5b8ab11e20d47b1298e83d17"), 
    "Active_Status" : true, 
    "If_Deleted" : true, 
    "createdAt" : ISODate("2019-01-02T09:20:42.218+0000"), 
    "updatedAt" : ISODate("2019-01-02T09:23:38.949+0000"), 
    "__v" : NumberInt(0)
},
{ 
    "_id" : ObjectId("5c2c8296eb301d0f68f03f9f"), 
    "Institution" : ObjectId("5bb4b3fa2bfdcb07d170cbe5"), 
    "Department" : ObjectId("5bb4b3992bfdcb07d170cbe0"), 
    "Config" : [
        {
            "_id" : ObjectId("5c2c8296eb301d0f68f03fa2"), 
            "Category" : ObjectId("5bb4b3af2bfdcb07d170cbe2"), 
            "NoOfQuestion" : NumberInt(10), 
            "Cutoff" : NumberInt(5)
        }, 
        {
            "_id" : ObjectId("5c2c8296eb301d0f68f03fa1"), 
            "Category" : ObjectId("5bb4b3b82bfdcb07d170cbe3"), 
            "NoOfQuestion" : NumberInt(10), 
            "Cutoff" : NumberInt(5)
        }, 
        {
            "_id" : ObjectId("5c2c8296eb301d0f68f03fa0"), 
            "Category" : ObjectId("5bb4b3be2bfdcb07d170cbe4"), 
            "NoOfQuestion" : NumberInt(10), 
            "Cutoff" : NumberInt(5)
        }
    ], 
    "ExamDuration" : NumberInt(30), 
    "Created_By" : ObjectId("5b8ab11e20d47b1298e83d17"), 
    "Last_Modified_By" : ObjectId("5b8ab11e20d47b1298e83d17"), 
    "Active_Status" : true, 
    "If_Deleted" : true, 
    "createdAt" : ISODate("2019-01-02T09:21:26.013+0000"), 
    "updatedAt" : ISODate("2019-01-09T07:35:07.213+0000"), 
    "__v" : NumberInt(0)
},
{ 
    "_id" : ObjectId("5c2c831beb301d0f68f03fa3"), 
    "Institution" : ObjectId("5c2c7badeb301d0f68f03f8e"), 
    "Department" : ObjectId("5bb4b3992bfdcb07d170cbe0"), 
    "Config" : [
        {
            "_id" : ObjectId("5c2c831beb301d0f68f03fa6"), 
            "Category" : ObjectId("5bb4b3af2bfdcb07d170cbe2"), 
            "NoOfQuestion" : NumberInt(10), 
            "Cutoff" : NumberInt(5)
        }, 
        {
            "_id" : ObjectId("5c2c831beb301d0f68f03fa5"), 
            "Category" : ObjectId("5bb4b3b82bfdcb07d170cbe3"), 
            "NoOfQuestion" : NumberInt(10), 
            "Cutoff" : NumberInt(5)
        }, 
        {
            "_id" : ObjectId("5c2c831beb301d0f68f03fa4"), 
            "Category" : ObjectId("5bb4b3be2bfdcb07d170cbe4"), 
            "NoOfQuestion" : NumberInt(10), 
            "Cutoff" : NumberInt(5)
        }
    ], 
    "ExamDuration" : NumberInt(30), 
    "Created_By" : ObjectId("5b8ab11e20d47b1298e83d17"), 
    "Last_Modified_By" : ObjectId("5b8ab11e20d47b1298e83d17"), 
    "Active_Status" : true, 
    "If_Deleted" : false, 
    "createdAt" : ISODate("2019-01-02T09:23:39.181+0000"), 
    "updatedAt" : ISODate("2019-01-02T09:23:39.181+0000"), 
    "__v" : NumberInt(0)
},
{ 
    "_id" : ObjectId("5c348cefeb301d0f68f03faa"), 
    "Institution" : ObjectId("5c2c7af0eb301d0f68f03f8d"), 
    "Department" : ObjectId("5c348438eb301d0f68f03fa7"), 
    "Config" : [
        {
            "_id" : ObjectId("5c348cefeb301d0f68f03fad"), 
            "Category" : ObjectId("5bb4b3be2bfdcb07d170cbe4"), 
            "NoOfQuestion" : NumberInt(10), 
            "Cutoff" : NumberInt(1)
        }, 
        {
            "_id" : ObjectId("5c348cefeb301d0f68f03fac"), 
            "Category" : ObjectId("5bb4b3af2bfdcb07d170cbe2"), 
            "NoOfQuestion" : NumberInt(10), 
            "Cutoff" : NumberInt(1)
        }, 
        {
            "_id" : ObjectId("5c348cefeb301d0f68f03fab"), 
            "Category" : ObjectId("5bb4b3b82bfdcb07d170cbe3"), 
            "NoOfQuestion" : NumberInt(10), 
            "Cutoff" : NumberInt(1)
        }
    ], 
    "ExamDuration" : NumberInt(30), 
    "Created_By" : ObjectId("5b8ab11e20d47b1298e83d17"), 
    "Last_Modified_By" : ObjectId("5b8ab11e20d47b1298e83d17"), 
    "Active_Status" : true, 
    "If_Deleted" : false, 
    "createdAt" : ISODate("2019-01-08T11:43:43.114+0000"), 
    "updatedAt" : ISODate("2019-01-08T11:43:43.114+0000"), 
    "__v" : NumberInt(0)
},
{ 
    "_id" : ObjectId("5c35a42b68a54136e0f487f4"), 
    "Institution" : ObjectId("5bb4b3fa2bfdcb07d170cbe5"), 
    "Department" : ObjectId("5bb4b3992bfdcb07d170cbe0"), 
    "Config" : [
        {
            "_id" : ObjectId("5c35a42b68a54136e0f487f7"), 
            "Category" : ObjectId("5bb4b3af2bfdcb07d170cbe2"), 
            "NoOfQuestion" : NumberInt(8), 
            "Cutoff" : NumberInt(5)
        }, 
        {
            "_id" : ObjectId("5c35a42b68a54136e0f487f6"), 
            "Category" : ObjectId("5bb4b3b82bfdcb07d170cbe3"), 
            "NoOfQuestion" : NumberInt(10), 
            "Cutoff" : NumberInt(5)
        }, 
        {
            "_id" : ObjectId("5c35a42b68a54136e0f487f5"), 
            "Category" : ObjectId("5bb4b3be2bfdcb07d170cbe4"), 
            "NoOfQuestion" : NumberInt(10), 
            "Cutoff" : NumberInt(5)
        }
    ], 
    "ExamDuration" : NumberInt(30), 
    "Created_By" : ObjectId("5b8ab11e20d47b1298e83d17"), 
    "Last_Modified_By" : ObjectId("5b8ab11e20d47b1298e83d17"), 
    "Active_Status" : true, 
    "If_Deleted" : false, 
    "createdAt" : ISODate("2019-01-09T07:35:07.530+0000"), 
    "updatedAt" : ISODate("2019-01-09T07:35:07.530+0000"), 
    "__v" : NumberInt(0)
},
{ 
    "_id" : ObjectId("5c35bfb2d6ca11093bc22663"), 
    "Institution" : ObjectId("5bb4b42a2bfdcb07d170cbe7"), 
    "Department" : ObjectId("5bc4112b125a73061dfa0e48"), 
    "Config" : [
        {
            "_id" : ObjectId("5c35bfb2d6ca11093bc22665"), 
            "Category" : ObjectId("5bb4b3af2bfdcb07d170cbe2"), 
            "NoOfQuestion" : NumberInt(10), 
            "Cutoff" : NumberInt(5)
        }, 
        {
            "_id" : ObjectId("5c35bfb2d6ca11093bc22664"), 
            "Category" : ObjectId("5bb4b3b82bfdcb07d170cbe3"), 
            "NoOfQuestion" : NumberInt(10), 
            "Cutoff" : NumberInt(5)
        }
    ], 
    "ExamDuration" : NumberInt(30), 
    "Created_By" : ObjectId("5b8ab11e20d47b1298e83d17"), 
    "Last_Modified_By" : ObjectId("5b8ab11e20d47b1298e83d17"), 
    "Active_Status" : true, 
    "If_Deleted" : true, 
    "createdAt" : ISODate("2019-01-09T09:32:34.049+0000"), 
    "updatedAt" : ISODate("2019-01-09T09:32:52.439+0000"), 
    "__v" : NumberInt(0)
},
{ 
    "_id" : ObjectId("5c35bfc4d6ca11093bc22666"), 
    "Institution" : ObjectId("5bb4b42a2bfdcb07d170cbe7"), 
    "Department" : ObjectId("5bc4112b125a73061dfa0e48"), 
    "Config" : [
        {
            "_id" : ObjectId("5c35bfc4d6ca11093bc22669"), 
            "Category" : ObjectId("5bb4b3af2bfdcb07d170cbe2"), 
            "NoOfQuestion" : NumberInt(10), 
            "Cutoff" : NumberInt(5)
        }, 
        {
            "_id" : ObjectId("5c35bfc4d6ca11093bc22668"), 
            "Category" : ObjectId("5bb4b3b82bfdcb07d170cbe3"), 
            "NoOfQuestion" : NumberInt(10), 
            "Cutoff" : NumberInt(5)
        }, 
        {
            "_id" : ObjectId("5c35bfc4d6ca11093bc22667"), 
            "Category" : ObjectId("5bb4b3be2bfdcb07d170cbe4"), 
            "NoOfQuestion" : NumberInt(10), 
            "Cutoff" : NumberInt(5)
        }
    ], 
    "ExamDuration" : NumberInt(30), 
    "Created_By" : ObjectId("5b8ab11e20d47b1298e83d17"), 
    "Last_Modified_By" : ObjectId("5b8ab11e20d47b1298e83d17"), 
    "Active_Status" : true, 
    "If_Deleted" : false, 
    "createdAt" : ISODate("2019-01-09T09:32:52.685+0000"), 
    "updatedAt" : ISODate("2019-01-09T09:32:52.685+0000"), 
    "__v" : NumberInt(0)
},
{ 
    "_id" : ObjectId("5c6837df96b845182c830fa2"), 
    "Institution" : ObjectId("5bb4b3fa2bfdcb07d170cbe5"), 
    "Department" : ObjectId("5bb4b38f2bfdcb07d170cbdf"), 
    "Config" : [
        {
            "_id" : ObjectId("5c6837df96b845182c830fa5"), 
            "Category" : ObjectId("5bb4b3af2bfdcb07d170cbe2"), 
            "NoOfQuestion" : NumberInt(3), 
            "Cutoff" : NumberInt(3)
        }, 
        {
            "_id" : ObjectId("5c6837df96b845182c830fa4"), 
            "Category" : ObjectId("5bb4b3b82bfdcb07d170cbe3"), 
            "NoOfQuestion" : NumberInt(3), 
            "Cutoff" : NumberInt(3)
        }, 
        {
            "_id" : ObjectId("5c6837df96b845182c830fa3"), 
            "Category" : ObjectId("5bb4b3be2bfdcb07d170cbe4"), 
            "NoOfQuestion" : NumberInt(3), 
            "Cutoff" : NumberInt(3)
        }
    ], 
    "ExamDuration" : NumberInt(30), 
    "Created_By" : ObjectId("5b8ab11e20d47b1298e83d17"), 
    "Last_Modified_By" : ObjectId("5b8ab11e20d47b1298e83d17"), 
    "Active_Status" : true, 
    "If_Deleted" : false, 
    "createdAt" : ISODate("2019-02-16T16:18:39.124+0000"), 
    "updatedAt" : ISODate("2019-02-16T16:18:39.124+0000"), 
    "__v" : NumberInt(0)
}
]
