[
{ 
    "_id" : ObjectId("5c010f94faec49155c9620ba"), 
    "ExamDetails" : "Lorem ipsum dolor, sit amet consectetur adipisicing elit. Suscipit harum animi dolores natus sunt cupiditate architecto aperiam eveniet error. Esse voluptatibus commodi recusandae non! Culpa vel iure quaerat soluta assumenda.\n", 
    "Created_By" : ObjectId("5b8ab11e20d47b1298e83d17"), 
    "Last_Modified_By" : ObjectId("5b8ab11e20d47b1298e83d17"), 
    "Active_Status" : true, 
    "If_Deleted" : true, 
    "createdAt" : ISODate("2018-11-30T10:23:16.834+0000"), 
    "updatedAt" : ISODate("2018-11-30T10:26:30.782+0000"), 
    "__v" : NumberInt(0)
},
{ 
    "_id" : ObjectId("5c01105efaec49155c9620bb"), 
    "ExamDetails" : "In case of any clarifications regarding the Online examination ,please mail us at director.clt.sns@gmail.com\n", 
    "Created_By" : ObjectId("5b8ab11e20d47b1298e83d17"), 
    "Last_Modified_By" : ObjectId("5b8ab11e20d47b1298e83d17"), 
    "Active_Status" : true, 
    "If_Deleted" : false, 
    "createdAt" : ISODate("2018-11-30T10:26:38.464+0000"), 
    "updatedAt" : ISODate("2018-12-06T03:36:51.518+0000"), 
    "__v" : NumberInt(0)
},
{ 
    "_id" : ObjectId("5c011917faec49155c9620bc"), 
    "ExamDetails" : "The Candidate has to obtain minimum marks in all the three sections set by the Recruitment team to clear the examination.", 
    "Created_By" : ObjectId("5b8ab11e20d47b1298e83d17"), 
    "Last_Modified_By" : ObjectId("5b8ab11e20d47b1298e83d17"), 
    "Active_Status" : true, 
    "If_Deleted" : false, 
    "createdAt" : ISODate("2018-11-30T11:03:51.060+0000"), 
    "updatedAt" : ISODate("2018-12-06T03:34:53.282+0000"), 
    "__v" : NumberInt(0)
},
{ 
    "_id" : ObjectId("5c01191afaec49155c9620bd"), 
    "ExamDetails" : "The duration of the examination is 30 minutes.", 
    "Created_By" : ObjectId("5b8ab11e20d47b1298e83d17"), 
    "Last_Modified_By" : ObjectId("5b8ab11e20d47b1298e83d17"), 
    "Active_Status" : true, 
    "If_Deleted" : false, 
    "createdAt" : ISODate("2018-11-30T11:03:54.504+0000"), 
    "updatedAt" : ISODate("2018-12-06T03:32:32.200+0000"), 
    "__v" : NumberInt(0)
},
{ 
    "_id" : ObjectId("5c01191efaec49155c9620be"), 
    "ExamDetails" : "The Examination consists of three sections namely Teaching Pedagogy,Technical competency and lifeskills. Candidates are advised to complete all the three sections.", 
    "Created_By" : ObjectId("5b8ab11e20d47b1298e83d17"), 
    "Last_Modified_By" : ObjectId("5b8ab11e20d47b1298e83d17"), 
    "Active_Status" : true, 
    "If_Deleted" : false, 
    "createdAt" : ISODate("2018-11-30T11:03:58.369+0000"), 
    "updatedAt" : ISODate("2018-12-06T03:31:35.944+0000"), 
    "__v" : NumberInt(0)
},
{ 
    "_id" : ObjectId("5c011921faec49155c9620bf"), 
    "ExamDetails" : "Candidates are kindly requested to login to the Online examination link using the reference number and password provided in the mail.", 
    "Created_By" : ObjectId("5b8ab11e20d47b1298e83d17"), 
    "Last_Modified_By" : ObjectId("5b8ab11e20d47b1298e83d17"), 
    "Active_Status" : true, 
    "If_Deleted" : false, 
    "createdAt" : ISODate("2018-11-30T11:04:01.805+0000"), 
    "updatedAt" : ISODate("2018-12-06T03:30:12.109+0000"), 
    "__v" : NumberInt(0)
},
{ 
    "_id" : ObjectId("5c0899ab1e295006a44b4bb4"), 
    "ExamDetails" : "There is no negative marking for wrong and unanswered questions.", 
    "Created_By" : ObjectId("5b8ab11e20d47b1298e83d17"), 
    "Last_Modified_By" : ObjectId("5b8ab11e20d47b1298e83d17"), 
    "Active_Status" : true, 
    "If_Deleted" : false, 
    "createdAt" : ISODate("2018-12-06T03:38:19.925+0000"), 
    "updatedAt" : ISODate("2018-12-06T03:38:35.629+0000"), 
    "__v" : NumberInt(0)
}
]
