[
{ 
    "_id" : ObjectId("5bb4b42a2bfdcb07d170cbe7"), 
    "Departments" : [
        ObjectId("5bc4112b125a73061dfa0e48")
    ], 
    "Institution" : "Dr.SNS College of Education", 
    "Institution_Code" : "SNS 2", 
    "Image" : {
        "filename" : "Ins_1538569258842.png", 
        "mimetype" : "image/png", 
        "size" : NumberInt(74103)
    }, 
    "Institution_Category" : {
        "Category" : "Education", 
        "Type" : "Type_3"
    }, 
    "Created_By" : ObjectId("5b8ab11e20d47b1298e83d17"), 
    "Last_Modified_By" : ObjectId("5b8ab11e20d47b1298e83d17"), 
    "Active_Status" : true, 
    "If_Deleted" : false, 
    "createdAt" : ISODate("2018-10-03T12:20:58.899+0000"), 
    "updatedAt" : ISODate("2019-01-09T09:24:37.550+0000"), 
    "__v" : NumberInt(4), 
    "Designation" : [
        ObjectId("5c32ea632b668d08b0783b8b"), 
        ObjectId("5c32ea832b668d08b0783b8d"), 
        ObjectId("5c32eaa62b668d08b0783b8e")
    ]
},
{ 
    "_id" : ObjectId("5c2c7badeb301d0f68f03f8e"), 
    "Departments" : [
        ObjectId("5bc41057125a73061dfa0e47"), 
        ObjectId("5bc41040125a73061dfa0e46"), 
        ObjectId("5bb4b38f2bfdcb07d170cbdf"), 
        ObjectId("5bb4b3992bfdcb07d170cbe0"), 
        ObjectId("5bb4b3a52bfdcb07d170cbe1"), 
        ObjectId("5bc41027125a73061dfa0e45"), 
        ObjectId("5c2c7f03eb301d0f68f03f92"), 
        ObjectId("5c2c7f41eb301d0f68f03f94"), 
        ObjectId("5c2c7f55eb301d0f68f03f95"), 
        ObjectId("5c2c7f97eb301d0f68f03f96"), 
        ObjectId("5c2c7ecdeb301d0f68f03f91"), 
        ObjectId("5c2c7eadeb301d0f68f03f90"), 
        ObjectId("5c2c7e8aeb301d0f68f03f8f"), 
        ObjectId("5c2c7f19eb301d0f68f03f93")
    ], 
    "Institution" : "SNS College of technology", 
    "Institution_Code" : "SNS 1", 
    "Image" : {
        "filename" : "Ins_1546419117128.png", 
        "mimetype" : "image/jpeg", 
        "size" : NumberInt(13125)
    }, 
    "Institution_Category" : {
        "Category" : "Engineering", 
        "Type" : "Type_1"
    }, 
    "Created_By" : ObjectId("5b8ab11e20d47b1298e83d17"), 
    "Last_Modified_By" : ObjectId("5b8ab11e20d47b1298e83d17"), 
    "Active_Status" : true, 
    "If_Deleted" : false, 
    "createdAt" : ISODate("2019-01-02T08:51:57.133+0000"), 
    "updatedAt" : ISODate("2019-01-07T06:43:39.067+0000"), 
    "__v" : NumberInt(2), 
    "Designation" : [
        ObjectId("5c32eaa62b668d08b0783b8e"), 
        ObjectId("5c32ea832b668d08b0783b8d"), 
        ObjectId("5c32ea632b668d08b0783b8b"), 
        ObjectId("5c32ea722b668d08b0783b8c")
    ]
},
{ 
    "_id" : ObjectId("5c2c7af0eb301d0f68f03f8d"), 
    "Departments" : [
        ObjectId("5bb4b38f2bfdcb07d170cbdf"), 
        ObjectId("5c348438eb301d0f68f03fa7"), 
        ObjectId("5c348c87eb301d0f68f03fa9")
    ], 
    "Institution" : "SNS Academy(A Fingerprint School)", 
    "Institution_Code" : "SNS 4", 
    "Image" : {
        "filename" : "Ins_1546418925826.png", 
        "mimetype" : "image/png", 
        "size" : NumberInt(587518)
    }, 
    "Institution_Category" : {
        "Category" : "School", 
        "Type" : "Type_4"
    }, 
    "Created_By" : ObjectId("5b8ab11e20d47b1298e83d17"), 
    "Last_Modified_By" : ObjectId("5b8ab11e20d47b1298e83d17"), 
    "Active_Status" : true, 
    "If_Deleted" : false, 
    "createdAt" : ISODate("2019-01-02T08:48:48.394+0000"), 
    "updatedAt" : ISODate("2019-01-08T11:49:49.464+0000"), 
    "__v" : NumberInt(3), 
    "Designation" : [
        ObjectId("5c32ea632b668d08b0783b8b"), 
        ObjectId("5c32f56237cf592f2c5d1322"), 
        ObjectId("5c32f57237cf592f2c5d1323"), 
        ObjectId("5c32f58437cf592f2c5d1324"), 
        ObjectId("5c32f5a637cf592f2c5d1325")
    ]
},
{ 
    "_id" : ObjectId("5bb4b4112bfdcb07d170cbe6"), 
    "Departments" : [
        ObjectId("5bc4112b125a73061dfa0e48")
    ], 
    "Institution" : "Dr.SNS Rajalakshmi College of Arts & Science", 
    "Institution_Code" : "SNS 1", 
    "Image" : {
        "filename" : "Ins_1538569233012.png", 
        "mimetype" : "image/png", 
        "size" : NumberInt(38242)
    }, 
    "Institution_Category" : {
        "Category" : "Arts & Science", 
        "Type" : "Type_2"
    }, 
    "Created_By" : ObjectId("5b8ab11e20d47b1298e83d17"), 
    "Last_Modified_By" : ObjectId("5b8ab11e20d47b1298e83d17"), 
    "Active_Status" : true, 
    "If_Deleted" : false, 
    "createdAt" : ISODate("2018-10-03T12:20:33.043+0000"), 
    "updatedAt" : ISODate("2019-01-07T06:46:53.596+0000"), 
    "__v" : NumberInt(3), 
    "Designation" : [
        ObjectId("5c32ea632b668d08b0783b8b"), 
        ObjectId("5c32ea722b668d08b0783b8c"), 
        ObjectId("5c32ea832b668d08b0783b8d"), 
        ObjectId("5c32eaa62b668d08b0783b8e")
    ]
},
{ 
    "_id" : ObjectId("5bb4b3fa2bfdcb07d170cbe5"), 
    "Departments" : [
        ObjectId("5bb4b38f2bfdcb07d170cbdf"), 
        ObjectId("5bb4b3992bfdcb07d170cbe0"), 
        ObjectId("5bb4b3a52bfdcb07d170cbe1"), 
        ObjectId("5bc41057125a73061dfa0e47"), 
        ObjectId("5bc41040125a73061dfa0e46"), 
        ObjectId("5bc41027125a73061dfa0e45")
    ], 
    "Institution" : "SNS College of Engineering", 
    "Institution_Code" : "SNS 3", 
    "Image" : {
        "filename" : "Ins_1538569210875.png", 
        "mimetype" : "image/png", 
        "size" : NumberInt(64480)
    }, 
    "Institution_Category" : {
        "Category" : "Engineering", 
        "Type" : "Type_1"
    }, 
    "Created_By" : ObjectId("5b8ab11e20d47b1298e83d17"), 
    "Last_Modified_By" : ObjectId("5b8ab11e20d47b1298e83d17"), 
    "Active_Status" : true, 
    "If_Deleted" : false, 
    "createdAt" : ISODate("2018-10-03T12:20:10.910+0000"), 
    "updatedAt" : ISODate("2019-01-07T06:47:19.470+0000"), 
    "__v" : NumberInt(2), 
    "Designation" : [
        ObjectId("5c32ea632b668d08b0783b8b"), 
        ObjectId("5c32ea722b668d08b0783b8c"), 
        ObjectId("5c32ea832b668d08b0783b8d"), 
        ObjectId("5c32eaa62b668d08b0783b8e")
    ]
}
]
