[
{ 
    "v" : NumberInt(2), 
    "key" : {
        "_id" : NumberInt(1)
    }, 
    "name" : "_id_", 
    "ns" : "sns.Question_Answer"
},
{ 
    "v" : NumberInt(2), 
    "key" : {
        "_id" : NumberInt(1)
    }, 
    "name" : "_id_", 
    "ns" : "sns.User_Management"
},
{ 
    "v" : NumberInt(2), 
    "unique" : true, 
    "key" : {
        "User_Name" : NumberInt(1)
    }, 
    "name" : "User_Name_1", 
    "ns" : "sns.User_Management", 
    "background" : true
},
{ 
    "v" : NumberInt(2), 
    "key" : {
        "_id" : NumberInt(1)
    }, 
    "name" : "_id_", 
    "ns" : "sns.Department_List"
},
{ 
    "v" : NumberInt(2), 
    "key" : {
        "_id" : NumberInt(1)
    }, 
    "name" : "_id_", 
    "ns" : "sns.Institution_List"
},
{ 
    "v" : NumberInt(2), 
    "key" : {
        "_id" : NumberInt(1)
    }, 
    "name" : "_id_", 
    "ns" : "sns.Category_List"
},
{ 
    "v" : NumberInt(2), 
    "key" : {
        "_id" : NumberInt(1)
    }, 
    "name" : "_id_", 
    "ns" : "sns.ExamConfig_List"
},
{ 
    "v" : NumberInt(2), 
    "key" : {
        "_id" : NumberInt(1)
    }, 
    "name" : "_id_", 
    "ns" : "sns.Candidates_Data"
},
{ 
    "v" : NumberInt(2), 
    "key" : {
        "_id" : NumberInt(1)
    }, 
    "name" : "_id_", 
    "ns" : "sns.Online_Exam"
},
{ 
    "v" : NumberInt(2), 
    "key" : {
        "_id" : NumberInt(1)
    }, 
    "name" : "_id_", 
    "ns" : "sns.ExamDetails_List"
},
{ 
    "v" : NumberInt(2), 
    "key" : {
        "_id" : NumberInt(1)
    }, 
    "name" : "_id_", 
    "ns" : "sns.Designation_List"
},
{ 
    "v" : NumberInt(2), 
    "key" : {
        "_id" : NumberInt(1)
    }, 
    "name" : "_id_", 
    "ns" : "sns.VacanciesConfig_List"
}
]
