[
{ 
    "_id" : ObjectId("5c34f0e605e9ee33e4a1dffa"), 
    "User_Name" : "kathir", 
    "User_Password" : "123123", 
    "Name" : "kathir", 
    "Phone" : "123", 
    "Email" : "kathiraashi@gmail.com", 
    "Designation" : ObjectId("5c32ea722b668d08b0783b8c"), 
    "ApplicationManagement_Permission" : true, 
    "Q_A_Permission" : false, 
    "OnlineExamUpdate_Permission" : true, 
    "GD_Permission" : true, 
    "Technical_Permission" : true, 
    "Hr_Permission" : true, 
    "BasicConfig_Permission" : false, 
    "AdvancedConfig_Permission" : false, 
    "UserManagement_Permission" : false, 
    "Institution_Restricted" : true, 
    "Department_Restricted" : true, 
    "Institution" : ObjectId("5c2c7af0eb301d0f68f03f8d"), 
    "Department" : ObjectId("5bb4b38f2bfdcb07d170cbdf"), 
    "Created_By" : ObjectId("5b8ab11e20d47b1298e83d17"), 
    "Last_ModifiedBy" : ObjectId("5b8ab11e20d47b1298e83d17"), 
    "Active_Status" : true, 
    "createdAt" : ISODate("2019-01-08T18:50:14.874+0000"), 
    "updatedAt" : ISODate("2019-02-14T03:14:33.914+0000"), 
    "__v" : NumberInt(0), 
    "LastActiveTime" : ISODate("2019-02-14T03:14:33.913+0000"), 
    "LoginTime" : ISODate("2019-02-14T03:13:48.000+0000"), 
    "LoginToken" : "0efc28af157f88c57bb2cea886995d5f", 
    "ApplicationCreate_Permission" : null, 
    "EmailToken" : ""
},
{ 
    "_id" : ObjectId("5b8ab11e20d47b1298e83d17"), 
    "User_Name" : "admin", 
    "User_Password" : "1234", 
    "Name" : "SNS Admin", 
    "Phone" : "9876543210", 
    "Email" : "info@gmail.com", 
    "Designation" : ObjectId("5c35b38ce6690418d881e873"), 
    "ApplicationManagement_Permission" : true, 
    "Q_A_Permission" : true, 
    "OnlineExamUpdate_Permission" : true, 
    "GD_Permission" : true, 
    "Technical_Permission" : true, 
    "Hr_Permission" : true, 
    "BasicConfig_Permission" : true, 
    "AdvancedConfig_Permission" : true, 
    "UserManagement_Permission" : true, 
    "Institution_Restricted" : false, 
    "Department_Restricted" : false, 
    "Institution" : null, 
    "Department" : null, 
    "Created_By" : ObjectId("5b8ab11e20d47b1298e83d17"), 
    "Last_ModifiedBy" : ObjectId("5b8ab11e20d47b1298e83d17"), 
    "Active_Status" : true, 
    "createdAt" : ISODate("2018-09-01T04:41:19.827+0000"), 
    "updatedAt" : ISODate("2019-02-18T03:09:40.047+0000"), 
    "__v" : NumberInt(0), 
    "LastActiveTime" : ISODate("2019-02-18T03:09:40.047+0000"), 
    "LoginTime" : ISODate("2019-02-18T02:05:18.000+0000"), 
    "LoginToken" : "a67f7327ffe76841a0472e84fd1cff18", 
    "ApplicationCreate_Permission" : true
}
]
