[
{ 
    "_id" : ObjectId("5c34653202810720b809f773"), 
    "Institution" : ObjectId("5bb4b3fa2bfdcb07d170cbe5"), 
    "Department" : ObjectId("5bc41057125a73061dfa0e47"), 
    "Designation" : ObjectId("5c32ea722b668d08b0783b8c"), 
    "JobDescription" : "<p><strong><span style=\"color: rgb(251, 160, 38);\">Sample Job Description</span></strong></p>", 
    "JobResponsibility" : "<p><strong><span style=\"color: rgb(44, 130, 201);\">Sample Job Responsibility</span></strong></p>", 
    "Created_By" : ObjectId("5b8ab11e20d47b1298e83d17"), 
    "Last_Modified_By" : ObjectId("5b8ab11e20d47b1298e83d17"), 
    "Active_Status" : true, 
    "If_Deleted" : true, 
    "createdAt" : ISODate("2019-01-08T08:54:10.962+0000"), 
    "updatedAt" : ISODate("2019-01-11T05:15:25.023+0000"), 
    "__v" : NumberInt(0)
},
{ 
    "_id" : ObjectId("5c347104b87ba418c49e31fb"), 
    "Institution" : ObjectId("5bb4b3fa2bfdcb07d170cbe5"), 
    "Department" : ObjectId("5bb4b38f2bfdcb07d170cbdf"), 
    "Designation" : ObjectId("5c32ea722b668d08b0783b8c"), 
    "JobDescription" : "<p><strong><span style=\"color: rgb(251, 160, 38);\">Sample Job Description</span></strong></p><p style=\"text-align: center;\"><span style=\"color: rgb(41, 105, 176); font-family: Verdana, Geneva, sans-serif;\"><strong><span style=\"font-size: 12px;\">This is where you as a Qualified Professional can find attractive openings at SNS Group of Institutions, If your still Studying and are Interested in a work placement, you have come to the right place. we look for good, motivated employees on a regular basis. </span></strong></span></p>", 
    "JobResponsibility" : "<p><strong><span style=\"color: rgb(44, 130, 201);\">Sample Job Responsibility</span></strong></p>", 
    "Created_By" : ObjectId("5b8ab11e20d47b1298e83d17"), 
    "Last_Modified_By" : ObjectId("5b8ab11e20d47b1298e83d17"), 
    "Active_Status" : true, 
    "If_Deleted" : false, 
    "createdAt" : ISODate("2019-01-08T09:44:36.435+0000"), 
    "updatedAt" : ISODate("2019-01-08T10:16:24.178+0000"), 
    "__v" : NumberInt(0)
},
{ 
    "_id" : ObjectId("5c38266d585e6c130116e0ee"), 
    "Institution" : ObjectId("5bb4b3fa2bfdcb07d170cbe5"), 
    "Department" : ObjectId("5bc41057125a73061dfa0e47"), 
    "Designation" : ObjectId("5c32ea722b668d08b0783b8c"), 
    "JobDescription" : "<p><strong><span style=\"color: rgb(251, 160, 38);\">Sample Job Description</span></strong></p>", 
    "JobResponsibility" : "<p><strong><span style=\"color: rgb(44, 130, 201);\">Sample Job Responsibility</span></strong></p>", 
    "Created_By" : ObjectId("5b8ab11e20d47b1298e83d17"), 
    "Last_Modified_By" : ObjectId("5b8ab11e20d47b1298e83d17"), 
    "Active_Status" : true, 
    "If_Deleted" : false, 
    "createdAt" : ISODate("2019-01-11T05:15:25.264+0000"), 
    "updatedAt" : ISODate("2019-01-11T05:15:25.264+0000"), 
    "__v" : NumberInt(0)
}
]
