[
{ 
    "_id" : ObjectId("5b98ef285921670620ef9913"), 
    "User_Id" : "5b98eefc5921670620ef990f", 
    "Firebase_Token" : "cDyVGUUY2Ns:APA91bEoEi-Xnjtd7f-lD2HJhtRbC8xiIMt--2QtY3To9xMnh4Zyzn8VDE31uM9CChWRxjZHIaiT0h6oFbm6fzL43PnT5qTJ63OIV9HZp4paWwOG3kkvkhVYipR-zKHtb-8pFh9eqoqW", 
    "Ip" : "49.204.129.111", 
    "Device_Info" : {
        "ua" : "Dalvik/2.1.0 (Linux; U; Android 7.0; SM-J730GM Build/NRD90M)", 
        "os" : {
            "name" : "Android", 
            "version" : "7.0"
        }, 
        "device" : {
            "vendor" : "Samsung", 
            "model" : "SM-J730GM", 
            "type" : "mobile"
        }
    }, 
    "Active_Status" : "Inactive", 
    "createdAt" : ISODate("2018-09-12T10:49:12.070+0000"), 
    "updatedAt" : ISODate("2018-09-26T11:30:15.055+0000"), 
    "__v" : NumberInt(0)
},
{ 
    "_id" : ObjectId("5b98f0515921670620ef9917"), 
    "User_Id" : "5b98eefc5921670620ef990f", 
    "Firebase_Token" : "1", 
    "Ip" : "122.178.113.95", 
    "Device_Info" : {
        "ua" : "Mozilla/5.0 (Windows NT 10.0; Win64; x64) AppleWebKit/537.36 (KHTML, like Gecko) Chrome/69.0.3497.81 Safari/537.36", 
        "browser" : {
            "name" : "Chrome", 
            "version" : "69.0.3497.81", 
            "major" : "69"
        }, 
        "engine" : {
            "name" : "WebKit", 
            "version" : "537.36"
        }, 
        "os" : {
            "name" : "Windows", 
            "version" : "10"
        }, 
        "cpu" : {
            "architecture" : "amd64"
        }
    }, 
    "Active_Status" : "Active", 
    "createdAt" : ISODate("2018-09-12T10:54:09.852+0000"), 
    "updatedAt" : ISODate("2018-11-13T07:38:17.776+0000"), 
    "__v" : NumberInt(0)
},
{ 
    "_id" : ObjectId("5bbc45e6ea4585055d15d067"), 
    "User_Id" : "5b98eefc5921670620ef990f", 
    "Firebase_Token" : "frXc1MHNVkU:APA91bHWgTDyUQ9IBXCWj1syzeWoSkI8kXScGi5Cr6cFxNlXdZNKepEFTkbt3WOaEZL4vNSegw3XfbWw_ChnVhR17EqdbmHdtkixkXmiDIQHq8BL6RS3GAle4J24XqWdnMNwD1kqySD7", 
    "Ip" : "122.178.115.45", 
    "Device_Info" : {
        "ua" : "Dalvik/2.1.0 (Linux; U; Android 7.0; SM-J730GM Build/NRD90M)", 
        "os" : {
            "name" : "Android", 
            "version" : "7.0"
        }, 
        "device" : {
            "vendor" : "Samsung", 
            "model" : "SM-J730GM", 
            "type" : "mobile"
        }
    }, 
    "Active_Status" : "Inactive", 
    "createdAt" : ISODate("2018-10-09T06:08:38.087+0000"), 
    "updatedAt" : ISODate("2018-10-12T10:47:08.973+0000"), 
    "__v" : NumberInt(0)
},
{ 
    "_id" : ObjectId("5bdae83bec5dc90620cde1f9"), 
    "User_Id" : "5b98eefc5921670620ef990f", 
    "Firebase_Token" : "dGQWtc-zLMc:APA91bHN3MsS8jdcLSWw7jvXp4VR6iseWAY60hzEHPEW2bgo2rNFfW000BpKuiK6zdVdHPQg3MwMIwXQ9GbPWR4DRgFYn8CmTQC6_bWpjTxKaa4WTAzTGwud6MZBy_aK3KuQiJ8zPNgV", 
    "Ip" : "122.178.113.1", 
    "Device_Info" : {
        "ua" : "Dalvik/2.1.0 (Linux; U; Android 8.1.0; SM-J730GM Build/M1AJQ)", 
        "os" : {
            "name" : "Android", 
            "version" : "8.1.0"
        }, 
        "device" : {
            "vendor" : "Samsung", 
            "model" : "SM-J730GM", 
            "type" : "mobile"
        }
    }, 
    "Active_Status" : "Inactive", 
    "createdAt" : ISODate("2018-11-01T11:49:15.469+0000"), 
    "updatedAt" : ISODate("2018-11-13T07:38:17.580+0000"), 
    "__v" : NumberInt(0)
}
]
