[
{ 
    "_id" : ObjectId("5b98f1d75921670620ef991a"), 
    "Cubes_Id" : [
        "5b98ef235921670620ef9911"
    ], 
    "Attachments" : [
        {
            "File_Name" : "Post_1536750039244.jpg", 
            "File_Type" : "Image", 
            "Size" : NumberInt(29673)
        }
    ], 
    "Attach_File" : [

    ], 
    "RemovedCube_Ids" : [

    ], 
    "User_Id" : "5b98eefc5921670620ef990f", 
    "Post_Category" : "Story", 
    "Post_Text" : "hdhjdjd", 
    "Post_Link" : "", 
    "Shared_Post" : "False", 
    "Active_Status" : "Inactive", 
    "createdAt" : ISODate("2018-09-12T11:00:39.310+0000"), 
    "updatedAt" : ISODate("2018-09-17T12:33:20.088+0000"), 
    "__v" : NumberInt(0)
},
{ 
    "_id" : ObjectId("5b9b48155921670620ef991c"), 
    "Cubes_Id" : [
        "5b98ef235921670620ef9911"
    ], 
    "Attachments" : [
        {
            "File_Name" : "Post_1536903163752.jpg", 
            "File_Type" : "Image", 
            "Size" : NumberInt(2684193)
        }
    ], 
    "Attach_File" : [

    ], 
    "RemovedCube_Ids" : [

    ], 
    "User_Id" : "5b98eefc5921670620ef990f", 
    "Post_Category" : "Story", 
    "Post_Text" : "hello", 
    "Post_Link" : "", 
    "Shared_Post" : "False", 
    "Active_Status" : "Inactive", 
    "createdAt" : ISODate("2018-09-14T05:33:09.376+0000"), 
    "updatedAt" : ISODate("2018-09-17T12:33:20.092+0000"), 
    "__v" : NumberInt(0)
},
{ 
    "_id" : ObjectId("5b9b493d5921670620ef991d"), 
    "Cubes_Id" : [
        "5b98ef235921670620ef9911"
    ], 
    "Attachments" : [
        {
            "File_Name" : "Post_1536903478970.jpg", 
            "File_Type" : "Image", 
            "Size" : NumberInt(2926646)
        }
    ], 
    "Attach_File" : [

    ], 
    "RemovedCube_Ids" : [

    ], 
    "User_Id" : "5b98eefc5921670620ef990f", 
    "Post_Category" : "Story", 
    "Post_Text" : "hello", 
    "Post_Link" : "", 
    "Shared_Post" : "False", 
    "Active_Status" : "Inactive", 
    "createdAt" : ISODate("2018-09-14T05:38:05.895+0000"), 
    "updatedAt" : ISODate("2018-09-17T12:33:20.089+0000"), 
    "__v" : NumberInt(0)
},
{ 
    "_id" : ObjectId("5b9b63b75921670620ef991e"), 
    "Cubes_Id" : [
        "5b98ef235921670620ef9911"
    ], 
    "Attachments" : [
        {
            "File_Name" : "Post_1536910263344.png", 
            "File_Type" : "Image", 
            "Size" : NumberInt(195531)
        }
    ], 
    "Attach_File" : [

    ], 
    "RemovedCube_Ids" : [

    ], 
    "User_Id" : "5b98eefc5921670620ef990f", 
    "Post_Category" : "Story", 
    "Post_Text" : "hello", 
    "Post_Link" : "", 
    "Shared_Post" : "False", 
    "Active_Status" : "Inactive", 
    "createdAt" : ISODate("2018-09-14T07:31:03.702+0000"), 
    "updatedAt" : ISODate("2018-09-17T12:33:20.089+0000"), 
    "__v" : NumberInt(0)
},
{ 
    "_id" : ObjectId("5b9b64465921670620ef991f"), 
    "Cubes_Id" : [
        "5b98ef235921670620ef9911"
    ], 
    "Attachments" : [
        {
            "File_Name" : "Post_1536910404904.png", 
            "File_Type" : "Image", 
            "Size" : NumberInt(862746)
        }
    ], 
    "Attach_File" : [

    ], 
    "RemovedCube_Ids" : [

    ], 
    "User_Id" : "5b98eefc5921670620ef990f", 
    "Post_Category" : "Story", 
    "Post_Text" : "hello", 
    "Post_Link" : "", 
    "Shared_Post" : "False", 
    "Active_Status" : "Inactive", 
    "createdAt" : ISODate("2018-09-14T07:33:26.448+0000"), 
    "updatedAt" : ISODate("2018-09-17T12:33:20.093+0000"), 
    "__v" : NumberInt(0)
},
{ 
    "_id" : ObjectId("5b9fad09e3416e05f9f85ccf"), 
    "Cubes_Id" : [
        "5b9f9fae5921670620ef9933"
    ], 
    "Attachments" : [

    ], 
    "Attach_File" : [

    ], 
    "RemovedCube_Ids" : [

    ], 
    "User_Id" : "5b98eefc5921670620ef990f", 
    "Post_Category" : "Story", 
    "Post_Text" : "gdhdb", 
    "Post_Link" : "", 
    "Shared_Post" : "False", 
    "Active_Status" : "Active", 
    "createdAt" : ISODate("2018-09-17T13:32:58.006+0000"), 
    "updatedAt" : ISODate("2018-09-17T13:32:58.006+0000"), 
    "__v" : NumberInt(0)
},
{ 
    "_id" : ObjectId("5b9fafd1e3416e05f9f85cd0"), 
    "Cubes_Id" : [
        "5b9f9fae5921670620ef9933"
    ], 
    "Attachments" : [

    ], 
    "Attach_File" : [

    ], 
    "RemovedCube_Ids" : [

    ], 
    "User_Id" : "5b98eefc5921670620ef990f", 
    "Post_Category" : "Story", 
    "Post_Text" : "", 
    "Post_Link" : "", 
    "Shared_Post" : "False", 
    "Active_Status" : "Active", 
    "createdAt" : ISODate("2018-09-17T13:44:49.428+0000"), 
    "updatedAt" : ISODate("2018-09-17T13:44:49.428+0000"), 
    "__v" : NumberInt(0)
},
{ 
    "_id" : ObjectId("5b9fafeae3416e05f9f85cd1"), 
    "Cubes_Id" : [
        "5b9f9f1f5921670620ef9931", 
        "5b9f9fae5921670620ef9933"
    ], 
    "Attachments" : [

    ], 
    "Attach_File" : [

    ], 
    "RemovedCube_Ids" : [

    ], 
    "User_Id" : "5b98eefc5921670620ef990f", 
    "Post_Category" : "Story", 
    "Post_Text" : "", 
    "Post_Link" : "", 
    "Shared_Post" : "False", 
    "Active_Status" : "Active", 
    "createdAt" : ISODate("2018-09-17T13:45:14.536+0000"), 
    "updatedAt" : ISODate("2018-09-17T13:45:14.536+0000"), 
    "__v" : NumberInt(0)
},
{ 
    "_id" : ObjectId("5ba0d0b7e3416e05f9f85cd5"), 
    "Cubes_Id" : [
        "5b9f9fae5921670620ef9933", 
        "5b9f9f1f5921670620ef9931"
    ], 
    "Attachments" : [
        {
            "File_Name" : "Post_1537265847384.jpg", 
            "File_Type" : "Image", 
            "Size" : NumberInt(67641)
        }, 
        {
            "File_Name" : "Post_1537265847648.jpg", 
            "File_Type" : "Image", 
            "Size" : NumberInt(65285)
        }
    ], 
    "Attach_File" : [

    ], 
    "RemovedCube_Ids" : [

    ], 
    "User_Id" : "5b98eefc5921670620ef990f", 
    "Post_Category" : "Story", 
    "Post_Text" : "mohan", 
    "Post_Link" : "", 
    "Shared_Post" : "False", 
    "Active_Status" : "Active", 
    "createdAt" : ISODate("2018-09-18T10:17:28.001+0000"), 
    "updatedAt" : ISODate("2018-09-18T10:17:28.001+0000"), 
    "__v" : NumberInt(0)
},
{ 
    "_id" : ObjectId("5bab7987ea4585055d15d05e"), 
    "Cubes_Id" : [
        "5b9f9fae5921670620ef9933", 
        "5b9f9f1f5921670620ef9931"
    ], 
    "Attachments" : [
        {
            "File_Name" : "Post_1537964423048.png", 
            "File_Type" : "Image", 
            "Size" : NumberInt(6464)
        }
    ], 
    "Attach_File" : [

    ], 
    "RemovedCube_Ids" : [

    ], 
    "User_Id" : "5b98eefc5921670620ef990f", 
    "Post_Category" : "Story", 
    "Post_Text" : "Text 2", 
    "Post_Link" : "", 
    "Shared_Post" : "False", 
    "Active_Status" : "Active", 
    "createdAt" : ISODate("2018-09-26T12:20:23.053+0000"), 
    "updatedAt" : ISODate("2018-09-26T12:20:23.053+0000"), 
    "__v" : NumberInt(0)
},
{ 
    "_id" : ObjectId("5bab7998ea4585055d15d05f"), 
    "Cubes_Id" : [
        "5b9f9fae5921670620ef9933", 
        "5b9f9f1f5921670620ef9931"
    ], 
    "Attachments" : [
        {
            "File_Name" : "Post_1537964440388.png", 
            "File_Type" : "Image", 
            "Size" : NumberInt(6464)
        }
    ], 
    "Attach_File" : [

    ], 
    "RemovedCube_Ids" : [

    ], 
    "User_Id" : "5b98eefc5921670620ef990f", 
    "Post_Category" : "Story", 
    "Post_Text" : "Text 2", 
    "Post_Link" : "", 
    "Shared_Post" : "False", 
    "Active_Status" : "Active", 
    "createdAt" : ISODate("2018-09-26T12:20:40.390+0000"), 
    "updatedAt" : ISODate("2018-09-26T12:20:40.390+0000"), 
    "__v" : NumberInt(0)
},
{ 
    "_id" : ObjectId("5baca8f2ea4585055d15d060"), 
    "Cubes_Id" : [
        "5b9f9f1f5921670620ef9931"
    ], 
    "Attachments" : [
        {
            "File_Name" : "Post_1538042098618.png", 
            "File_Type" : "Image", 
            "Size" : NumberInt(454469)
        }
    ], 
    "Attach_File" : [

    ], 
    "RemovedCube_Ids" : [

    ], 
    "User_Id" : "5b98eefc5921670620ef990f", 
    "Post_Category" : "Story", 
    "Post_Text" : "hello", 
    "Post_Link" : "", 
    "Shared_Post" : "False", 
    "Active_Status" : "Active", 
    "createdAt" : ISODate("2018-09-27T09:54:58.899+0000"), 
    "updatedAt" : ISODate("2018-09-27T09:54:58.899+0000"), 
    "__v" : NumberInt(0)
},
{ 
    "_id" : ObjectId("5bacae2eea4585055d15d061"), 
    "Cubes_Id" : [
        "5b9f9fae5921670620ef9933"
    ], 
    "Attachments" : [
        {
            "File_Name" : "Post_1538043438346.mp4", 
            "File_Type" : "Video", 
            "Size" : NumberInt(2642421)
        }
    ], 
    "Attach_File" : [

    ], 
    "RemovedCube_Ids" : [

    ], 
    "User_Id" : "5b98eefc5921670620ef990f", 
    "Post_Category" : "Story", 
    "Post_Text" : "hello", 
    "Post_Link" : "", 
    "Shared_Post" : "False", 
    "Active_Status" : "Active", 
    "createdAt" : ISODate("2018-09-27T10:17:18.998+0000"), 
    "updatedAt" : ISODate("2018-09-27T10:17:18.998+0000"), 
    "__v" : NumberInt(0)
},
{ 
    "_id" : ObjectId("5bacd023ea4585055d15d062"), 
    "Cubes_Id" : [
        "5b9f9fae5921670620ef9933"
    ], 
    "Attachments" : [
        {
            "File_Name" : "Post_1538052130560.png", 
            "File_Type" : "Image", 
            "Size" : NumberInt(522892)
        }
    ], 
    "Attach_File" : [

    ], 
    "RemovedCube_Ids" : [

    ], 
    "User_Id" : "5b98eefc5921670620ef990f", 
    "Post_Category" : "Story", 
    "Post_Text" : "hello", 
    "Post_Link" : "", 
    "Shared_Post" : "False", 
    "Active_Status" : "Active", 
    "createdAt" : ISODate("2018-09-27T12:42:11.026+0000"), 
    "updatedAt" : ISODate("2018-09-27T12:42:11.026+0000"), 
    "__v" : NumberInt(0)
},
{ 
    "_id" : ObjectId("5bacd09aea4585055d15d063"), 
    "Cubes_Id" : [
        "5b9f9fae5921670620ef9933"
    ], 
    "Attachments" : [
        {
            "File_Name" : "Post_1538052250296.png", 
            "File_Type" : "Image", 
            "Size" : NumberInt(922631)
        }, 
        {
            "File_Name" : "Post_1538052250619.png", 
            "File_Type" : "Image", 
            "Size" : NumberInt(1635731)
        }
    ], 
    "Attach_File" : [

    ], 
    "RemovedCube_Ids" : [

    ], 
    "User_Id" : "5b98eefc5921670620ef990f", 
    "Post_Category" : "Story", 
    "Post_Text" : "hello", 
    "Post_Link" : "", 
    "Shared_Post" : "False", 
    "Active_Status" : "Active", 
    "createdAt" : ISODate("2018-09-27T12:44:10.916+0000"), 
    "updatedAt" : ISODate("2018-09-27T12:44:10.916+0000"), 
    "__v" : NumberInt(0)
},
{ 
    "_id" : ObjectId("5bacd0c1ea4585055d15d064"), 
    "Cubes_Id" : [
        "5b9f9f1f5921670620ef9931"
    ], 
    "Attachments" : [
        {
            "File_Name" : "Post_1538052288256.mp4", 
            "File_Type" : "Video", 
            "Size" : NumberInt(2204561)
        }, 
        {
            "File_Name" : "Post_1538052288993.png", 
            "File_Type" : "Image", 
            "Size" : NumberInt(859454)
        }
    ], 
    "Attach_File" : [

    ], 
    "RemovedCube_Ids" : [

    ], 
    "User_Id" : "5b98eefc5921670620ef990f", 
    "Post_Category" : "Story", 
    "Post_Text" : "hello", 
    "Post_Link" : "", 
    "Shared_Post" : "False", 
    "Active_Status" : "Active", 
    "createdAt" : ISODate("2018-09-27T12:44:49.160+0000"), 
    "updatedAt" : ISODate("2018-09-27T12:44:49.160+0000"), 
    "__v" : NumberInt(0)
},
{ 
    "_id" : ObjectId("5bacd0c1ea4585055d15d065"), 
    "Cubes_Id" : [
        "5b9f9f1f5921670620ef9931"
    ], 
    "Attachments" : [
        {
            "File_Name" : "Post_1538052289180.mp4", 
            "File_Type" : "Video", 
            "Size" : NumberInt(2204561)
        }, 
        {
            "File_Name" : "Post_1538052289771.png", 
            "File_Type" : "Image", 
            "Size" : NumberInt(859454)
        }
    ], 
    "Attach_File" : [

    ], 
    "RemovedCube_Ids" : [

    ], 
    "User_Id" : "5b98eefc5921670620ef990f", 
    "Post_Category" : "Story", 
    "Post_Text" : "hello", 
    "Post_Link" : "", 
    "Shared_Post" : "False", 
    "Active_Status" : "Active", 
    "createdAt" : ISODate("2018-09-27T12:44:49.937+0000"), 
    "updatedAt" : ISODate("2018-09-27T12:44:49.937+0000"), 
    "__v" : NumberInt(0)
},
{ 
    "_id" : ObjectId("5bd054c82f129c26dcacc49f"), 
    "Cubes_Id" : [
        "5b9f9fae5921670620ef9933"
    ], 
    "Attachments" : [

    ], 
    "Attach_File" : [

    ], 
    "RemovedCube_Ids" : [

    ], 
    "User_Id" : "5bcdcfc41925ee3a1cc1cb19", 
    "Post_Category" : "Article/Blog", 
    "Post_Text" : "Sometimes we require to display message conversion in your angularJS App, But if you are using textarea for write comment or something then text display on same like without line break. But we can display text with likebreak using nl2br(). we can use directly in nl2br() if we work on PHP But if we work on angulaJS then we can't use it directly Because it is not pre-define function.\n\nSo, we require to make custom helper or something, So in this example i created custom angular filter for nl2br, that way we can use it globally in angularJS app. we will use nl2br filter add like as bellow :", 
    "Post_Link" : "", 
    "Shared_Post" : "False", 
    "Active_Status" : "Active", 
    "createdAt" : ISODate("2018-10-24T11:17:28.198+0000"), 
    "updatedAt" : ISODate("2018-10-24T11:17:28.198+0000"), 
    "__v" : NumberInt(0)
},
{ 
    "_id" : ObjectId("5bd054da2f129c26dcacc4a0"), 
    "Cubes_Id" : [
        "5b9f9fae5921670620ef9933"
    ], 
    "Attachments" : [

    ], 
    "Attach_File" : [

    ], 
    "RemovedCube_Ids" : [

    ], 
    "User_Id" : "5bcdcfc41925ee3a1cc1cb19", 
    "Post_Category" : "Article/Blog", 
    "Post_Text" : "ghrtyuyututyu\n\nrtyrytrtyryry\n\n\nrtyryrytryry\nrtyry\nryt", 
    "Post_Link" : "", 
    "Shared_Post" : "False", 
    "Active_Status" : "Active", 
    "createdAt" : ISODate("2018-10-24T11:17:46.116+0000"), 
    "updatedAt" : ISODate("2018-10-24T11:17:46.116+0000"), 
    "__v" : NumberInt(0)
},
{ 
    "_id" : ObjectId("5bd077812f129c26dcacc4a4"), 
    "Cubes_Id" : [
        "5b9f9fae5921670620ef9933"
    ], 
    "Attachments" : [

    ], 
    "Attach_File" : [

    ], 
    "RemovedCube_Ids" : [

    ], 
    "User_Id" : "5bcdcfc41925ee3a1cc1cb19", 
    "Post_Category" : "News", 
    "Post_Text" : "werwerr", 
    "Post_Link" : "", 
    "Shared_Post" : "False", 
    "Active_Status" : "Active", 
    "createdAt" : ISODate("2018-10-24T13:45:37.949+0000"), 
    "updatedAt" : ISODate("2018-10-24T13:45:37.949+0000"), 
    "__v" : NumberInt(0)
},
{ 
    "_id" : ObjectId("5bd07c972f129c26dcacc4a6"), 
    "Cubes_Id" : [
        "5bd061262f129c26dcacc4a1"
    ], 
    "Attachments" : [

    ], 
    "Attach_File" : [

    ], 
    "RemovedCube_Ids" : [

    ], 
    "User_Id" : "5bcdcfc41925ee3a1cc1cb19", 
    "Post_Category" : "Article/Blog", 
    "Post_Text" : "ghrtyuyututyu\n\nrtyrytrtyryry\n\n\nrtyryrytryry\nrtyry\nryt", 
    "Post_Link" : "", 
    "Shared_Post" : "True", 
    "Shared_Post_User_Id" : "5bcdcfc41925ee3a1cc1cb19", 
    "Shared_Post_Id" : "5bd054da2f129c26dcacc4a0", 
    "Active_Status" : "Active", 
    "createdAt" : ISODate("2018-10-24T14:07:19.760+0000"), 
    "updatedAt" : ISODate("2018-10-24T14:07:19.760+0000"), 
    "__v" : NumberInt(0)
},
{ 
    "_id" : ObjectId("5bdae84fec5dc90620cde1fa"), 
    "Cubes_Id" : [
        "5b9f9f1f5921670620ef9931"
    ], 
    "Attachments" : [
        {
            "File_Name" : "Post_1538052288256.mp4", 
            "File_Type" : "Video", 
            "Size" : NumberInt(2204561)
        }, 
        {
            "File_Name" : "Post_1538052288993.png", 
            "File_Type" : "Image", 
            "Size" : NumberInt(859454)
        }
    ], 
    "Attach_File" : [

    ], 
    "RemovedCube_Ids" : [

    ], 
    "User_Id" : "5b98eefc5921670620ef990f", 
    "Post_Category" : "Story", 
    "Post_Text" : "hello", 
    "Post_Link" : "", 
    "Shared_Post" : "True", 
    "Shared_Post_User_Id" : "5b98eefc5921670620ef990f", 
    "Shared_Post_Id" : "5bacd0c1ea4585055d15d064", 
    "Active_Status" : "Active", 
    "createdAt" : ISODate("2018-11-01T11:49:35.506+0000"), 
    "updatedAt" : ISODate("2018-11-01T11:49:35.506+0000"), 
    "__v" : NumberInt(0)
},
{ 
    "_id" : ObjectId("5bdbe243b1b7f1156266dfe0"), 
    "Cubes_Id" : [
        "5b9f9f1f5921670620ef9931"
    ], 
    "Attachments" : [

    ], 
    "Attach_File" : [

    ], 
    "RemovedCube_Ids" : [

    ], 
    "User_Id" : "5b98eefc5921670620ef990f", 
    "Post_Category" : "News", 
    "Post_Text" : "hahaha", 
    "Post_Link" : "", 
    "Shared_Post" : "False", 
    "Active_Status" : "Active", 
    "createdAt" : ISODate("2018-11-02T05:36:03.722+0000"), 
    "updatedAt" : ISODate("2018-11-02T05:36:03.722+0000"), 
    "__v" : NumberInt(0)
}
]
