[
{ 
    "_id" : ObjectId("5b9f86c75921670620ef9922"), 
    "Attachments" : [
        {
            "File_Name" : "Topic_1537181364857.jpg", 
            "File_Type" : "Image", 
            "Size" : NumberInt(80634)
        }, 
        {
            "File_Name" : "Topic_1537181365291.jpg", 
            "File_Type" : "Image", 
            "Size" : NumberInt(156133)
        }, 
        {
            "File_Name" : "Topic_1537181366012.jpg", 
            "File_Type" : "Image", 
            "Size" : NumberInt(4062335)
        }
    ], 
    "User_Id" : "5b98eefc5921670620ef990f", 
    "Cube_Id" : "5b98ef235921670620ef9911", 
    "Name" : "mohan", 
    "Description" : "nananan", 
    "Active_Status" : "Active", 
    "createdAt" : ISODate("2018-09-17T10:49:43.403+0000"), 
    "updatedAt" : ISODate("2018-09-17T10:49:43.403+0000"), 
    "__v" : NumberInt(0)
},
{ 
    "_id" : ObjectId("5b9f9e555921670620ef992e"), 
    "Attachments" : [
        {
            "File_Name" : "Topic_1537187412390.jpg", 
            "File_Type" : "Image", 
            "Size" : NumberInt(404642)
        }
    ], 
    "User_Id" : "5b98eefc5921670620ef990f", 
    "Cube_Id" : "5b9f8b425921670620ef9928", 
    "Name" : "ibx", 
    "Description" : "id", 
    "Active_Status" : "Active", 
    "createdAt" : ISODate("2018-09-17T12:30:13.727+0000"), 
    "updatedAt" : ISODate("2018-09-17T12:30:13.727+0000"), 
    "__v" : NumberInt(0)
}
]
