[
{ 
    "_id" : ObjectId("5b9f88865921670620ef9923"), 
    "Cube_Ids" : [
        "5b9f866d5921670620ef9920"
    ], 
    "Trends_Tags" : [
        "#nmog"
    ], 
    "User_Id" : "5b98eefc5921670620ef990f", 
    "Trends_Text" : "gncit", 
    "Shared_Trends" : "False", 
    "Active_Status" : "Active", 
    "createdAt" : ISODate("2018-09-17T10:57:10.611+0000"), 
    "updatedAt" : ISODate("2018-09-17T10:57:10.611+0000"), 
    "__v" : NumberInt(0)
},
{ 
    "_id" : ObjectId("5b9f88965921670620ef9925"), 
    "Cube_Ids" : [
        "5b98ef235921670620ef9911", 
        "5b9f866d5921670620ef9920"
    ], 
    "Trends_Tags" : [
        "#kfir"
    ], 
    "User_Id" : "5b98eefc5921670620ef990f", 
    "Trends_Text" : "fnvkgkf", 
    "Shared_Trends" : "False", 
    "Active_Status" : "Active", 
    "createdAt" : ISODate("2018-09-17T10:57:26.124+0000"), 
    "updatedAt" : ISODate("2018-09-17T10:57:26.124+0000"), 
    "__v" : NumberInt(0)
},
{ 
    "_id" : ObjectId("5b9fb133e3416e05f9f85cd2"), 
    "Cube_Ids" : [
        "5b9f9fae5921670620ef9933"
    ], 
    "Trends_Tags" : [
        "#fjfjcncncncnncjnjhhgfhhj"
    ], 
    "User_Id" : "5b98eefc5921670620ef990f", 
    "Trends_Text" : "fjcj", 
    "Shared_Trends" : "False", 
    "Active_Status" : "Active", 
    "createdAt" : ISODate("2018-09-17T13:50:43.206+0000"), 
    "updatedAt" : ISODate("2018-09-17T13:50:43.206+0000"), 
    "__v" : NumberInt(0)
},
{ 
    "_id" : ObjectId("5bdbe43cb1b7f1156266dfe2"), 
    "Cube_Ids" : [
        "5b9f9f1f5921670620ef9931"
    ], 
    "Trends_Tags" : [
        "#mohan"
    ], 
    "User_Id" : "5b98eefc5921670620ef990f", 
    "Trends_Text" : "shhs", 
    "Shared_Trends" : "False", 
    "Active_Status" : "Active", 
    "createdAt" : ISODate("2018-11-02T05:44:28.059+0000"), 
    "updatedAt" : ISODate("2018-11-02T05:44:28.059+0000"), 
    "__v" : NumberInt(0)
},
{ 
    "_id" : ObjectId("5bdbe451b1b7f1156266dfe4"), 
    "Cube_Ids" : [
        "5b9f9f1f5921670620ef9931"
    ], 
    "Trends_Tags" : [
        "#niha"
    ], 
    "User_Id" : "5b98eefc5921670620ef990f", 
    "Trends_Text" : "hdhsbs kKzo d dhf", 
    "Shared_Trends" : "False", 
    "Active_Status" : "Active", 
    "createdAt" : ISODate("2018-11-02T05:44:49.479+0000"), 
    "updatedAt" : ISODate("2018-11-02T05:44:49.479+0000"), 
    "__v" : NumberInt(0)
},
{ 
    "_id" : ObjectId("5bdbe4d5b1b7f1156266dfe6"), 
    "Cube_Ids" : [
        "5b9f9f1f5921670620ef9931"
    ], 
    "Trends_Tags" : [
        "#mohan"
    ], 
    "User_Id" : "5b98eefc5921670620ef990f", 
    "Trends_Text" : "shhs", 
    "Shared_Trends" : "True", 
    "Shared_Trends_User_Id" : "5b98eefc5921670620ef990f", 
    "Shared_Trends_Id" : "5bdbe43cb1b7f1156266dfe2", 
    "Active_Status" : "Active", 
    "createdAt" : ISODate("2018-11-02T05:47:01.070+0000"), 
    "updatedAt" : ISODate("2018-11-02T05:47:01.070+0000"), 
    "__v" : NumberInt(0)
}
]
