[
{ 
    "_id" : ObjectId("5b98ec755921670620ef990a"), 
    "User_Id" : "5b55cb0945310265d47cae04", 
    "Cube_Id" : "5b98ec755921670620ef9909", 
    "Active_Status" : "Active", 
    "createdAt" : ISODate("2018-09-12T10:37:41.651+0000"), 
    "updatedAt" : ISODate("2018-09-12T10:37:41.651+0000"), 
    "__v" : NumberInt(0)
},
{ 
    "_id" : ObjectId("5b98ef235921670620ef9912"), 
    "User_Id" : "5b98eefc5921670620ef990f", 
    "Cube_Id" : "5b98ef235921670620ef9911", 
    "Active_Status" : "Inactive", 
    "createdAt" : ISODate("2018-09-12T10:49:07.992+0000"), 
    "updatedAt" : ISODate("2018-09-17T12:33:19.711+0000"), 
    "__v" : NumberInt(0)
},
{ 
    "_id" : ObjectId("5b9f866d5921670620ef9921"), 
    "User_Id" : "5b98eefc5921670620ef990f", 
    "Cube_Id" : "5b9f866d5921670620ef9920", 
    "Active_Status" : "Inactive", 
    "createdAt" : ISODate("2018-09-17T10:48:13.795+0000"), 
    "updatedAt" : ISODate("2018-09-17T12:33:14.232+0000"), 
    "__v" : NumberInt(0)
},
{ 
    "_id" : ObjectId("5b9f8b425921670620ef9929"), 
    "User_Id" : "5b98eefc5921670620ef990f", 
    "Cube_Id" : "5b9f8b425921670620ef9928", 
    "Active_Status" : "Inactive", 
    "createdAt" : ISODate("2018-09-17T11:08:50.935+0000"), 
    "updatedAt" : ISODate("2018-09-17T12:33:09.613+0000"), 
    "__v" : NumberInt(0)
},
{ 
    "_id" : ObjectId("5b9f8f435921670620ef992b"), 
    "User_Id" : "5b98eefc5921670620ef990f", 
    "Cube_Id" : "5b9f8f425921670620ef992a", 
    "Active_Status" : "Inactive", 
    "createdAt" : ISODate("2018-09-17T11:25:55.093+0000"), 
    "updatedAt" : ISODate("2018-09-17T12:32:52.631+0000"), 
    "__v" : NumberInt(0)
},
{ 
    "_id" : ObjectId("5b9f92b85921670620ef992d"), 
    "User_Id" : "5b98eefc5921670620ef990f", 
    "Cube_Id" : "5b9f92b75921670620ef992c", 
    "Active_Status" : "Inactive", 
    "createdAt" : ISODate("2018-09-17T11:40:40.007+0000"), 
    "updatedAt" : ISODate("2018-09-17T12:32:28.612+0000"), 
    "__v" : NumberInt(0)
},
{ 
    "_id" : ObjectId("5b9f9eb35921670620ef9930"), 
    "User_Id" : "5b98eefc5921670620ef990f", 
    "Cube_Id" : "5b9f9eb35921670620ef992f", 
    "Active_Status" : "Inactive", 
    "createdAt" : ISODate("2018-09-17T12:31:47.606+0000"), 
    "updatedAt" : ISODate("2018-09-17T12:32:43.742+0000"), 
    "__v" : NumberInt(0)
},
{ 
    "_id" : ObjectId("5b9f9f1f5921670620ef9932"), 
    "User_Id" : "5b98eefc5921670620ef990f", 
    "Cube_Id" : "5b9f9f1f5921670620ef9931", 
    "Active_Status" : "Active", 
    "createdAt" : ISODate("2018-09-17T12:33:35.478+0000"), 
    "updatedAt" : ISODate("2018-09-17T12:33:35.478+0000"), 
    "__v" : NumberInt(0)
},
{ 
    "_id" : ObjectId("5b9f9fae5921670620ef9934"), 
    "User_Id" : "5b98eefc5921670620ef990f", 
    "Cube_Id" : "5b9f9fae5921670620ef9933", 
    "Active_Status" : "Inactive", 
    "createdAt" : ISODate("2018-09-17T12:35:58.387+0000"), 
    "updatedAt" : ISODate("2018-10-09T06:15:41.239+0000"), 
    "__v" : NumberInt(0)
},
{ 
    "_id" : ObjectId("5bcdd6a5d41b5a1798318dc6"), 
    "User_Id" : "5bcdcfc41925ee3a1cc1cb19", 
    "Cube_Id" : "5b9f9fae5921670620ef9933", 
    "Active_Status" : "Active", 
    "createdAt" : ISODate("2018-10-22T13:54:45.698+0000"), 
    "updatedAt" : ISODate("2018-10-22T13:54:45.698+0000"), 
    "__v" : NumberInt(0)
},
{ 
    "_id" : ObjectId("5bcdd6a7d41b5a1798318dc7"), 
    "User_Id" : "5bcdcfc41925ee3a1cc1cb19", 
    "Cube_Id" : "5b9f9f1f5921670620ef9931", 
    "Active_Status" : "Inactive", 
    "createdAt" : ISODate("2018-10-22T13:54:47.598+0000"), 
    "updatedAt" : ISODate("2018-10-24T11:37:06.108+0000"), 
    "__v" : NumberInt(0)
},
{ 
    "_id" : ObjectId("5bd061262f129c26dcacc4a2"), 
    "User_Id" : "5bcdcfc41925ee3a1cc1cb19", 
    "Cube_Id" : "5bd061262f129c26dcacc4a1", 
    "Active_Status" : "Active", 
    "createdAt" : ISODate("2018-10-24T12:10:14.460+0000"), 
    "updatedAt" : ISODate("2018-10-24T12:10:14.460+0000"), 
    "__v" : NumberInt(0)
}
]
