[
{ 
    "_id" : ObjectId("5b9f88cc5921670620ef9927"), 
    "Cube_Ids" : [
        "5b98ef235921670620ef9911"
    ], 
    "RemovedCube_Ids" : [

    ], 
    "User_Id" : "5b98eefc5921670620ef990f", 
    "Capture_Video" : [
        {
            "File_Name" : "Capture_1537181893083.mp4", 
            "File_Type" : "Video", 
            "Size" : NumberInt(3175630)
        }
    ], 
    "Capture_Text" : "bsbsb", 
    "Shared_Capture" : "False", 
    "Active_Status" : "Active", 
    "createdAt" : ISODate("2018-09-17T10:58:20.299+0000"), 
    "updatedAt" : ISODate("2018-09-17T10:58:20.299+0000"), 
    "__v" : NumberInt(0)
},
{ 
    "_id" : ObjectId("5bdbe2d4b1b7f1156266dfe1"), 
    "Cube_Ids" : [
        "5b9f9f1f5921670620ef9931"
    ], 
    "RemovedCube_Ids" : [

    ], 
    "User_Id" : "5b98eefc5921670620ef990f", 
    "Capture_Video" : [
        {
            "File_Name" : "Capture_1541137107502.mp4", 
            "File_Type" : "Video", 
            "Size" : NumberInt(4180053)
        }
    ], 
    "Capture_Text" : "hahah", 
    "Shared_Capture" : "False", 
    "Active_Status" : "Active", 
    "createdAt" : ISODate("2018-11-02T05:38:28.523+0000"), 
    "updatedAt" : ISODate("2018-11-02T05:38:28.523+0000"), 
    "__v" : NumberInt(0)
},
{ 
    "_id" : ObjectId("5bdbf161b1b7f1156266dfe7"), 
    "Cube_Ids" : [
        "5b9f9fae5921670620ef9933", 
        "5b9f9f1f5921670620ef9931"
    ], 
    "RemovedCube_Ids" : [

    ], 
    "User_Id" : "5b98eefc5921670620ef990f", 
    "Capture_Text" : "hahah", 
    "Shared_Capture" : "True", 
    "Shared_Capture_User_Id" : "5b98eefc5921670620ef990f", 
    "Shared_Capture_Id" : "5bdbe2d4b1b7f1156266dfe1", 
    "Capture_Video" : [
        {
            "File_Name" : "Capture_1541137107502.mp4", 
            "File_Type" : "Video", 
            "Size" : NumberInt(4180053)
        }
    ], 
    "Active_Status" : "Active", 
    "createdAt" : ISODate("2018-11-02T06:40:33.217+0000"), 
    "updatedAt" : ISODate("2018-11-02T06:40:33.217+0000"), 
    "__v" : NumberInt(0)
}
]
