[
{ 
    "_id" : ObjectId("5ac62e2cd8d0873568c76450"), 
    "Name" : "Institution/Uni", 
    "Image" : "college.png", 
    "createdAt" : ISODate("2018-04-05T14:09:48.416+0000"), 
    "updatedAt" : ISODate("2018-04-05T14:09:48.416+0000"), 
    "__v" : NumberInt(0)
},
{ 
    "_id" : ObjectId("5ac62e4bd8d0873568c76451"), 
    "Name" : "Events", 
    "Image" : "event.png", 
    "createdAt" : ISODate("2018-04-05T14:10:19.535+0000"), 
    "updatedAt" : ISODate("2018-04-05T14:10:19.535+0000"), 
    "__v" : NumberInt(0)
},
{ 
    "_id" : ObjectId("5ac62e9359304c37a044e93c"), 
    "Name" : "Company", 
    "Image" : "company.png", 
    "createdAt" : ISODate("2018-04-05T14:11:31.344+0000"), 
    "updatedAt" : ISODate("2018-04-05T14:11:31.344+0000"), 
    "__v" : NumberInt(0)
},
{ 
    "_id" : ObjectId("5ac62eba59304c37a044e93d"), 
    "Name" : "Community", 
    "Image" : "community.png", 
    "createdAt" : ISODate("2018-04-05T14:12:10.913+0000"), 
    "updatedAt" : ISODate("2018-04-05T14:12:10.913+0000"), 
    "__v" : NumberInt(0)
},
{ 
    "_id" : ObjectId("5ac62f4259304c37a044e940"), 
    "Name" : "Entertainment", 
    "Image" : "entertainment.png", 
    "createdAt" : ISODate("2018-04-05T14:14:26.322+0000"), 
    "updatedAt" : ISODate("2018-04-05T14:14:26.322+0000"), 
    "__v" : NumberInt(0)
},
{ 
    "_id" : ObjectId("5ac62f5859304c37a044e941"), 
    "Name" : "Family/Friends", 
    "Image" : "family.png", 
    "createdAt" : ISODate("2018-04-05T14:14:48.131+0000"), 
    "updatedAt" : ISODate("2018-04-05T14:14:48.131+0000"), 
    "__v" : NumberInt(0)
},
{ 
    "_id" : ObjectId("5ac62f6c59304c37a044e942"), 
    "Name" : "Personality", 
    "Image" : "personality.png", 
    "createdAt" : ISODate("2018-04-05T14:15:08.349+0000"), 
    "updatedAt" : ISODate("2018-04-05T14:15:08.349+0000"), 
    "__v" : NumberInt(0)
},
{ 
    "_id" : ObjectId("5ac62f8c59304c37a044e943"), 
    "Name" : "Movies", 
    "Image" : "movies.png", 
    "createdAt" : ISODate("2018-04-05T14:15:40.060+0000"), 
    "updatedAt" : ISODate("2018-04-05T14:15:40.060+0000"), 
    "__v" : NumberInt(0)
},
{ 
    "_id" : ObjectId("5ac62fc059304c37a044e944"), 
    "Name" : "Product/Brand", 
    "Image" : "product.png", 
    "createdAt" : ISODate("2018-04-05T14:16:32.023+0000"), 
    "updatedAt" : ISODate("2018-04-05T14:16:32.023+0000"), 
    "__v" : NumberInt(0)
},
{ 
    "_id" : ObjectId("5ac62fd259304c37a044e945"), 
    "Name" : "Music", 
    "Image" : "music.png", 
    "createdAt" : ISODate("2018-04-05T14:16:50.086+0000"), 
    "updatedAt" : ISODate("2018-04-05T14:16:50.086+0000"), 
    "__v" : NumberInt(0)
},
{ 
    "_id" : ObjectId("5ac62fe159304c37a044e946"), 
    "Name" : "Art", 
    "Image" : "art.png", 
    "createdAt" : ISODate("2018-04-05T14:17:05.227+0000"), 
    "updatedAt" : ISODate("2018-04-05T14:17:05.227+0000"), 
    "__v" : NumberInt(0)
},
{ 
    "_id" : ObjectId("5ac6302759304c37a044e947"), 
    "Name" : "Sport/Fitness", 
    "Image" : "sports.png", 
    "createdAt" : ISODate("2018-04-05T14:18:15.270+0000"), 
    "updatedAt" : ISODate("2018-04-05T14:18:15.270+0000"), 
    "__v" : NumberInt(0)
},
{ 
    "_id" : ObjectId("5ac6308559304c37a044e948"), 
    "Name" : "Media", 
    "Image" : "news.png", 
    "createdAt" : ISODate("2018-04-05T14:19:49.061+0000"), 
    "updatedAt" : ISODate("2018-04-05T14:19:49.061+0000"), 
    "__v" : NumberInt(0)
},
{ 
    "_id" : ObjectId("5ac6309459304c37a044e949"), 
    "Name" : "Learning", 
    "Image" : "learning.png", 
    "createdAt" : ISODate("2018-04-05T14:20:04.422+0000"), 
    "updatedAt" : ISODate("2018-04-05T14:20:04.422+0000"), 
    "__v" : NumberInt(0)
},
{ 
    "_id" : ObjectId("5ac630a159304c37a044e94a"), 
    "Name" : "Career", 
    "Image" : "career.png", 
    "createdAt" : ISODate("2018-04-05T14:20:17.194+0000"), 
    "updatedAt" : ISODate("2018-04-05T14:20:17.194+0000"), 
    "__v" : NumberInt(0)
},
{ 
    "_id" : ObjectId("5ac630b959304c37a044e94b"), 
    "Name" : "Cause/Campaign", 
    "Image" : "cause.png", 
    "createdAt" : ISODate("2018-04-05T14:20:41.337+0000"), 
    "updatedAt" : ISODate("2018-04-05T14:20:41.337+0000"), 
    "__v" : NumberInt(0)
},
{ 
    "_id" : ObjectId("5ac630c559304c37a044e94c"), 
    "Name" : "Food", 
    "Image" : "food.png", 
    "createdAt" : ISODate("2018-04-05T14:20:53.371+0000"), 
    "updatedAt" : ISODate("2018-04-05T14:20:53.371+0000"), 
    "__v" : NumberInt(0)
},
{ 
    "_id" : ObjectId("5ac630e359304c37a044e94d"), 
    "Name" : "Pets", 
    "Image" : "pets.png", 
    "createdAt" : ISODate("2018-04-05T14:21:23.219+0000"), 
    "updatedAt" : ISODate("2018-04-05T14:21:23.219+0000"), 
    "__v" : NumberInt(0)
},
{ 
    "_id" : ObjectId("5ac630f059304c37a044e94e"), 
    "Name" : "Travel", 
    "Image" : "travel.png", 
    "createdAt" : ISODate("2018-04-05T14:21:36.225+0000"), 
    "updatedAt" : ISODate("2018-04-05T14:21:36.225+0000"), 
    "__v" : NumberInt(0)
},
{ 
    "_id" : ObjectId("5ac6311259304c37a044e94f"), 
    "Name" : "Entrepreneurship", 
    "Image" : "entre.png", 
    "createdAt" : ISODate("2018-04-05T14:22:10.244+0000"), 
    "updatedAt" : ISODate("2018-04-05T14:22:10.244+0000"), 
    "__v" : NumberInt(0)
},
{ 
    "_id" : ObjectId("5ac633cb59304c37a044e950"), 
    "Name" : "Other", 
    "Image" : "others.png", 
    "createdAt" : ISODate("2018-04-05T14:33:47.833+0000"), 
    "updatedAt" : ISODate("2018-04-05T14:33:47.833+0000"), 
    "__v" : NumberInt(0)
}
]
