[
{ 
    "_id" : ObjectId("5b98ec755921670620ef9909"), 
    "User_Id" : "5b55cb0945310265d47cae04", 
    "Category_Id" : "5ac62e2cd8d0873568c76450", 
    "Name" : "my", 
    "Image" : "college.png", 
    "Security" : "Open", 
    "Security_Code" : "", 
    "Description" : "hsjsjsj", 
    "Country" : null, 
    "State" : null, 
    "City" : null, 
    "Web" : "", 
    "Mail" : "", 
    "Contact" : "", 
    "Active_Status" : "Active", 
    "createdAt" : ISODate("2018-09-12T10:37:41.453+0000"), 
    "updatedAt" : ISODate("2018-09-12T10:37:41.453+0000"), 
    "__v" : NumberInt(0)
},
{ 
    "_id" : ObjectId("5b98ef235921670620ef9911"), 
    "User_Id" : "5b98eefc5921670620ef990f", 
    "Category_Id" : "5ac62f4259304c37a044e940", 
    "Name" : "mine ", 
    "Image" : "entertainment.png", 
    "Security" : "Open", 
    "Security_Code" : "", 
    "Description" : "nsnsns", 
    "Country" : null, 
    "State" : null, 
    "City" : null, 
    "Web" : "", 
    "Mail" : "", 
    "Contact" : "", 
    "Active_Status" : "Inactive", 
    "createdAt" : ISODate("2018-09-12T10:49:07.796+0000"), 
    "updatedAt" : ISODate("2018-09-17T12:33:19.525+0000"), 
    "__v" : NumberInt(0)
},
{ 
    "_id" : ObjectId("5b9f866d5921670620ef9920"), 
    "User_Id" : "5b98eefc5921670620ef990f", 
    "Category_Id" : "5ac62e9359304c37a044e93c", 
    "Name" : "mohan", 
    "Image" : "Cube_1537181292762.png", 
    "Security" : "Open", 
    "Security_Code" : "", 
    "Description" : "mohan", 
    "Country" : {

    }, 
    "State" : {

    }, 
    "City" : {

    }, 
    "Web" : "", 
    "Mail" : "", 
    "Contact" : "", 
    "Active_Status" : "Inactive", 
    "createdAt" : ISODate("2018-09-17T10:48:13.605+0000"), 
    "updatedAt" : ISODate("2018-09-17T12:33:14.046+0000"), 
    "__v" : NumberInt(0)
},
{ 
    "_id" : ObjectId("5b9f8b425921670620ef9928"), 
    "User_Id" : "5b98eefc5921670620ef990f", 
    "Category_Id" : "5ac62eba59304c37a044e93d", 
    "Name" : "hwhshw", 
    "Image" : "community.png", 
    "Security" : "Open", 
    "Security_Code" : "", 
    "Description" : "hshe", 
    "Country" : {

    }, 
    "State" : {

    }, 
    "City" : {

    }, 
    "Web" : "", 
    "Mail" : "", 
    "Contact" : "", 
    "Active_Status" : "Inactive", 
    "createdAt" : ISODate("2018-09-17T11:08:50.747+0000"), 
    "updatedAt" : ISODate("2018-09-17T12:33:04.113+0000"), 
    "__v" : NumberInt(0)
},
{ 
    "_id" : ObjectId("5b9f8f425921670620ef992a"), 
    "User_Id" : "5b98eefc5921670620ef990f", 
    "Category_Id" : "5ac62e4bd8d0873568c76451", 
    "Name" : "ncncj", 
    "Image" : "event.png", 
    "Security" : "Open", 
    "Security_Code" : "", 
    "Description" : "jcnc", 
    "Country" : {

    }, 
    "State" : {

    }, 
    "City" : {

    }, 
    "Web" : "", 
    "Mail" : "", 
    "Contact" : "", 
    "Active_Status" : "Inactive", 
    "createdAt" : ISODate("2018-09-17T11:25:54.906+0000"), 
    "updatedAt" : ISODate("2018-09-17T12:32:52.438+0000"), 
    "__v" : NumberInt(0)
},
{ 
    "_id" : ObjectId("5b9f92b75921670620ef992c"), 
    "User_Id" : "5b98eefc5921670620ef990f", 
    "Category_Id" : "5ac62eba59304c37a044e93d", 
    "Name" : "hsbsbs", 
    "Image" : "community.png", 
    "Security" : "Open", 
    "Security_Code" : "", 
    "Description" : "sbsb", 
    "Country" : {

    }, 
    "State" : {

    }, 
    "City" : {

    }, 
    "Web" : "", 
    "Mail" : "", 
    "Contact" : "", 
    "Active_Status" : "Inactive", 
    "createdAt" : ISODate("2018-09-17T11:40:39.820+0000"), 
    "updatedAt" : ISODate("2018-09-17T12:32:26.567+0000"), 
    "__v" : NumberInt(0)
},
{ 
    "_id" : ObjectId("5b9f9eb35921670620ef992f"), 
    "User_Id" : "5b98eefc5921670620ef990f", 
    "Category_Id" : "5ac62eba59304c37a044e93d", 
    "Name" : "gdbd", 
    "Image" : "community.png", 
    "Security" : "Open", 
    "Security_Code" : "", 
    "Description" : "bxbxhd", 
    "Country" : null, 
    "State" : null, 
    "City" : null, 
    "Web" : "", 
    "Mail" : "", 
    "Contact" : "", 
    "Active_Status" : "Inactive", 
    "createdAt" : ISODate("2018-09-17T12:31:47.413+0000"), 
    "updatedAt" : ISODate("2018-09-17T12:32:43.550+0000"), 
    "__v" : NumberInt(0)
},
{ 
    "_id" : ObjectId("5b9f9f1f5921670620ef9931"), 
    "User_Id" : "5b98eefc5921670620ef990f", 
    "Category_Id" : "5ac62eba59304c37a044e93d", 
    "Name" : " dndn", 
    "Image" : "community.png", 
    "Security" : "Open", 
    "Security_Code" : "", 
    "Description" : "djjdd", 
    "Country" : null, 
    "State" : null, 
    "City" : null, 
    "Web" : "", 
    "Mail" : "", 
    "Contact" : "", 
    "Active_Status" : "Active", 
    "createdAt" : ISODate("2018-09-17T12:33:35.287+0000"), 
    "updatedAt" : ISODate("2018-09-17T12:33:35.287+0000"), 
    "__v" : NumberInt(0)
},
{ 
    "_id" : ObjectId("5b9f9fae5921670620ef9933"), 
    "User_Id" : "5b98eefc5921670620ef990f", 
    "Category_Id" : "5ac62e2cd8d0873568c76450", 
    "Name" : "bzbsb", 
    "Image" : "college.png", 
    "Security" : "Open", 
    "Security_Code" : "", 
    "Description" : "bsbsn", 
    "Country" : null, 
    "State" : null, 
    "City" : null, 
    "Web" : "", 
    "Mail" : "", 
    "Contact" : "", 
    "Active_Status" : "Active", 
    "createdAt" : ISODate("2018-09-17T12:35:58.194+0000"), 
    "updatedAt" : ISODate("2018-09-17T12:35:58.194+0000"), 
    "__v" : NumberInt(0)
},
{ 
    "_id" : ObjectId("5bd061262f129c26dcacc4a1"), 
    "User_Id" : "5bcdcfc41925ee3a1cc1cb19", 
    "Category_Id" : "5ac62e2cd8d0873568c76450", 
    "Name" : "asdasdasd", 
    "Image" : "college.png", 
    "Security" : "Open", 
    "Security_Code" : "", 
    "Description" : "asdad", 
    "Country" : "", 
    "State" : "", 
    "City" : "", 
    "Web" : "http://inscube.com", 
    "Mail" : "qweqeqw", 
    "Contact" : "", 
    "Active_Status" : "Active", 
    "createdAt" : ISODate("2018-10-24T12:10:14.210+0000"), 
    "updatedAt" : ISODate("2018-10-24T12:10:56.245+0000"), 
    "__v" : NumberInt(0)
}
]
