[
{ 
    "_id" : ObjectId("5b98eefc5921670620ef9910"), 
    "User_Id" : "5b98eefc5921670620ef990f", 
    "From" : "Web", 
    "Ip" : "49.204.129.111", 
    "Device_Info" : {
        "ua" : "Dalvik/2.1.0 (Linux; U; Android 7.0; SM-J730GM Build/NRD90M)", 
        "os" : {
            "name" : "Android", 
            "version" : "7.0"
        }, 
        "device" : {
            "vendor" : "Samsung", 
            "model" : "SM-J730GM", 
            "type" : "mobile"
        }
    }, 
    "Active_Status" : "Active", 
    "createdAt" : ISODate("2018-09-12T10:48:28.281+0000"), 
    "updatedAt" : ISODate("2018-09-12T10:48:28.281+0000"), 
    "__v" : NumberInt(0)
},
{ 
    "_id" : ObjectId("5b98f0515921670620ef9916"), 
    "User_Id" : "5b98eefc5921670620ef990f", 
    "From" : "App", 
    "Ip" : "49.204.129.111", 
    "Device_Info" : {
        "ua" : "Mozilla/5.0 (Windows NT 10.0; Win64; x64) AppleWebKit/537.36 (KHTML, like Gecko) Chrome/69.0.3497.81 Safari/537.36", 
        "browser" : {
            "name" : "Chrome", 
            "version" : "69.0.3497.81", 
            "major" : "69"
        }, 
        "engine" : {
            "name" : "WebKit", 
            "version" : "537.36"
        }, 
        "os" : {
            "name" : "Windows", 
            "version" : "10"
        }, 
        "cpu" : {
            "architecture" : "amd64"
        }
    }, 
    "Active_Status" : "Active", 
    "createdAt" : ISODate("2018-09-12T10:54:09.291+0000"), 
    "updatedAt" : ISODate("2018-09-12T10:54:09.291+0000"), 
    "__v" : NumberInt(0)
},
{ 
    "_id" : ObjectId("5b98f1aa5921670620ef9919"), 
    "User_Id" : "5b98eefc5921670620ef990f", 
    "From" : "App", 
    "Ip" : "49.204.129.111", 
    "Device_Info" : {
        "ua" : "Dalvik/2.1.0 (Linux; U; Android 7.0; SM-J730GM Build/NRD90M)", 
        "os" : {
            "name" : "Android", 
            "version" : "7.0"
        }, 
        "device" : {
            "vendor" : "Samsung", 
            "model" : "SM-J730GM", 
            "type" : "mobile"
        }
    }, 
    "Active_Status" : "Active", 
    "createdAt" : ISODate("2018-09-12T10:59:54.027+0000"), 
    "updatedAt" : ISODate("2018-09-12T10:59:54.027+0000"), 
    "__v" : NumberInt(0)
},
{ 
    "_id" : ObjectId("5ba0d09ce3416e05f9f85cd4"), 
    "User_Id" : "5b98eefc5921670620ef990f", 
    "From" : "App", 
    "Ip" : "157.50.52.181", 
    "Device_Info" : {
        "ua" : "Dalvik/2.1.0 (Linux; U; Android 7.0; SM-J730GM Build/NRD90M)", 
        "os" : {
            "name" : "Android", 
            "version" : "7.0"
        }, 
        "device" : {
            "vendor" : "Samsung", 
            "model" : "SM-J730GM", 
            "type" : "mobile"
        }
    }, 
    "Active_Status" : "Active", 
    "createdAt" : ISODate("2018-09-18T10:17:00.098+0000"), 
    "updatedAt" : ISODate("2018-09-18T10:17:00.098+0000"), 
    "__v" : NumberInt(0)
},
{ 
    "_id" : ObjectId("5bab6dc6ea4585055d15d05d"), 
    "User_Id" : "5b98eefc5921670620ef990f", 
    "From" : "App", 
    "Ip" : "122.178.10.201", 
    "Device_Info" : {
        "ua" : "Mozilla/5.0 (Windows NT 10.0; Win64; x64) AppleWebKit/537.36 (KHTML, like Gecko) Chrome/69.0.3497.81 Safari/537.36", 
        "browser" : {
            "name" : "Chrome", 
            "version" : "69.0.3497.81", 
            "major" : "69"
        }, 
        "engine" : {
            "name" : "WebKit", 
            "version" : "537.36"
        }, 
        "os" : {
            "name" : "Windows", 
            "version" : "10"
        }, 
        "cpu" : {
            "architecture" : "amd64"
        }
    }, 
    "Active_Status" : "Active", 
    "createdAt" : ISODate("2018-09-26T11:30:14.666+0000"), 
    "updatedAt" : ISODate("2018-09-26T11:30:14.666+0000"), 
    "__v" : NumberInt(0)
},
{ 
    "_id" : ObjectId("5bbc45e5ea4585055d15d066"), 
    "User_Id" : "5b98eefc5921670620ef990f", 
    "From" : "App", 
    "Ip" : "122.178.115.45", 
    "Device_Info" : {
        "ua" : "Dalvik/2.1.0 (Linux; U; Android 7.0; SM-J730GM Build/NRD90M)", 
        "os" : {
            "name" : "Android", 
            "version" : "7.0"
        }, 
        "device" : {
            "vendor" : "Samsung", 
            "model" : "SM-J730GM", 
            "type" : "mobile"
        }
    }, 
    "Active_Status" : "Active", 
    "createdAt" : ISODate("2018-10-09T06:08:37.523+0000"), 
    "updatedAt" : ISODate("2018-10-09T06:08:37.523+0000"), 
    "__v" : NumberInt(0)
},
{ 
    "_id" : ObjectId("5bc07bacea4585055d15d068"), 
    "User_Id" : "5b98eefc5921670620ef990f", 
    "From" : "App", 
    "Ip" : "122.178.115.197", 
    "Device_Info" : {
        "ua" : "Mozilla/5.0 (Windows NT 10.0; Win64; x64) AppleWebKit/537.36 (KHTML, like Gecko) Chrome/69.0.3497.100 Safari/537.36", 
        "browser" : {
            "name" : "Chrome", 
            "version" : "69.0.3497.100", 
            "major" : "69"
        }, 
        "engine" : {
            "name" : "WebKit", 
            "version" : "537.36"
        }, 
        "os" : {
            "name" : "Windows", 
            "version" : "10"
        }, 
        "cpu" : {
            "architecture" : "amd64"
        }
    }, 
    "Active_Status" : "Active", 
    "createdAt" : ISODate("2018-10-12T10:47:08.596+0000"), 
    "updatedAt" : ISODate("2018-10-12T10:47:08.596+0000"), 
    "__v" : NumberInt(0)
},
{ 
    "_id" : ObjectId("5bcdcfc51925ee3a1cc1cb1a"), 
    "User_Id" : "5bcdcfc41925ee3a1cc1cb19", 
    "From" : "Web", 
    "Ip" : "1", 
    "Device_Info" : {
        "ua" : "Mozilla/5.0 (Windows NT 10.0; Win64; x64) AppleWebKit/537.36 (KHTML, like Gecko) Chrome/70.0.3538.67 Safari/537.36", 
        "browser" : {
            "name" : "Chrome", 
            "version" : "70.0.3538.67", 
            "major" : "70"
        }, 
        "engine" : {
            "name" : "WebKit", 
            "version" : "537.36"
        }, 
        "os" : {
            "name" : "Windows", 
            "version" : "10"
        }, 
        "cpu" : {
            "architecture" : "amd64"
        }
    }, 
    "Active_Status" : "Active", 
    "createdAt" : ISODate("2018-10-22T13:25:25.174+0000"), 
    "updatedAt" : ISODate("2018-10-22T13:25:25.174+0000"), 
    "__v" : NumberInt(0)
},
{ 
    "_id" : ObjectId("5bcdd6e5d41b5a1798318dc8"), 
    "User_Id" : "5b98eefc5921670620ef990f", 
    "From" : "Web", 
    "Ip" : "1", 
    "Device_Info" : {
        "ua" : "Mozilla/5.0 (Windows NT 10.0; Win64; x64) AppleWebKit/537.36 (KHTML, like Gecko) Chrome/70.0.3538.67 Safari/537.36", 
        "browser" : {
            "name" : "Chrome", 
            "version" : "70.0.3538.67", 
            "major" : "70"
        }, 
        "engine" : {
            "name" : "WebKit", 
            "version" : "537.36"
        }, 
        "os" : {
            "name" : "Windows", 
            "version" : "10"
        }, 
        "cpu" : {
            "architecture" : "amd64"
        }
    }, 
    "Active_Status" : "Active", 
    "createdAt" : ISODate("2018-10-22T13:55:49.678+0000"), 
    "updatedAt" : ISODate("2018-10-22T13:55:49.678+0000"), 
    "__v" : NumberInt(0)
},
{ 
    "_id" : ObjectId("5bcea7cfa42d112acc54c7bf"), 
    "User_Id" : "5bcdcfc41925ee3a1cc1cb19", 
    "From" : "Web", 
    "Ip" : "1", 
    "Device_Info" : {
        "ua" : "Mozilla/5.0 (Windows NT 10.0; Win64; x64) AppleWebKit/537.36 (KHTML, like Gecko) Chrome/70.0.3538.67 Safari/537.36", 
        "browser" : {
            "name" : "Chrome", 
            "version" : "70.0.3538.67", 
            "major" : "70"
        }, 
        "engine" : {
            "name" : "WebKit", 
            "version" : "537.36"
        }, 
        "os" : {
            "name" : "Windows", 
            "version" : "10"
        }, 
        "cpu" : {
            "architecture" : "amd64"
        }
    }, 
    "Active_Status" : "Active", 
    "createdAt" : ISODate("2018-10-23T04:47:11.748+0000"), 
    "updatedAt" : ISODate("2018-10-23T04:47:11.748+0000"), 
    "__v" : NumberInt(0)
},
{ 
    "_id" : ObjectId("5bcea838a42d112acc54c7c0"), 
    "User_Id" : "5bcdcfc41925ee3a1cc1cb19", 
    "From" : "Web", 
    "Ip" : "1", 
    "Device_Info" : {
        "ua" : "Mozilla/5.0 (Windows NT 10.0; Win64; x64) AppleWebKit/537.36 (KHTML, like Gecko) Chrome/70.0.3538.67 Safari/537.36", 
        "browser" : {
            "name" : "Chrome", 
            "version" : "70.0.3538.67", 
            "major" : "70"
        }, 
        "engine" : {
            "name" : "WebKit", 
            "version" : "537.36"
        }, 
        "os" : {
            "name" : "Windows", 
            "version" : "10"
        }, 
        "cpu" : {
            "architecture" : "amd64"
        }
    }, 
    "Active_Status" : "Active", 
    "createdAt" : ISODate("2018-10-23T04:48:56.049+0000"), 
    "updatedAt" : ISODate("2018-10-23T04:48:56.049+0000"), 
    "__v" : NumberInt(0)
},
{ 
    "_id" : ObjectId("5bd0522c2f129c26dcacc49e"), 
    "User_Id" : "5bcdcfc41925ee3a1cc1cb19", 
    "From" : "Web", 
    "Ip" : "1", 
    "Device_Info" : {
        "ua" : "Mozilla/5.0 (Windows NT 10.0; Win64; x64) AppleWebKit/537.36 (KHTML, like Gecko) Chrome/70.0.3538.67 Safari/537.36", 
        "browser" : {
            "name" : "Chrome", 
            "version" : "70.0.3538.67", 
            "major" : "70"
        }, 
        "engine" : {
            "name" : "WebKit", 
            "version" : "537.36"
        }, 
        "os" : {
            "name" : "Windows", 
            "version" : "10"
        }, 
        "cpu" : {
            "architecture" : "amd64"
        }
    }, 
    "Active_Status" : "Active", 
    "createdAt" : ISODate("2018-10-24T11:06:20.180+0000"), 
    "updatedAt" : ISODate("2018-10-24T11:06:20.180+0000"), 
    "__v" : NumberInt(0)
},
{ 
    "_id" : ObjectId("5bea87c25916cf05c48ac1ca"), 
    "User_Id" : "5b98eefc5921670620ef990f", 
    "From" : "App", 
    "Ip" : "122.178.113.95", 
    "Device_Info" : {
        "ua" : "okhttp/3.10.0"
    }, 
    "Active_Status" : "Active", 
    "createdAt" : ISODate("2018-11-13T08:13:54.315+0000"), 
    "updatedAt" : ISODate("2018-11-13T08:13:54.315+0000"), 
    "__v" : NumberInt(0)
},
{ 
    "_id" : ObjectId("5bd06edd2f129c26dcacc4a3"), 
    "User_Id" : "5bcdcfc41925ee3a1cc1cb19", 
    "From" : "Web", 
    "Ip" : "1", 
    "Device_Info" : {
        "ua" : "Mozilla/5.0 (Windows NT 10.0; Win64; x64) AppleWebKit/537.36 (KHTML, like Gecko) Chrome/70.0.3538.67 Safari/537.36", 
        "browser" : {
            "name" : "Chrome", 
            "version" : "70.0.3538.67", 
            "major" : "70"
        }, 
        "engine" : {
            "name" : "WebKit", 
            "version" : "537.36"
        }, 
        "os" : {
            "name" : "Windows", 
            "version" : "10"
        }, 
        "cpu" : {
            "architecture" : "amd64"
        }
    }, 
    "Active_Status" : "Active", 
    "createdAt" : ISODate("2018-10-24T13:08:45.371+0000"), 
    "updatedAt" : ISODate("2018-10-24T13:08:45.371+0000"), 
    "__v" : NumberInt(0)
},
{ 
    "_id" : ObjectId("5bd0790d2f129c26dcacc4a5"), 
    "User_Id" : "5bcdcfc41925ee3a1cc1cb19", 
    "From" : "Web", 
    "Ip" : "1", 
    "Device_Info" : {
        "ua" : "Mozilla/5.0 (Windows NT 10.0; Win64; x64) AppleWebKit/537.36 (KHTML, like Gecko) Chrome/70.0.3538.67 Safari/537.36", 
        "browser" : {
            "name" : "Chrome", 
            "version" : "70.0.3538.67", 
            "major" : "70"
        }, 
        "engine" : {
            "name" : "WebKit", 
            "version" : "537.36"
        }, 
        "os" : {
            "name" : "Windows", 
            "version" : "10"
        }, 
        "cpu" : {
            "architecture" : "amd64"
        }
    }, 
    "Active_Status" : "Active", 
    "createdAt" : ISODate("2018-10-24T13:52:13.754+0000"), 
    "updatedAt" : ISODate("2018-10-24T13:52:13.754+0000"), 
    "__v" : NumberInt(0)
},
{ 
    "_id" : ObjectId("5bd14b5ba848d31e9c7efc52"), 
    "User_Id" : "5bcdcfc41925ee3a1cc1cb19", 
    "From" : "Web", 
    "Ip" : "1", 
    "Device_Info" : {
        "ua" : "Mozilla/5.0 (Windows NT 10.0; Win64; x64) AppleWebKit/537.36 (KHTML, like Gecko) Chrome/70.0.3538.77 Safari/537.36", 
        "browser" : {
            "name" : "Chrome", 
            "version" : "70.0.3538.77", 
            "major" : "70"
        }, 
        "engine" : {
            "name" : "WebKit", 
            "version" : "537.36"
        }, 
        "os" : {
            "name" : "Windows", 
            "version" : "10"
        }, 
        "cpu" : {
            "architecture" : "amd64"
        }
    }, 
    "Active_Status" : "Active", 
    "createdAt" : ISODate("2018-10-25T04:49:31.361+0000"), 
    "updatedAt" : ISODate("2018-10-25T04:49:31.361+0000"), 
    "__v" : NumberInt(0)
},
{ 
    "_id" : ObjectId("5bd6f091121bc7149cbc68e9"), 
    "User_Id" : "5bcdcfc41925ee3a1cc1cb19", 
    "From" : "Web", 
    "Ip" : "1", 
    "Device_Info" : {
        "ua" : "Mozilla/5.0 (Windows NT 10.0; Win64; x64) AppleWebKit/537.36 (KHTML, like Gecko) Chrome/70.0.3538.77 Safari/537.36", 
        "browser" : {
            "name" : "Chrome", 
            "version" : "70.0.3538.77", 
            "major" : "70"
        }, 
        "engine" : {
            "name" : "WebKit", 
            "version" : "537.36"
        }, 
        "os" : {
            "name" : "Windows", 
            "version" : "10"
        }, 
        "cpu" : {
            "architecture" : "amd64"
        }
    }, 
    "Active_Status" : "Active", 
    "createdAt" : ISODate("2018-10-29T11:35:45.445+0000"), 
    "updatedAt" : ISODate("2018-10-29T11:35:45.445+0000"), 
    "__v" : NumberInt(0)
},
{ 
    "_id" : ObjectId("5bd70172121bc7149cbc68ea"), 
    "User_Id" : "5bcdcfc41925ee3a1cc1cb19", 
    "From" : "Web", 
    "Ip" : "1", 
    "Device_Info" : {
        "ua" : "Mozilla/5.0 (Windows NT 10.0; Win64; x64) AppleWebKit/537.36 (KHTML, like Gecko) Chrome/70.0.3538.77 Safari/537.36", 
        "browser" : {
            "name" : "Chrome", 
            "version" : "70.0.3538.77", 
            "major" : "70"
        }, 
        "engine" : {
            "name" : "WebKit", 
            "version" : "537.36"
        }, 
        "os" : {
            "name" : "Windows", 
            "version" : "10"
        }, 
        "cpu" : {
            "architecture" : "amd64"
        }
    }, 
    "Active_Status" : "Active", 
    "createdAt" : ISODate("2018-10-29T12:47:46.127+0000"), 
    "updatedAt" : ISODate("2018-10-29T12:47:46.127+0000"), 
    "__v" : NumberInt(0)
},
{ 
    "_id" : ObjectId("5bdae72cec5dc90620cde1f7"), 
    "User_Id" : "5b98eefc5921670620ef990f", 
    "From" : "App", 
    "Ip" : "122.178.113.243", 
    "Device_Info" : {
        "ua" : "Mozilla/5.0 (Windows NT 10.0; Win64; x64) AppleWebKit/537.36 (KHTML, like Gecko) Chrome/70.0.3538.77 Safari/537.36", 
        "browser" : {
            "name" : "Chrome", 
            "version" : "70.0.3538.77", 
            "major" : "70"
        }, 
        "engine" : {
            "name" : "WebKit", 
            "version" : "537.36"
        }, 
        "os" : {
            "name" : "Windows", 
            "version" : "10"
        }, 
        "cpu" : {
            "architecture" : "amd64"
        }
    }, 
    "Active_Status" : "Active", 
    "createdAt" : ISODate("2018-11-01T11:44:44.284+0000"), 
    "updatedAt" : ISODate("2018-11-01T11:44:44.284+0000"), 
    "__v" : NumberInt(0)
},
{ 
    "_id" : ObjectId("5bdae83aec5dc90620cde1f8"), 
    "User_Id" : "5b98eefc5921670620ef990f", 
    "From" : "App", 
    "Ip" : "122.178.113.243", 
    "Device_Info" : {
        "ua" : "Dalvik/2.1.0 (Linux; U; Android 8.1.0; SM-J730GM Build/M1AJQ)", 
        "os" : {
            "name" : "Android", 
            "version" : "8.1.0"
        }, 
        "device" : {
            "vendor" : "Samsung", 
            "model" : "SM-J730GM", 
            "type" : "mobile"
        }
    }, 
    "Active_Status" : "Active", 
    "createdAt" : ISODate("2018-11-01T11:49:14.883+0000"), 
    "updatedAt" : ISODate("2018-11-01T11:49:14.883+0000"), 
    "__v" : NumberInt(0)
},
{ 
    "_id" : ObjectId("5bdbdc4eb1b7f1156266dfde"), 
    "User_Id" : "5b98eefc5921670620ef990f", 
    "From" : "App", 
    "Ip" : "122.178.113.1", 
    "Device_Info" : {
        "ua" : "Mozilla/5.0 (Windows NT 10.0; Win64; x64) AppleWebKit/537.36 (KHTML, like Gecko) Chrome/70.0.3538.77 Safari/537.36", 
        "browser" : {
            "name" : "Chrome", 
            "version" : "70.0.3538.77", 
            "major" : "70"
        }, 
        "engine" : {
            "name" : "WebKit", 
            "version" : "537.36"
        }, 
        "os" : {
            "name" : "Windows", 
            "version" : "10"
        }, 
        "cpu" : {
            "architecture" : "amd64"
        }
    }, 
    "Active_Status" : "Active", 
    "createdAt" : ISODate("2018-11-02T05:10:38.782+0000"), 
    "updatedAt" : ISODate("2018-11-02T05:10:38.782+0000"), 
    "__v" : NumberInt(0)
},
{ 
    "_id" : ObjectId("5bdbdd3bb1b7f1156266dfdf"), 
    "User_Id" : "5b98eefc5921670620ef990f", 
    "From" : "App", 
    "Ip" : "122.178.113.1", 
    "Device_Info" : {
        "ua" : "Dalvik/2.1.0 (Linux; U; Android 8.1.0; SM-J730GM Build/M1AJQ)", 
        "os" : {
            "name" : "Android", 
            "version" : "8.1.0"
        }, 
        "device" : {
            "vendor" : "Samsung", 
            "model" : "SM-J730GM", 
            "type" : "mobile"
        }
    }, 
    "Active_Status" : "Active", 
    "createdAt" : ISODate("2018-11-02T05:14:35.482+0000"), 
    "updatedAt" : ISODate("2018-11-02T05:14:35.482+0000"), 
    "__v" : NumberInt(0)
},
{ 
    "_id" : ObjectId("5bdc11185916cf05c48ac1bf"), 
    "User_Id" : "5b98eefc5921670620ef990f", 
    "From" : "App", 
    "Ip" : "122.178.113.1", 
    "Device_Info" : {
        "ua" : "Dalvik/2.1.0 (Linux; U; Android 8.1.0; SM-J730GM Build/M1AJQ)", 
        "os" : {
            "name" : "Android", 
            "version" : "8.1.0"
        }, 
        "device" : {
            "vendor" : "Samsung", 
            "model" : "SM-J730GM", 
            "type" : "mobile"
        }
    }, 
    "Active_Status" : "Active", 
    "createdAt" : ISODate("2018-11-02T08:55:52.464+0000"), 
    "updatedAt" : ISODate("2018-11-02T08:55:52.464+0000"), 
    "__v" : NumberInt(0)
},
{ 
    "_id" : ObjectId("5be6b1805916cf05c48ac1c0"), 
    "User_Id" : "5bcdcfc41925ee3a1cc1cb19", 
    "From" : "App", 
    "Ip" : "122.178.113.194", 
    "Device_Info" : {
        "ua" : "Mozilla/5.0 (Windows NT 10.0; Win64; x64) AppleWebKit/537.36 (KHTML, like Gecko) Chrome/70.0.3538.77 Safari/537.36", 
        "browser" : {
            "name" : "Chrome", 
            "version" : "70.0.3538.77", 
            "major" : "70"
        }, 
        "engine" : {
            "name" : "WebKit", 
            "version" : "537.36"
        }, 
        "os" : {
            "name" : "Windows", 
            "version" : "10"
        }, 
        "cpu" : {
            "architecture" : "amd64"
        }
    }, 
    "Active_Status" : "Active", 
    "createdAt" : ISODate("2018-11-10T10:22:56.247+0000"), 
    "updatedAt" : ISODate("2018-11-10T10:22:56.247+0000"), 
    "__v" : NumberInt(0)
},
{ 
    "_id" : ObjectId("5be6b27e5916cf05c48ac1c1"), 
    "User_Id" : "5bcdcfc41925ee3a1cc1cb19", 
    "From" : "App", 
    "Ip" : "122.178.113.194", 
    "Device_Info" : {
        "ua" : "Mozilla/5.0 (Windows NT 10.0; Win64; x64) AppleWebKit/537.36 (KHTML, like Gecko) Chrome/70.0.3538.77 Safari/537.36", 
        "browser" : {
            "name" : "Chrome", 
            "version" : "70.0.3538.77", 
            "major" : "70"
        }, 
        "engine" : {
            "name" : "WebKit", 
            "version" : "537.36"
        }, 
        "os" : {
            "name" : "Windows", 
            "version" : "10"
        }, 
        "cpu" : {
            "architecture" : "amd64"
        }
    }, 
    "Active_Status" : "Active", 
    "createdAt" : ISODate("2018-11-10T10:27:10.473+0000"), 
    "updatedAt" : ISODate("2018-11-10T10:27:10.473+0000"), 
    "__v" : NumberInt(0)
},
{ 
    "_id" : ObjectId("5be6b2df5916cf05c48ac1c2"), 
    "User_Id" : "5bcdcfc41925ee3a1cc1cb19", 
    "From" : "App", 
    "Ip" : "122.178.113.194", 
    "Device_Info" : {
        "ua" : "Mozilla/5.0 (Windows NT 10.0; Win64; x64) AppleWebKit/537.36 (KHTML, like Gecko) Chrome/70.0.3538.77 Safari/537.36", 
        "browser" : {
            "name" : "Chrome", 
            "version" : "70.0.3538.77", 
            "major" : "70"
        }, 
        "engine" : {
            "name" : "WebKit", 
            "version" : "537.36"
        }, 
        "os" : {
            "name" : "Windows", 
            "version" : "10"
        }, 
        "cpu" : {
            "architecture" : "amd64"
        }
    }, 
    "Active_Status" : "Active", 
    "createdAt" : ISODate("2018-11-10T10:28:47.286+0000"), 
    "updatedAt" : ISODate("2018-11-10T10:28:47.286+0000"), 
    "__v" : NumberInt(0)
},
{ 
    "_id" : ObjectId("5bea7f4d5916cf05c48ac1c3"), 
    "User_Id" : "5bcdcfc41925ee3a1cc1cb19", 
    "From" : "App", 
    "Ip" : "122.178.113.95", 
    "Device_Info" : {
        "ua" : "Mozilla/5.0 (Windows NT 10.0; Win64; x64) AppleWebKit/537.36 (KHTML, like Gecko) Chrome/70.0.3538.77 Safari/537.36", 
        "browser" : {
            "name" : "Chrome", 
            "version" : "70.0.3538.77", 
            "major" : "70"
        }, 
        "engine" : {
            "name" : "WebKit", 
            "version" : "537.36"
        }, 
        "os" : {
            "name" : "Windows", 
            "version" : "10"
        }, 
        "cpu" : {
            "architecture" : "amd64"
        }
    }, 
    "Active_Status" : "Active", 
    "createdAt" : ISODate("2018-11-13T07:37:49.795+0000"), 
    "updatedAt" : ISODate("2018-11-13T07:37:49.795+0000"), 
    "__v" : NumberInt(0)
},
{ 
    "_id" : ObjectId("5bea7f695916cf05c48ac1c4"), 
    "User_Id" : "5b98eefc5921670620ef990f", 
    "From" : "App", 
    "Ip" : "122.178.113.95", 
    "Device_Info" : {
        "ua" : "Mozilla/5.0 (Windows NT 10.0; Win64; x64) AppleWebKit/537.36 (KHTML, like Gecko) Chrome/70.0.3538.77 Safari/537.36", 
        "browser" : {
            "name" : "Chrome", 
            "version" : "70.0.3538.77", 
            "major" : "70"
        }, 
        "engine" : {
            "name" : "WebKit", 
            "version" : "537.36"
        }, 
        "os" : {
            "name" : "Windows", 
            "version" : "10"
        }, 
        "cpu" : {
            "architecture" : "amd64"
        }
    }, 
    "Active_Status" : "Active", 
    "createdAt" : ISODate("2018-11-13T07:38:17.197+0000"), 
    "updatedAt" : ISODate("2018-11-13T07:38:17.197+0000"), 
    "__v" : NumberInt(0)
},
{ 
    "_id" : ObjectId("5bea7f6d5916cf05c48ac1c5"), 
    "User_Id" : "5b98eefc5921670620ef990f", 
    "From" : "App", 
    "Ip" : "122.178.113.95", 
    "Device_Info" : {
        "ua" : "Mozilla/5.0 (Windows NT 10.0; Win64; x64) AppleWebKit/537.36 (KHTML, like Gecko) Chrome/70.0.3538.77 Safari/537.36", 
        "browser" : {
            "name" : "Chrome", 
            "version" : "70.0.3538.77", 
            "major" : "70"
        }, 
        "engine" : {
            "name" : "WebKit", 
            "version" : "537.36"
        }, 
        "os" : {
            "name" : "Windows", 
            "version" : "10"
        }, 
        "cpu" : {
            "architecture" : "amd64"
        }
    }, 
    "Active_Status" : "Active", 
    "createdAt" : ISODate("2018-11-13T07:38:21.388+0000"), 
    "updatedAt" : ISODate("2018-11-13T07:38:21.388+0000"), 
    "__v" : NumberInt(0)
},
{ 
    "_id" : ObjectId("5bea7f765916cf05c48ac1c6"), 
    "User_Id" : "5b98eefc5921670620ef990f", 
    "From" : "Web", 
    "Ip" : "122.178.113.95", 
    "Device_Info" : {
        "ua" : "Mozilla/5.0 (Windows NT 10.0; Win64; x64) AppleWebKit/537.36 (KHTML, like Gecko) Chrome/70.0.3538.77 Safari/537.36", 
        "browser" : {
            "name" : "Chrome", 
            "version" : "70.0.3538.77", 
            "major" : "70"
        }, 
        "engine" : {
            "name" : "WebKit", 
            "version" : "537.36"
        }, 
        "os" : {
            "name" : "Windows", 
            "version" : "10"
        }, 
        "cpu" : {
            "architecture" : "amd64"
        }
    }, 
    "Active_Status" : "Active", 
    "createdAt" : ISODate("2018-11-13T07:38:30.555+0000"), 
    "updatedAt" : ISODate("2018-11-13T07:38:30.555+0000"), 
    "__v" : NumberInt(0)
},
{ 
    "_id" : ObjectId("5bea7f805916cf05c48ac1c7"), 
    "User_Id" : "5b98eefc5921670620ef990f", 
    "From" : "App", 
    "Ip" : "122.178.113.95", 
    "Device_Info" : {
        "ua" : "Mozilla/5.0 (Windows NT 10.0; Win64; x64) AppleWebKit/537.36 (KHTML, like Gecko) Chrome/70.0.3538.77 Safari/537.36", 
        "browser" : {
            "name" : "Chrome", 
            "version" : "70.0.3538.77", 
            "major" : "70"
        }, 
        "engine" : {
            "name" : "WebKit", 
            "version" : "537.36"
        }, 
        "os" : {
            "name" : "Windows", 
            "version" : "10"
        }, 
        "cpu" : {
            "architecture" : "amd64"
        }
    }, 
    "Active_Status" : "Active", 
    "createdAt" : ISODate("2018-11-13T07:38:40.488+0000"), 
    "updatedAt" : ISODate("2018-11-13T07:38:40.488+0000"), 
    "__v" : NumberInt(0)
},
{ 
    "_id" : ObjectId("5bea800c5916cf05c48ac1c8"), 
    "User_Id" : "5b98eefc5921670620ef990f", 
    "From" : "App", 
    "Ip" : "122.178.113.95", 
    "Device_Info" : {
        "ua" : "Mozilla/5.0 (Windows NT 10.0; Win64; x64) AppleWebKit/537.36 (KHTML, like Gecko) Chrome/70.0.3538.77 Safari/537.36", 
        "browser" : {
            "name" : "Chrome", 
            "version" : "70.0.3538.77", 
            "major" : "70"
        }, 
        "engine" : {
            "name" : "WebKit", 
            "version" : "537.36"
        }, 
        "os" : {
            "name" : "Windows", 
            "version" : "10"
        }, 
        "cpu" : {
            "architecture" : "amd64"
        }
    }, 
    "Active_Status" : "Active", 
    "createdAt" : ISODate("2018-11-13T07:41:00.040+0000"), 
    "updatedAt" : ISODate("2018-11-13T07:41:00.040+0000"), 
    "__v" : NumberInt(0)
},
{ 
    "_id" : ObjectId("5bea85f25916cf05c48ac1c9"), 
    "User_Id" : "5b98eefc5921670620ef990f", 
    "From" : "App", 
    "Ip" : "122.178.113.95", 
    "Device_Info" : {
        "ua" : "Mozilla/5.0 (Windows NT 10.0; Win64; x64) AppleWebKit/537.36 (KHTML, like Gecko) Chrome/70.0.3538.77 Safari/537.36", 
        "browser" : {
            "name" : "Chrome", 
            "version" : "70.0.3538.77", 
            "major" : "70"
        }, 
        "engine" : {
            "name" : "WebKit", 
            "version" : "537.36"
        }, 
        "os" : {
            "name" : "Windows", 
            "version" : "10"
        }, 
        "cpu" : {
            "architecture" : "amd64"
        }
    }, 
    "Active_Status" : "Active", 
    "createdAt" : ISODate("2018-11-13T08:06:10.329+0000"), 
    "updatedAt" : ISODate("2018-11-13T08:06:10.329+0000"), 
    "__v" : NumberInt(0)
},
{ 
    "_id" : ObjectId("5bea939a5916cf05c48ac1cb"), 
    "User_Id" : "5b98eefc5921670620ef990f", 
    "From" : "App", 
    "Ip" : "122.178.113.95", 
    "Device_Info" : {
        "ua" : "okhttp/3.10.0"
    }, 
    "Active_Status" : "Active", 
    "createdAt" : ISODate("2018-11-13T09:04:26.628+0000"), 
    "updatedAt" : ISODate("2018-11-13T09:04:26.628+0000"), 
    "__v" : NumberInt(0)
},
{ 
    "_id" : ObjectId("5bea939f5916cf05c48ac1cc"), 
    "User_Id" : "5b98eefc5921670620ef990f", 
    "From" : "App", 
    "Ip" : "122.178.113.95", 
    "Device_Info" : {
        "ua" : "okhttp/3.10.0"
    }, 
    "Active_Status" : "Active", 
    "createdAt" : ISODate("2018-11-13T09:04:31.800+0000"), 
    "updatedAt" : ISODate("2018-11-13T09:04:31.800+0000"), 
    "__v" : NumberInt(0)
},
{ 
    "_id" : ObjectId("5bea93a25916cf05c48ac1cd"), 
    "User_Id" : "5b98eefc5921670620ef990f", 
    "From" : "App", 
    "Ip" : "122.178.113.95", 
    "Device_Info" : {
        "ua" : "okhttp/3.10.0"
    }, 
    "Active_Status" : "Active", 
    "createdAt" : ISODate("2018-11-13T09:04:34.340+0000"), 
    "updatedAt" : ISODate("2018-11-13T09:04:34.340+0000"), 
    "__v" : NumberInt(0)
},
{ 
    "_id" : ObjectId("5bea93a45916cf05c48ac1ce"), 
    "User_Id" : "5b98eefc5921670620ef990f", 
    "From" : "App", 
    "Ip" : "122.178.113.95", 
    "Device_Info" : {
        "ua" : "okhttp/3.10.0"
    }, 
    "Active_Status" : "Active", 
    "createdAt" : ISODate("2018-11-13T09:04:36.732+0000"), 
    "updatedAt" : ISODate("2018-11-13T09:04:36.732+0000"), 
    "__v" : NumberInt(0)
}
]
