[
{ 
    "_id" : ObjectId("5bd15a71a848d31e9c7efc53"), 
    "User_Ids" : [
        "5bcdcfc41925ee3a1cc1cb19"
    ], 
    "Removed_User_Ids" : [

    ], 
    "Post_Id" : "5bd07c972f129c26dcacc4a6", 
    "Emote_Text" : "good", 
    "Count" : NumberInt(1), 
    "Active_Status" : "Active", 
    "createdAt" : ISODate("2018-10-25T05:53:53.551+0000"), 
    "updatedAt" : ISODate("2018-10-25T05:53:53.551+0000"), 
    "__v" : NumberInt(0)
},
{ 
    "_id" : ObjectId("5bd15a80a848d31e9c7efc54"), 
    "User_Ids" : [
        "5bcdcfc41925ee3a1cc1cb19"
    ], 
    "Removed_User_Ids" : [

    ], 
    "Post_Id" : "5bd07c972f129c26dcacc4a6", 
    "Emote_Text" : "good ", 
    "Count" : NumberInt(1), 
    "Active_Status" : "Active", 
    "createdAt" : ISODate("2018-10-25T05:54:08.205+0000"), 
    "updatedAt" : ISODate("2018-10-25T05:54:08.205+0000"), 
    "__v" : NumberInt(0)
}
]
