[
{ 
    "_id" : ObjectId("5bdbf161b1b7f1156266dfe8"), 
    "Trends_Tags" : [

    ], 
    "Cube_Ids" : [

    ], 
    "User_Id" : "5b98eefc5921670620ef990f", 
    "To_User_Id" : "5bcdcfc41925ee3a1cc1cb19", 
    "Notify_Type" : "Shared_Capture", 
    "Capture_Id" : "5bdbf161b1b7f1156266dfe7", 
    "Capture_Text" : "hahah", 
    "Cube_Id" : "5b9f9fae5921670620ef9933", 
    "Emote_Id" : "", 
    "Opinion_Id" : "", 
    "Emote_Text" : "", 
    "View_Status" : NumberInt(0), 
    "Active_Status" : "Active", 
    "createdAt" : ISODate("2018-11-02T06:40:33.987+0000"), 
    "updatedAt" : ISODate("2018-11-02T06:40:33.987+0000"), 
    "__v" : NumberInt(0)
}
]
