[
{ 
    "v" : NumberInt(2), 
    "key" : {
        "_id" : NumberInt(1)
    }, 
    "name" : "_id_", 
    "ns" : "inscube.AndroidVersion"
},
{ 
    "v" : NumberInt(2), 
    "key" : {
        "_id" : NumberInt(1)
    }, 
    "name" : "_id_", 
    "ns" : "inscube.Cube_Category"
},
{ 
    "v" : NumberInt(2), 
    "unique" : true, 
    "key" : {
        "Name" : NumberInt(1)
    }, 
    "name" : "Name_1", 
    "ns" : "inscube.Cube_Category", 
    "background" : true
},
{ 
    "v" : NumberInt(2), 
    "unique" : true, 
    "key" : {
        "Image" : NumberInt(1)
    }, 
    "name" : "Image_1", 
    "ns" : "inscube.Cube_Category", 
    "background" : true
},
{ 
    "v" : NumberInt(2), 
    "key" : {
        "_id" : NumberInt(1)
    }, 
    "name" : "_id_", 
    "ns" : "inscube.Global_Country"
},
{ 
    "v" : NumberInt(2), 
    "key" : {
        "_id" : NumberInt(1)
    }, 
    "name" : "_id_", 
    "ns" : "inscube.Global_City"
},
{ 
    "v" : NumberInt(2), 
    "key" : {
        "_id" : NumberInt(1)
    }, 
    "name" : "_id_", 
    "ns" : "inscube.Global_State"
},
{ 
    "v" : NumberInt(2), 
    "key" : {
        "_id" : NumberInt(1)
    }, 
    "name" : "_id_", 
    "ns" : "inscube.objectlabs-system"
},
{ 
    "v" : NumberInt(2), 
    "key" : {
        "_id" : NumberInt(1)
    }, 
    "name" : "_id_", 
    "ns" : "inscube.objectlabs-system.admin.collections"
},
{ 
    "v" : NumberInt(2), 
    "key" : {
        "_id" : NumberInt(1)
    }, 
    "name" : "_id_", 
    "ns" : "inscube.Cubes"
},
{ 
    "v" : NumberInt(2), 
    "key" : {
        "_id" : NumberInt(1)
    }, 
    "name" : "_id_", 
    "ns" : "inscube.Cube_Followers"
},
{ 
    "v" : NumberInt(2), 
    "key" : {
        "_id" : NumberInt(1)
    }, 
    "name" : "_id_", 
    "ns" : "inscube.Cube_Posts"
},
{ 
    "v" : NumberInt(2), 
    "key" : {
        "_id" : NumberInt(1)
    }, 
    "name" : "_id_", 
    "ns" : "inscube.Users"
},
{ 
    "v" : NumberInt(2), 
    "key" : {
        "_id" : NumberInt(1)
    }, 
    "name" : "_id_", 
    "ns" : "inscube.LoginInfo"
},
{ 
    "v" : NumberInt(2), 
    "key" : {
        "_id" : NumberInt(1)
    }, 
    "name" : "_id_", 
    "ns" : "inscube.AndroidAppInfo"
},
{ 
    "v" : NumberInt(2), 
    "key" : {
        "_id" : NumberInt(1)
    }, 
    "name" : "_id_", 
    "ns" : "inscube.Cube_Topics"
},
{ 
    "v" : NumberInt(2), 
    "key" : {
        "_id" : NumberInt(1)
    }, 
    "name" : "_id_", 
    "ns" : "inscube.Cube_Trends"
},
{ 
    "v" : NumberInt(2), 
    "key" : {
        "_id" : NumberInt(1)
    }, 
    "name" : "_id_", 
    "ns" : "inscube.Trends_Tags"
},
{ 
    "v" : NumberInt(2), 
    "key" : {
        "_id" : NumberInt(1)
    }, 
    "name" : "_id_", 
    "ns" : "inscube.Cube_Captures"
},
{ 
    "v" : NumberInt(2), 
    "unique" : true, 
    "key" : {
        "Inscube_Name" : NumberInt(1)
    }, 
    "name" : "Inscube_Name_1", 
    "ns" : "inscube.Users", 
    "background" : true
},
{ 
    "v" : NumberInt(2), 
    "unique" : true, 
    "key" : {
        "Email" : NumberInt(1)
    }, 
    "name" : "Email_1", 
    "ns" : "inscube.Users", 
    "background" : true
},
{ 
    "v" : NumberInt(2), 
    "key" : {
        "_id" : NumberInt(1)
    }, 
    "name" : "_id_", 
    "ns" : "inscube.Post_Emote"
},
{ 
    "v" : NumberInt(2), 
    "key" : {
        "_id" : NumberInt(1)
    }, 
    "name" : "_id_", 
    "ns" : "inscube.Post_Notification"
}
]
