[
{ 
    "_id" : ObjectId("5b9f88875921670620ef9924"), 
    "Trends_Ids" : [
        "5b9f88865921670620ef9923"
    ], 
    "Removed_User_Id" : [

    ], 
    "User_Id" : "5b98eefc5921670620ef990f", 
    "Tag" : "#nmog", 
    "Active_Status" : "Active", 
    "createdAt" : ISODate("2018-09-17T10:57:11.386+0000"), 
    "updatedAt" : ISODate("2018-09-17T10:57:11.386+0000"), 
    "__v" : NumberInt(0)
},
{ 
    "_id" : ObjectId("5b9f88965921670620ef9926"), 
    "Trends_Ids" : [
        "5b9f88965921670620ef9925"
    ], 
    "Removed_User_Id" : [

    ], 
    "User_Id" : "5b98eefc5921670620ef990f", 
    "Tag" : "#kfir", 
    "Active_Status" : "Active", 
    "createdAt" : ISODate("2018-09-17T10:57:26.884+0000"), 
    "updatedAt" : ISODate("2018-09-17T10:57:26.884+0000"), 
    "__v" : NumberInt(0)
},
{ 
    "_id" : ObjectId("5b9fb133e3416e05f9f85cd3"), 
    "Trends_Ids" : [
        "5b9fb133e3416e05f9f85cd2"
    ], 
    "Removed_User_Id" : [

    ], 
    "User_Id" : "5b98eefc5921670620ef990f", 
    "Tag" : "#fjfjcncncncnncjnjhhgfhhj", 
    "Active_Status" : "Active", 
    "createdAt" : ISODate("2018-09-17T13:50:43.979+0000"), 
    "updatedAt" : ISODate("2018-09-17T13:50:43.979+0000"), 
    "__v" : NumberInt(0)
},
{ 
    "_id" : ObjectId("5bdbe43cb1b7f1156266dfe3"), 
    "Trends_Ids" : [
        "5bdbe43cb1b7f1156266dfe2"
    ], 
    "Removed_User_Id" : [

    ], 
    "User_Id" : "5b98eefc5921670620ef990f", 
    "Tag" : "#mohan", 
    "Active_Status" : "Active", 
    "createdAt" : ISODate("2018-11-02T05:44:28.843+0000"), 
    "updatedAt" : ISODate("2018-11-02T05:44:28.843+0000"), 
    "__v" : NumberInt(0)
},
{ 
    "_id" : ObjectId("5bdbe452b1b7f1156266dfe5"), 
    "Trends_Ids" : [
        "5bdbe451b1b7f1156266dfe4"
    ], 
    "Removed_User_Id" : [

    ], 
    "User_Id" : "5b98eefc5921670620ef990f", 
    "Tag" : "#niha", 
    "Active_Status" : "Active", 
    "createdAt" : ISODate("2018-11-02T05:44:50.246+0000"), 
    "updatedAt" : ISODate("2018-11-02T05:44:50.246+0000"), 
    "__v" : NumberInt(0)
}
]
