[
{ 
    "_id" : ObjectId("5b98eefc5921670620ef990f"), 
    "Inscube_Name" : "@mohan", 
    "Email" : "mohanraj969@gmail.com", 
    "Password" : "mohanraj", 
    "Color_Code" : "color1", 
    "Image" : "UserImage.png", 
    "DOB" : "7-9-2018", 
    "Gender" : "Male", 
    "Hash_Tag_1" : "aja", 
    "Hash_Tag_2" : "ha", 
    "Hash_Tag_3" : "jaj", 
    "Show_Profile_To" : "Everyone", 
    "Active_Status" : "Active", 
    "Privacy_Update_Checked" : "Success", 
    "createdAt" : ISODate("2018-09-12T10:48:28.085+0000"), 
    "updatedAt" : ISODate("2018-10-22T13:55:56.515+0000"), 
    "__v" : NumberInt(0), 
    "City" : {
        "City_Name" : "Maghirib Ans", 
        "_id" : "5b3f095ca4ed1e047401dc45"
    }, 
    "Country" : {
        "Country_Name" : "Yemen", 
        "_id" : "5b3f0552a4ed1e0474018f19"
    }, 
    "State" : {
        "State_Name" : "Dham?r", 
        "_id" : "5b3f095ba4ed1e047401dbca"
    }, 
    "Explainer_Completed" : true
},
{ 
    "_id" : ObjectId("5bcdcfc41925ee3a1cc1cb19"), 
    "Inscube_Name" : "@kathir", 
    "Email" : "kathiraashi@gmail.com", 
    "Password" : "1234", 
    "Color_Code" : "color1", 
    "Image" : "UserImage.png", 
    "DOB" : "Thu Dec 09 1999 00:00:00 GMT+0530 (India Standard Time)", 
    "Gender" : "", 
    "Hash_Tag_1" : "", 
    "Hash_Tag_2" : "", 
    "Hash_Tag_3" : "", 
    "Show_Profile_To" : "Everyone", 
    "Active_Status" : "Active", 
    "Privacy_Update_Checked" : "Success", 
    "Explainer_Completed" : false, 
    "createdAt" : ISODate("2018-10-22T13:25:24.895+0000"), 
    "updatedAt" : ISODate("2018-10-29T12:46:26.148+0000"), 
    "__v" : NumberInt(0), 
    "City" : {
        "_id" : "5b3f068fa4ed1e047401ae09", 
        "City_Name" : "Coimbatore"
    }, 
    "Country" : {
        "_id" : "5b3f0552a4ed1e0474018ef6", 
        "Country_Name" : "India"
    }, 
    "State" : {
        "_id" : "5b3f068ea4ed1e047401abea", 
        "State_Name" : "Tamil Nadu"
    }
}
]
