[
{ 
    "_id" : ObjectId("5c7d703354ce49102410c617"), 
    "Employee" : ObjectId("5bfe2cdfad5a6e138049f0ad"), 
    "From_Date" : ISODate("2018-12-31T18:30:00.000+0000"), 
    "To_Date" : ISODate("2019-01-30T18:30:00.000+0000"), 
    "MonthYear" : ISODate("2018-12-31T18:30:00.000+0000"), 
    "No_Of_Days" : "31", 
    "No_Of_Present" : "2", 
    "No_Of_Absent" : "24", 
    "No_Of_WeekOff" : "1", 
    "No_Of_Holiday" : "1", 
    "No_Of_Leaves" : "3", 
    "No_Of_PaidLeaves_inYear" : "30", 
    "No_Of_UnPaidLeaves" : "0", 
    "No_Of_Previous_Leaves" : "0", 
    "Detailed_Report" : [
        {
            "_id" : ObjectId("5c7d703354ce49102410c636"), 
            "Date" : "Tue Jan 01 2019 00:00:00 GMT+0530 (India Standard Time)", 
            "If_Attendance" : false, 
            "Attendance" : "", 
            "Attendance_Id" : null, 
            "If_Leave" : false, 
            "Leave_From" : null, 
            "Leave_To" : null, 
            "Leave_Status" : "", 
            "Leave_Type" : null, 
            "Leave_Id" : null, 
            "If_Holiday" : true, 
            "Holiday_Id" : ObjectId("5c2f50c79031712dc0d15b84"), 
            "If_Absent" : false
        }, 
        {
            "_id" : ObjectId("5c7d703354ce49102410c635"), 
            "Date" : "Wed Jan 02 2019 00:00:00 GMT+0530 (India Standard Time)", 
            "If_Attendance" : true, 
            "Attendance" : "Present", 
            "Attendance_Id" : ObjectId("5c2f50879031712dc0d15b82"), 
            "If_Leave" : false, 
            "Leave_From" : null, 
            "Leave_To" : null, 
            "Leave_Status" : "", 
            "Leave_Type" : null, 
            "Leave_Id" : null, 
            "If_Holiday" : false, 
            "Holiday_Id" : null, 
            "If_Absent" : false
        }, 
        {
            "_id" : ObjectId("5c7d703354ce49102410c634"), 
            "Date" : "Thu Jan 03 2019 00:00:00 GMT+0530 (India Standard Time)", 
            "If_Attendance" : true, 
            "Attendance" : "Week Off", 
            "Attendance_Id" : ObjectId("5c2f506e9031712dc0d15b81"), 
            "If_Leave" : false, 
            "Leave_From" : null, 
            "Leave_To" : null, 
            "Leave_Status" : "", 
            "Leave_Type" : null, 
            "Leave_Id" : null, 
            "If_Holiday" : false, 
            "Holiday_Id" : null, 
            "If_Absent" : false
        }, 
        {
            "_id" : ObjectId("5c7d703354ce49102410c633"), 
            "Date" : "Fri Jan 04 2019 00:00:00 GMT+0530 (India Standard Time)", 
            "If_Attendance" : true, 
            "Attendance" : "Present", 
            "Attendance_Id" : ObjectId("5c2f118ec2eeb130487ca9da"), 
            "If_Leave" : false, 
            "Leave_From" : null, 
            "Leave_To" : null, 
            "Leave_Status" : "", 
            "Leave_Type" : null, 
            "Leave_Id" : null, 
            "If_Holiday" : false, 
            "Holiday_Id" : null, 
            "If_Absent" : false
        }, 
        {
            "_id" : ObjectId("5c7d703354ce49102410c632"), 
            "Date" : "Sat Jan 05 2019 00:00:00 GMT+0530 (India Standard Time)", 
            "If_Attendance" : false, 
            "Attendance" : "", 
            "Attendance_Id" : null, 
            "If_Leave" : true, 
            "Leave_From" : "Sat Jan 05 2019 00:00:00 GMT+0530 (India Standard Time)", 
            "Leave_To" : "Sun Jan 06 2019 00:00:00 GMT+0530 (India Standard Time)", 
            "Leave_Status" : "Approved", 
            "Leave_Type" : ObjectId("5be6bc532765081094a30ccd"), 
            "Leave_Id" : ObjectId("5c30822fa25adb14f0f29f72"), 
            "If_Holiday" : false, 
            "Holiday_Id" : null, 
            "If_Absent" : false
        }, 
        {
            "_id" : ObjectId("5c7d703354ce49102410c631"), 
            "Date" : "Sun Jan 06 2019 00:00:00 GMT+0530 (India Standard Time)", 
            "If_Attendance" : false, 
            "Attendance" : "", 
            "Attendance_Id" : null, 
            "If_Leave" : true, 
            "Leave_From" : "Sat Jan 05 2019 00:00:00 GMT+0530 (India Standard Time)", 
            "Leave_To" : "Sun Jan 06 2019 00:00:00 GMT+0530 (India Standard Time)", 
            "Leave_Status" : "Approved", 
            "Leave_Type" : ObjectId("5be6bc532765081094a30ccd"), 
            "Leave_Id" : ObjectId("5c30822fa25adb14f0f29f72"), 
            "If_Holiday" : false, 
            "Holiday_Id" : null, 
            "If_Absent" : false
        }, 
        {
            "_id" : ObjectId("5c7d703354ce49102410c630"), 
            "Date" : "Mon Jan 07 2019 00:00:00 GMT+0530 (India Standard Time)", 
            "If_Attendance" : false, 
            "Attendance" : "", 
            "Attendance_Id" : null, 
            "If_Leave" : true, 
            "Leave_From" : "Mon Jan 07 2019 00:00:00 GMT+0530 (India Standard Time)", 
            "Leave_To" : "Mon Jan 07 2019 00:00:00 GMT+0530 (India Standard Time)", 
            "Leave_Status" : "Approved", 
            "Leave_Type" : ObjectId("5be6bc532765081094a30ccd"), 
            "Leave_Id" : ObjectId("5c31b9a6b962ed35505985f5"), 
            "If_Holiday" : false, 
            "Holiday_Id" : null, 
            "If_Absent" : false
        }, 
        {
            "_id" : ObjectId("5c7d703354ce49102410c62f"), 
            "Date" : "Tue Jan 08 2019 00:00:00 GMT+0530 (India Standard Time)", 
            "If_Attendance" : false, 
            "Attendance" : "", 
            "Attendance_Id" : null, 
            "If_Leave" : false, 
            "Leave_From" : null, 
            "Leave_To" : null, 
            "Leave_Status" : "", 
            "Leave_Type" : null, 
            "Leave_Id" : null, 
            "If_Holiday" : false, 
            "Holiday_Id" : null, 
            "If_Absent" : true
        }, 
        {
            "_id" : ObjectId("5c7d703354ce49102410c62e"), 
            "Date" : "Wed Jan 09 2019 00:00:00 GMT+0530 (India Standard Time)", 
            "If_Attendance" : false, 
            "Attendance" : "", 
            "Attendance_Id" : null, 
            "If_Leave" : false, 
            "Leave_From" : null, 
            "Leave_To" : null, 
            "Leave_Status" : "", 
            "Leave_Type" : null, 
            "Leave_Id" : null, 
            "If_Holiday" : false, 
            "Holiday_Id" : null, 
            "If_Absent" : true
        }, 
        {
            "_id" : ObjectId("5c7d703354ce49102410c62d"), 
            "Date" : "Thu Jan 10 2019 00:00:00 GMT+0530 (India Standard Time)", 
            "If_Attendance" : false, 
            "Attendance" : "", 
            "Attendance_Id" : null, 
            "If_Leave" : false, 
            "Leave_From" : null, 
            "Leave_To" : null, 
            "Leave_Status" : "", 
            "Leave_Type" : null, 
            "Leave_Id" : null, 
            "If_Holiday" : false, 
            "Holiday_Id" : null, 
            "If_Absent" : true
        }, 
        {
            "_id" : ObjectId("5c7d703354ce49102410c62c"), 
            "Date" : "Fri Jan 11 2019 00:00:00 GMT+0530 (India Standard Time)", 
            "If_Attendance" : false, 
            "Attendance" : "", 
            "Attendance_Id" : null, 
            "If_Leave" : false, 
            "Leave_From" : null, 
            "Leave_To" : null, 
            "Leave_Status" : "", 
            "Leave_Type" : null, 
            "Leave_Id" : null, 
            "If_Holiday" : false, 
            "Holiday_Id" : null, 
            "If_Absent" : true
        }, 
        {
            "_id" : ObjectId("5c7d703354ce49102410c62b"), 
            "Date" : "Sat Jan 12 2019 00:00:00 GMT+0530 (India Standard Time)", 
            "If_Attendance" : false, 
            "Attendance" : "", 
            "Attendance_Id" : null, 
            "If_Leave" : false, 
            "Leave_From" : null, 
            "Leave_To" : null, 
            "Leave_Status" : "", 
            "Leave_Type" : null, 
            "Leave_Id" : null, 
            "If_Holiday" : false, 
            "Holiday_Id" : null, 
            "If_Absent" : true
        }, 
        {
            "_id" : ObjectId("5c7d703354ce49102410c62a"), 
            "Date" : "Sun Jan 13 2019 00:00:00 GMT+0530 (India Standard Time)", 
            "If_Attendance" : false, 
            "Attendance" : "", 
            "Attendance_Id" : null, 
            "If_Leave" : false, 
            "Leave_From" : null, 
            "Leave_To" : null, 
            "Leave_Status" : "", 
            "Leave_Type" : null, 
            "Leave_Id" : null, 
            "If_Holiday" : false, 
            "Holiday_Id" : null, 
            "If_Absent" : true
        }, 
        {
            "_id" : ObjectId("5c7d703354ce49102410c629"), 
            "Date" : "Mon Jan 14 2019 00:00:00 GMT+0530 (India Standard Time)", 
            "If_Attendance" : false, 
            "Attendance" : "", 
            "Attendance_Id" : null, 
            "If_Leave" : false, 
            "Leave_From" : null, 
            "Leave_To" : null, 
            "Leave_Status" : "", 
            "Leave_Type" : null, 
            "Leave_Id" : null, 
            "If_Holiday" : false, 
            "Holiday_Id" : null, 
            "If_Absent" : true
        }, 
        {
            "_id" : ObjectId("5c7d703354ce49102410c628"), 
            "Date" : "Tue Jan 15 2019 00:00:00 GMT+0530 (India Standard Time)", 
            "If_Attendance" : false, 
            "Attendance" : "", 
            "Attendance_Id" : null, 
            "If_Leave" : false, 
            "Leave_From" : null, 
            "Leave_To" : null, 
            "Leave_Status" : "", 
            "Leave_Type" : null, 
            "Leave_Id" : null, 
            "If_Holiday" : false, 
            "Holiday_Id" : null, 
            "If_Absent" : true
        }, 
        {
            "_id" : ObjectId("5c7d703354ce49102410c627"), 
            "Date" : "Wed Jan 16 2019 00:00:00 GMT+0530 (India Standard Time)", 
            "If_Attendance" : false, 
            "Attendance" : "", 
            "Attendance_Id" : null, 
            "If_Leave" : false, 
            "Leave_From" : null, 
            "Leave_To" : null, 
            "Leave_Status" : "", 
            "Leave_Type" : null, 
            "Leave_Id" : null, 
            "If_Holiday" : false, 
            "Holiday_Id" : null, 
            "If_Absent" : true
        }, 
        {
            "_id" : ObjectId("5c7d703354ce49102410c626"), 
            "Date" : "Thu Jan 17 2019 00:00:00 GMT+0530 (India Standard Time)", 
            "If_Attendance" : false, 
            "Attendance" : "", 
            "Attendance_Id" : null, 
            "If_Leave" : false, 
            "Leave_From" : null, 
            "Leave_To" : null, 
            "Leave_Status" : "", 
            "Leave_Type" : null, 
            "Leave_Id" : null, 
            "If_Holiday" : false, 
            "Holiday_Id" : null, 
            "If_Absent" : true
        }, 
        {
            "_id" : ObjectId("5c7d703354ce49102410c625"), 
            "Date" : "Fri Jan 18 2019 00:00:00 GMT+0530 (India Standard Time)", 
            "If_Attendance" : false, 
            "Attendance" : "", 
            "Attendance_Id" : null, 
            "If_Leave" : false, 
            "Leave_From" : null, 
            "Leave_To" : null, 
            "Leave_Status" : "", 
            "Leave_Type" : null, 
            "Leave_Id" : null, 
            "If_Holiday" : false, 
            "Holiday_Id" : null, 
            "If_Absent" : true
        }, 
        {
            "_id" : ObjectId("5c7d703354ce49102410c624"), 
            "Date" : "Sat Jan 19 2019 00:00:00 GMT+0530 (India Standard Time)", 
            "If_Attendance" : false, 
            "Attendance" : "", 
            "Attendance_Id" : null, 
            "If_Leave" : false, 
            "Leave_From" : null, 
            "Leave_To" : null, 
            "Leave_Status" : "", 
            "Leave_Type" : null, 
            "Leave_Id" : null, 
            "If_Holiday" : false, 
            "Holiday_Id" : null, 
            "If_Absent" : true
        }, 
        {
            "_id" : ObjectId("5c7d703354ce49102410c623"), 
            "Date" : "Sun Jan 20 2019 00:00:00 GMT+0530 (India Standard Time)", 
            "If_Attendance" : false, 
            "Attendance" : "", 
            "Attendance_Id" : null, 
            "If_Leave" : false, 
            "Leave_From" : null, 
            "Leave_To" : null, 
            "Leave_Status" : "", 
            "Leave_Type" : null, 
            "Leave_Id" : null, 
            "If_Holiday" : false, 
            "Holiday_Id" : null, 
            "If_Absent" : true
        }, 
        {
            "_id" : ObjectId("5c7d703354ce49102410c622"), 
            "Date" : "Mon Jan 21 2019 00:00:00 GMT+0530 (India Standard Time)", 
            "If_Attendance" : false, 
            "Attendance" : "", 
            "Attendance_Id" : null, 
            "If_Leave" : false, 
            "Leave_From" : null, 
            "Leave_To" : null, 
            "Leave_Status" : "", 
            "Leave_Type" : null, 
            "Leave_Id" : null, 
            "If_Holiday" : false, 
            "Holiday_Id" : null, 
            "If_Absent" : true
        }, 
        {
            "_id" : ObjectId("5c7d703354ce49102410c621"), 
            "Date" : "Tue Jan 22 2019 00:00:00 GMT+0530 (India Standard Time)", 
            "If_Attendance" : false, 
            "Attendance" : "", 
            "Attendance_Id" : null, 
            "If_Leave" : false, 
            "Leave_From" : null, 
            "Leave_To" : null, 
            "Leave_Status" : "", 
            "Leave_Type" : null, 
            "Leave_Id" : null, 
            "If_Holiday" : false, 
            "Holiday_Id" : null, 
            "If_Absent" : true
        }, 
        {
            "_id" : ObjectId("5c7d703354ce49102410c620"), 
            "Date" : "Wed Jan 23 2019 00:00:00 GMT+0530 (India Standard Time)", 
            "If_Attendance" : false, 
            "Attendance" : "", 
            "Attendance_Id" : null, 
            "If_Leave" : false, 
            "Leave_From" : null, 
            "Leave_To" : null, 
            "Leave_Status" : "", 
            "Leave_Type" : null, 
            "Leave_Id" : null, 
            "If_Holiday" : false, 
            "Holiday_Id" : null, 
            "If_Absent" : true
        }, 
        {
            "_id" : ObjectId("5c7d703354ce49102410c61f"), 
            "Date" : "Thu Jan 24 2019 00:00:00 GMT+0530 (India Standard Time)", 
            "If_Attendance" : false, 
            "Attendance" : "", 
            "Attendance_Id" : null, 
            "If_Leave" : false, 
            "Leave_From" : null, 
            "Leave_To" : null, 
            "Leave_Status" : "", 
            "Leave_Type" : null, 
            "Leave_Id" : null, 
            "If_Holiday" : false, 
            "Holiday_Id" : null, 
            "If_Absent" : true
        }, 
        {
            "_id" : ObjectId("5c7d703354ce49102410c61e"), 
            "Date" : "Fri Jan 25 2019 00:00:00 GMT+0530 (India Standard Time)", 
            "If_Attendance" : false, 
            "Attendance" : "", 
            "Attendance_Id" : null, 
            "If_Leave" : false, 
            "Leave_From" : null, 
            "Leave_To" : null, 
            "Leave_Status" : "", 
            "Leave_Type" : null, 
            "Leave_Id" : null, 
            "If_Holiday" : false, 
            "Holiday_Id" : null, 
            "If_Absent" : true
        }, 
        {
            "_id" : ObjectId("5c7d703354ce49102410c61d"), 
            "Date" : "Sat Jan 26 2019 00:00:00 GMT+0530 (India Standard Time)", 
            "If_Attendance" : false, 
            "Attendance" : "", 
            "Attendance_Id" : null, 
            "If_Leave" : false, 
            "Leave_From" : null, 
            "Leave_To" : null, 
            "Leave_Status" : "", 
            "Leave_Type" : null, 
            "Leave_Id" : null, 
            "If_Holiday" : false, 
            "Holiday_Id" : null, 
            "If_Absent" : true
        }, 
        {
            "_id" : ObjectId("5c7d703354ce49102410c61c"), 
            "Date" : "Sun Jan 27 2019 00:00:00 GMT+0530 (India Standard Time)", 
            "If_Attendance" : false, 
            "Attendance" : "", 
            "Attendance_Id" : null, 
            "If_Leave" : false, 
            "Leave_From" : null, 
            "Leave_To" : null, 
            "Leave_Status" : "", 
            "Leave_Type" : null, 
            "Leave_Id" : null, 
            "If_Holiday" : false, 
            "Holiday_Id" : null, 
            "If_Absent" : true
        }, 
        {
            "_id" : ObjectId("5c7d703354ce49102410c61b"), 
            "Date" : "Mon Jan 28 2019 00:00:00 GMT+0530 (India Standard Time)", 
            "If_Attendance" : false, 
            "Attendance" : "", 
            "Attendance_Id" : null, 
            "If_Leave" : false, 
            "Leave_From" : null, 
            "Leave_To" : null, 
            "Leave_Status" : "", 
            "Leave_Type" : null, 
            "Leave_Id" : null, 
            "If_Holiday" : false, 
            "Holiday_Id" : null, 
            "If_Absent" : true
        }, 
        {
            "_id" : ObjectId("5c7d703354ce49102410c61a"), 
            "Date" : "Tue Jan 29 2019 00:00:00 GMT+0530 (India Standard Time)", 
            "If_Attendance" : false, 
            "Attendance" : "", 
            "Attendance_Id" : null, 
            "If_Leave" : false, 
            "Leave_From" : null, 
            "Leave_To" : null, 
            "Leave_Status" : "", 
            "Leave_Type" : null, 
            "Leave_Id" : null, 
            "If_Holiday" : false, 
            "Holiday_Id" : null, 
            "If_Absent" : true
        }, 
        {
            "_id" : ObjectId("5c7d703354ce49102410c619"), 
            "Date" : "Wed Jan 30 2019 00:00:00 GMT+0530 (India Standard Time)", 
            "If_Attendance" : false, 
            "Attendance" : "", 
            "Attendance_Id" : null, 
            "If_Leave" : false, 
            "Leave_From" : null, 
            "Leave_To" : null, 
            "Leave_Status" : "", 
            "Leave_Type" : null, 
            "Leave_Id" : null, 
            "If_Holiday" : false, 
            "Holiday_Id" : null, 
            "If_Absent" : true
        }, 
        {
            "_id" : ObjectId("5c7d703354ce49102410c618"), 
            "Date" : "Thu Jan 31 2019 00:00:00 GMT+0530 (India Standard Time)", 
            "If_Attendance" : false, 
            "Attendance" : "", 
            "Attendance_Id" : null, 
            "If_Leave" : false, 
            "Leave_From" : null, 
            "Leave_To" : null, 
            "Leave_Status" : "", 
            "Leave_Type" : null, 
            "Leave_Id" : null, 
            "If_Holiday" : false, 
            "Holiday_Id" : null, 
            "If_Absent" : true
        }
    ], 
    "Payroll_Generated" : true, 
    "Created_By" : ObjectId("5b8a186f69e5c40f9c0f4e0b"), 
    "Active_Status" : true, 
    "If_Deleted" : false, 
    "createdAt" : ISODate("2019-03-04T18:36:35.343+0000"), 
    "updatedAt" : ISODate("2019-03-06T02:46:50.439+0000"), 
    "__v" : NumberInt(0)
},
{ 
    "_id" : ObjectId("5c7d717d54ce49102410c637"), 
    "Employee" : ObjectId("5c2f448c6ddaa304f428f8ec"), 
    "From_Date" : ISODate("2018-12-31T18:30:00.000+0000"), 
    "To_Date" : ISODate("2019-01-30T18:30:00.000+0000"), 
    "MonthYear" : ISODate("2018-12-31T18:30:00.000+0000"), 
    "No_Of_Days" : "31", 
    "No_Of_Present" : "1", 
    "No_Of_Absent" : "26", 
    "No_Of_WeekOff" : "1", 
    "No_Of_Holiday" : "1", 
    "No_Of_Leaves" : "3", 
    "No_Of_PaidLeaves_inYear" : "0", 
    "No_Of_UnPaidLeaves" : "3", 
    "No_Of_Previous_Leaves" : "0", 
    "Detailed_Report" : [
        {
            "_id" : ObjectId("5c7d717d54ce49102410c656"), 
            "Date" : "Tue Jan 01 2019 00:00:00 GMT+0530 (India Standard Time)", 
            "If_Attendance" : true, 
            "Attendance" : "Present", 
            "Attendance_Id" : ObjectId("5c2f50e89031712dc0d15b85"), 
            "If_Leave" : false, 
            "Leave_From" : null, 
            "Leave_To" : null, 
            "Leave_Status" : "", 
            "Leave_Type" : null, 
            "Leave_Id" : null, 
            "If_Holiday" : true, 
            "Holiday_Id" : ObjectId("5c2f50c79031712dc0d15b84"), 
            "If_Absent" : false
        }, 
        {
            "_id" : ObjectId("5c7d717d54ce49102410c655"), 
            "Date" : "Wed Jan 02 2019 00:00:00 GMT+0530 (India Standard Time)", 
            "If_Attendance" : false, 
            "Attendance" : "", 
            "Attendance_Id" : null, 
            "If_Leave" : false, 
            "Leave_From" : null, 
            "Leave_To" : null, 
            "Leave_Status" : "", 
            "Leave_Type" : null, 
            "Leave_Id" : null, 
            "If_Holiday" : false, 
            "Holiday_Id" : null, 
            "If_Absent" : true
        }, 
        {
            "_id" : ObjectId("5c7d717d54ce49102410c654"), 
            "Date" : "Thu Jan 03 2019 00:00:00 GMT+0530 (India Standard Time)", 
            "If_Attendance" : false, 
            "Attendance" : "", 
            "Attendance_Id" : null, 
            "If_Leave" : false, 
            "Leave_From" : null, 
            "Leave_To" : null, 
            "Leave_Status" : "", 
            "Leave_Type" : null, 
            "Leave_Id" : null, 
            "If_Holiday" : false, 
            "Holiday_Id" : null, 
            "If_Absent" : true
        }, 
        {
            "_id" : ObjectId("5c7d717d54ce49102410c653"), 
            "Date" : "Fri Jan 04 2019 00:00:00 GMT+0530 (India Standard Time)", 
            "If_Attendance" : true, 
            "Attendance" : "Week Off", 
            "Attendance_Id" : ObjectId("5c2f503d6ddaa304f428f8ed"), 
            "If_Leave" : false, 
            "Leave_From" : null, 
            "Leave_To" : null, 
            "Leave_Status" : "", 
            "Leave_Type" : null, 
            "Leave_Id" : null, 
            "If_Holiday" : false, 
            "Holiday_Id" : null, 
            "If_Absent" : false
        }, 
        {
            "_id" : ObjectId("5c7d717d54ce49102410c652"), 
            "Date" : "Sat Jan 05 2019 00:00:00 GMT+0530 (India Standard Time)", 
            "If_Attendance" : false, 
            "Attendance" : "", 
            "Attendance_Id" : null, 
            "If_Leave" : true, 
            "Leave_From" : "Sat Jan 05 2019 00:00:00 GMT+0530 (India Standard Time)", 
            "Leave_To" : "Mon Jan 07 2019 00:00:00 GMT+0530 (India Standard Time)", 
            "Leave_Status" : "Approved", 
            "Leave_Type" : ObjectId("5bda86a2e751f1311424a29f"), 
            "Leave_Id" : ObjectId("5c30a243fbed2d33a01383a7"), 
            "If_Holiday" : false, 
            "Holiday_Id" : null, 
            "If_Absent" : false
        }, 
        {
            "_id" : ObjectId("5c7d717d54ce49102410c651"), 
            "Date" : "Sun Jan 06 2019 00:00:00 GMT+0530 (India Standard Time)", 
            "If_Attendance" : false, 
            "Attendance" : "", 
            "Attendance_Id" : null, 
            "If_Leave" : true, 
            "Leave_From" : "Sat Jan 05 2019 00:00:00 GMT+0530 (India Standard Time)", 
            "Leave_To" : "Mon Jan 07 2019 00:00:00 GMT+0530 (India Standard Time)", 
            "Leave_Status" : "Approved", 
            "Leave_Type" : ObjectId("5bda86a2e751f1311424a29f"), 
            "Leave_Id" : ObjectId("5c30a243fbed2d33a01383a7"), 
            "If_Holiday" : false, 
            "Holiday_Id" : null, 
            "If_Absent" : false
        }, 
        {
            "_id" : ObjectId("5c7d717d54ce49102410c650"), 
            "Date" : "Mon Jan 07 2019 00:00:00 GMT+0530 (India Standard Time)", 
            "If_Attendance" : false, 
            "Attendance" : "", 
            "Attendance_Id" : null, 
            "If_Leave" : true, 
            "Leave_From" : "Sat Jan 05 2019 00:00:00 GMT+0530 (India Standard Time)", 
            "Leave_To" : "Mon Jan 07 2019 00:00:00 GMT+0530 (India Standard Time)", 
            "Leave_Status" : "Approved", 
            "Leave_Type" : ObjectId("5bda86a2e751f1311424a29f"), 
            "Leave_Id" : ObjectId("5c30a243fbed2d33a01383a7"), 
            "If_Holiday" : false, 
            "Holiday_Id" : null, 
            "If_Absent" : false
        }, 
        {
            "_id" : ObjectId("5c7d717d54ce49102410c64f"), 
            "Date" : "Tue Jan 08 2019 00:00:00 GMT+0530 (India Standard Time)", 
            "If_Attendance" : false, 
            "Attendance" : "", 
            "Attendance_Id" : null, 
            "If_Leave" : false, 
            "Leave_From" : null, 
            "Leave_To" : null, 
            "Leave_Status" : "", 
            "Leave_Type" : null, 
            "Leave_Id" : null, 
            "If_Holiday" : false, 
            "Holiday_Id" : null, 
            "If_Absent" : true
        }, 
        {
            "_id" : ObjectId("5c7d717d54ce49102410c64e"), 
            "Date" : "Wed Jan 09 2019 00:00:00 GMT+0530 (India Standard Time)", 
            "If_Attendance" : false, 
            "Attendance" : "", 
            "Attendance_Id" : null, 
            "If_Leave" : false, 
            "Leave_From" : null, 
            "Leave_To" : null, 
            "Leave_Status" : "", 
            "Leave_Type" : null, 
            "Leave_Id" : null, 
            "If_Holiday" : false, 
            "Holiday_Id" : null, 
            "If_Absent" : true
        }, 
        {
            "_id" : ObjectId("5c7d717d54ce49102410c64d"), 
            "Date" : "Thu Jan 10 2019 00:00:00 GMT+0530 (India Standard Time)", 
            "If_Attendance" : false, 
            "Attendance" : "", 
            "Attendance_Id" : null, 
            "If_Leave" : false, 
            "Leave_From" : null, 
            "Leave_To" : null, 
            "Leave_Status" : "", 
            "Leave_Type" : null, 
            "Leave_Id" : null, 
            "If_Holiday" : false, 
            "Holiday_Id" : null, 
            "If_Absent" : true
        }, 
        {
            "_id" : ObjectId("5c7d717d54ce49102410c64c"), 
            "Date" : "Fri Jan 11 2019 00:00:00 GMT+0530 (India Standard Time)", 
            "If_Attendance" : false, 
            "Attendance" : "", 
            "Attendance_Id" : null, 
            "If_Leave" : false, 
            "Leave_From" : null, 
            "Leave_To" : null, 
            "Leave_Status" : "", 
            "Leave_Type" : null, 
            "Leave_Id" : null, 
            "If_Holiday" : false, 
            "Holiday_Id" : null, 
            "If_Absent" : true
        }, 
        {
            "_id" : ObjectId("5c7d717d54ce49102410c64b"), 
            "Date" : "Sat Jan 12 2019 00:00:00 GMT+0530 (India Standard Time)", 
            "If_Attendance" : false, 
            "Attendance" : "", 
            "Attendance_Id" : null, 
            "If_Leave" : false, 
            "Leave_From" : null, 
            "Leave_To" : null, 
            "Leave_Status" : "", 
            "Leave_Type" : null, 
            "Leave_Id" : null, 
            "If_Holiday" : false, 
            "Holiday_Id" : null, 
            "If_Absent" : true
        }, 
        {
            "_id" : ObjectId("5c7d717d54ce49102410c64a"), 
            "Date" : "Sun Jan 13 2019 00:00:00 GMT+0530 (India Standard Time)", 
            "If_Attendance" : false, 
            "Attendance" : "", 
            "Attendance_Id" : null, 
            "If_Leave" : false, 
            "Leave_From" : null, 
            "Leave_To" : null, 
            "Leave_Status" : "", 
            "Leave_Type" : null, 
            "Leave_Id" : null, 
            "If_Holiday" : false, 
            "Holiday_Id" : null, 
            "If_Absent" : true
        }, 
        {
            "_id" : ObjectId("5c7d717d54ce49102410c649"), 
            "Date" : "Mon Jan 14 2019 00:00:00 GMT+0530 (India Standard Time)", 
            "If_Attendance" : false, 
            "Attendance" : "", 
            "Attendance_Id" : null, 
            "If_Leave" : false, 
            "Leave_From" : null, 
            "Leave_To" : null, 
            "Leave_Status" : "", 
            "Leave_Type" : null, 
            "Leave_Id" : null, 
            "If_Holiday" : false, 
            "Holiday_Id" : null, 
            "If_Absent" : true
        }, 
        {
            "_id" : ObjectId("5c7d717d54ce49102410c648"), 
            "Date" : "Tue Jan 15 2019 00:00:00 GMT+0530 (India Standard Time)", 
            "If_Attendance" : false, 
            "Attendance" : "", 
            "Attendance_Id" : null, 
            "If_Leave" : false, 
            "Leave_From" : null, 
            "Leave_To" : null, 
            "Leave_Status" : "", 
            "Leave_Type" : null, 
            "Leave_Id" : null, 
            "If_Holiday" : false, 
            "Holiday_Id" : null, 
            "If_Absent" : true
        }, 
        {
            "_id" : ObjectId("5c7d717d54ce49102410c647"), 
            "Date" : "Wed Jan 16 2019 00:00:00 GMT+0530 (India Standard Time)", 
            "If_Attendance" : false, 
            "Attendance" : "", 
            "Attendance_Id" : null, 
            "If_Leave" : false, 
            "Leave_From" : null, 
            "Leave_To" : null, 
            "Leave_Status" : "", 
            "Leave_Type" : null, 
            "Leave_Id" : null, 
            "If_Holiday" : false, 
            "Holiday_Id" : null, 
            "If_Absent" : true
        }, 
        {
            "_id" : ObjectId("5c7d717d54ce49102410c646"), 
            "Date" : "Thu Jan 17 2019 00:00:00 GMT+0530 (India Standard Time)", 
            "If_Attendance" : false, 
            "Attendance" : "", 
            "Attendance_Id" : null, 
            "If_Leave" : false, 
            "Leave_From" : null, 
            "Leave_To" : null, 
            "Leave_Status" : "", 
            "Leave_Type" : null, 
            "Leave_Id" : null, 
            "If_Holiday" : false, 
            "Holiday_Id" : null, 
            "If_Absent" : true
        }, 
        {
            "_id" : ObjectId("5c7d717d54ce49102410c645"), 
            "Date" : "Fri Jan 18 2019 00:00:00 GMT+0530 (India Standard Time)", 
            "If_Attendance" : false, 
            "Attendance" : "", 
            "Attendance_Id" : null, 
            "If_Leave" : false, 
            "Leave_From" : null, 
            "Leave_To" : null, 
            "Leave_Status" : "", 
            "Leave_Type" : null, 
            "Leave_Id" : null, 
            "If_Holiday" : false, 
            "Holiday_Id" : null, 
            "If_Absent" : true
        }, 
        {
            "_id" : ObjectId("5c7d717d54ce49102410c644"), 
            "Date" : "Sat Jan 19 2019 00:00:00 GMT+0530 (India Standard Time)", 
            "If_Attendance" : false, 
            "Attendance" : "", 
            "Attendance_Id" : null, 
            "If_Leave" : false, 
            "Leave_From" : null, 
            "Leave_To" : null, 
            "Leave_Status" : "", 
            "Leave_Type" : null, 
            "Leave_Id" : null, 
            "If_Holiday" : false, 
            "Holiday_Id" : null, 
            "If_Absent" : true
        }, 
        {
            "_id" : ObjectId("5c7d717d54ce49102410c643"), 
            "Date" : "Sun Jan 20 2019 00:00:00 GMT+0530 (India Standard Time)", 
            "If_Attendance" : false, 
            "Attendance" : "", 
            "Attendance_Id" : null, 
            "If_Leave" : false, 
            "Leave_From" : null, 
            "Leave_To" : null, 
            "Leave_Status" : "", 
            "Leave_Type" : null, 
            "Leave_Id" : null, 
            "If_Holiday" : false, 
            "Holiday_Id" : null, 
            "If_Absent" : true
        }, 
        {
            "_id" : ObjectId("5c7d717d54ce49102410c642"), 
            "Date" : "Mon Jan 21 2019 00:00:00 GMT+0530 (India Standard Time)", 
            "If_Attendance" : false, 
            "Attendance" : "", 
            "Attendance_Id" : null, 
            "If_Leave" : false, 
            "Leave_From" : null, 
            "Leave_To" : null, 
            "Leave_Status" : "", 
            "Leave_Type" : null, 
            "Leave_Id" : null, 
            "If_Holiday" : false, 
            "Holiday_Id" : null, 
            "If_Absent" : true
        }, 
        {
            "_id" : ObjectId("5c7d717d54ce49102410c641"), 
            "Date" : "Tue Jan 22 2019 00:00:00 GMT+0530 (India Standard Time)", 
            "If_Attendance" : false, 
            "Attendance" : "", 
            "Attendance_Id" : null, 
            "If_Leave" : false, 
            "Leave_From" : null, 
            "Leave_To" : null, 
            "Leave_Status" : "", 
            "Leave_Type" : null, 
            "Leave_Id" : null, 
            "If_Holiday" : false, 
            "Holiday_Id" : null, 
            "If_Absent" : true
        }, 
        {
            "_id" : ObjectId("5c7d717d54ce49102410c640"), 
            "Date" : "Wed Jan 23 2019 00:00:00 GMT+0530 (India Standard Time)", 
            "If_Attendance" : false, 
            "Attendance" : "", 
            "Attendance_Id" : null, 
            "If_Leave" : false, 
            "Leave_From" : null, 
            "Leave_To" : null, 
            "Leave_Status" : "", 
            "Leave_Type" : null, 
            "Leave_Id" : null, 
            "If_Holiday" : false, 
            "Holiday_Id" : null, 
            "If_Absent" : true
        }, 
        {
            "_id" : ObjectId("5c7d717d54ce49102410c63f"), 
            "Date" : "Thu Jan 24 2019 00:00:00 GMT+0530 (India Standard Time)", 
            "If_Attendance" : false, 
            "Attendance" : "", 
            "Attendance_Id" : null, 
            "If_Leave" : false, 
            "Leave_From" : null, 
            "Leave_To" : null, 
            "Leave_Status" : "", 
            "Leave_Type" : null, 
            "Leave_Id" : null, 
            "If_Holiday" : false, 
            "Holiday_Id" : null, 
            "If_Absent" : true
        }, 
        {
            "_id" : ObjectId("5c7d717d54ce49102410c63e"), 
            "Date" : "Fri Jan 25 2019 00:00:00 GMT+0530 (India Standard Time)", 
            "If_Attendance" : false, 
            "Attendance" : "", 
            "Attendance_Id" : null, 
            "If_Leave" : false, 
            "Leave_From" : null, 
            "Leave_To" : null, 
            "Leave_Status" : "", 
            "Leave_Type" : null, 
            "Leave_Id" : null, 
            "If_Holiday" : false, 
            "Holiday_Id" : null, 
            "If_Absent" : true
        }, 
        {
            "_id" : ObjectId("5c7d717d54ce49102410c63d"), 
            "Date" : "Sat Jan 26 2019 00:00:00 GMT+0530 (India Standard Time)", 
            "If_Attendance" : false, 
            "Attendance" : "", 
            "Attendance_Id" : null, 
            "If_Leave" : false, 
            "Leave_From" : null, 
            "Leave_To" : null, 
            "Leave_Status" : "", 
            "Leave_Type" : null, 
            "Leave_Id" : null, 
            "If_Holiday" : false, 
            "Holiday_Id" : null, 
            "If_Absent" : true
        }, 
        {
            "_id" : ObjectId("5c7d717d54ce49102410c63c"), 
            "Date" : "Sun Jan 27 2019 00:00:00 GMT+0530 (India Standard Time)", 
            "If_Attendance" : false, 
            "Attendance" : "", 
            "Attendance_Id" : null, 
            "If_Leave" : false, 
            "Leave_From" : null, 
            "Leave_To" : null, 
            "Leave_Status" : "", 
            "Leave_Type" : null, 
            "Leave_Id" : null, 
            "If_Holiday" : false, 
            "Holiday_Id" : null, 
            "If_Absent" : true
        }, 
        {
            "_id" : ObjectId("5c7d717d54ce49102410c63b"), 
            "Date" : "Mon Jan 28 2019 00:00:00 GMT+0530 (India Standard Time)", 
            "If_Attendance" : false, 
            "Attendance" : "", 
            "Attendance_Id" : null, 
            "If_Leave" : false, 
            "Leave_From" : null, 
            "Leave_To" : null, 
            "Leave_Status" : "", 
            "Leave_Type" : null, 
            "Leave_Id" : null, 
            "If_Holiday" : false, 
            "Holiday_Id" : null, 
            "If_Absent" : true
        }, 
        {
            "_id" : ObjectId("5c7d717d54ce49102410c63a"), 
            "Date" : "Tue Jan 29 2019 00:00:00 GMT+0530 (India Standard Time)", 
            "If_Attendance" : false, 
            "Attendance" : "", 
            "Attendance_Id" : null, 
            "If_Leave" : false, 
            "Leave_From" : null, 
            "Leave_To" : null, 
            "Leave_Status" : "", 
            "Leave_Type" : null, 
            "Leave_Id" : null, 
            "If_Holiday" : false, 
            "Holiday_Id" : null, 
            "If_Absent" : true
        }, 
        {
            "_id" : ObjectId("5c7d717d54ce49102410c639"), 
            "Date" : "Wed Jan 30 2019 00:00:00 GMT+0530 (India Standard Time)", 
            "If_Attendance" : false, 
            "Attendance" : "", 
            "Attendance_Id" : null, 
            "If_Leave" : false, 
            "Leave_From" : null, 
            "Leave_To" : null, 
            "Leave_Status" : "", 
            "Leave_Type" : null, 
            "Leave_Id" : null, 
            "If_Holiday" : false, 
            "Holiday_Id" : null, 
            "If_Absent" : true
        }, 
        {
            "_id" : ObjectId("5c7d717d54ce49102410c638"), 
            "Date" : "Thu Jan 31 2019 00:00:00 GMT+0530 (India Standard Time)", 
            "If_Attendance" : false, 
            "Attendance" : "", 
            "Attendance_Id" : null, 
            "If_Leave" : false, 
            "Leave_From" : null, 
            "Leave_To" : null, 
            "Leave_Status" : "", 
            "Leave_Type" : null, 
            "Leave_Id" : null, 
            "If_Holiday" : false, 
            "Holiday_Id" : null, 
            "If_Absent" : true
        }
    ], 
    "Payroll_Generated" : false, 
    "Created_By" : ObjectId("5b8a186f69e5c40f9c0f4e0b"), 
    "Active_Status" : true, 
    "If_Deleted" : false, 
    "createdAt" : ISODate("2019-03-04T18:42:05.632+0000"), 
    "updatedAt" : ISODate("2019-03-04T18:42:05.632+0000"), 
    "__v" : NumberInt(0)
},
{ 
    "_id" : ObjectId("5c9889f5d96f8e15803638ea"), 
    "Employee" : ObjectId("5c507dd37afa5a399870be9a"), 
    "From_Date" : ISODate("2019-01-31T18:30:00.000+0000"), 
    "To_Date" : ISODate("2019-02-27T18:30:00.000+0000"), 
    "MonthYear" : ISODate("2019-01-31T18:30:00.000+0000"), 
    "No_Of_Days" : "28", 
    "No_Of_Present" : "0", 
    "No_Of_Absent" : "27", 
    "No_Of_WeekOff" : "0", 
    "No_Of_Holiday" : "1", 
    "No_Of_Leaves" : "0", 
    "No_Of_PaidLeaves_inYear" : "0", 
    "No_Of_UnPaidLeaves" : "0", 
    "No_Of_Previous_Leaves" : "0", 
    "Detailed_Report" : [
        {
            "_id" : ObjectId("5c9889f5d96f8e1580363906"), 
            "Date" : "Fri Feb 01 2019 00:00:00 GMT+0530 (India Standard Time)", 
            "If_Attendance" : false, 
            "Attendance" : "", 
            "Attendance_Id" : null, 
            "If_Leave" : false, 
            "Leave_From" : null, 
            "Leave_To" : null, 
            "Leave_Status" : "", 
            "Leave_Type" : null, 
            "Leave_Id" : null, 
            "If_Holiday" : false, 
            "Holiday_Id" : null, 
            "If_Absent" : true
        }, 
        {
            "_id" : ObjectId("5c9889f5d96f8e1580363905"), 
            "Date" : "Sat Feb 02 2019 00:00:00 GMT+0530 (India Standard Time)", 
            "If_Attendance" : false, 
            "Attendance" : "", 
            "Attendance_Id" : null, 
            "If_Leave" : false, 
            "Leave_From" : null, 
            "Leave_To" : null, 
            "Leave_Status" : "", 
            "Leave_Type" : null, 
            "Leave_Id" : null, 
            "If_Holiday" : false, 
            "Holiday_Id" : null, 
            "If_Absent" : true
        }, 
        {
            "_id" : ObjectId("5c9889f5d96f8e1580363904"), 
            "Date" : "Sun Feb 03 2019 00:00:00 GMT+0530 (India Standard Time)", 
            "If_Attendance" : false, 
            "Attendance" : "", 
            "Attendance_Id" : null, 
            "If_Leave" : false, 
            "Leave_From" : null, 
            "Leave_To" : null, 
            "Leave_Status" : "", 
            "Leave_Type" : null, 
            "Leave_Id" : null, 
            "If_Holiday" : false, 
            "Holiday_Id" : null, 
            "If_Absent" : true
        }, 
        {
            "_id" : ObjectId("5c9889f5d96f8e1580363903"), 
            "Date" : "Mon Feb 04 2019 00:00:00 GMT+0530 (India Standard Time)", 
            "If_Attendance" : false, 
            "Attendance" : "", 
            "Attendance_Id" : null, 
            "If_Leave" : false, 
            "Leave_From" : null, 
            "Leave_To" : null, 
            "Leave_Status" : "", 
            "Leave_Type" : null, 
            "Leave_Id" : null, 
            "If_Holiday" : false, 
            "Holiday_Id" : null, 
            "If_Absent" : true
        }, 
        {
            "_id" : ObjectId("5c9889f5d96f8e1580363902"), 
            "Date" : "Tue Feb 05 2019 00:00:00 GMT+0530 (India Standard Time)", 
            "If_Attendance" : false, 
            "Attendance" : "", 
            "Attendance_Id" : null, 
            "If_Leave" : false, 
            "Leave_From" : null, 
            "Leave_To" : null, 
            "Leave_Status" : "", 
            "Leave_Type" : null, 
            "Leave_Id" : null, 
            "If_Holiday" : false, 
            "Holiday_Id" : null, 
            "If_Absent" : true
        }, 
        {
            "_id" : ObjectId("5c9889f5d96f8e1580363901"), 
            "Date" : "Wed Feb 06 2019 00:00:00 GMT+0530 (India Standard Time)", 
            "If_Attendance" : false, 
            "Attendance" : "", 
            "Attendance_Id" : null, 
            "If_Leave" : false, 
            "Leave_From" : null, 
            "Leave_To" : null, 
            "Leave_Status" : "", 
            "Leave_Type" : null, 
            "Leave_Id" : null, 
            "If_Holiday" : false, 
            "Holiday_Id" : null, 
            "If_Absent" : true
        }, 
        {
            "_id" : ObjectId("5c9889f5d96f8e1580363900"), 
            "Date" : "Thu Feb 07 2019 00:00:00 GMT+0530 (India Standard Time)", 
            "If_Attendance" : false, 
            "Attendance" : "", 
            "Attendance_Id" : null, 
            "If_Leave" : false, 
            "Leave_From" : null, 
            "Leave_To" : null, 
            "Leave_Status" : "", 
            "Leave_Type" : null, 
            "Leave_Id" : null, 
            "If_Holiday" : false, 
            "Holiday_Id" : null, 
            "If_Absent" : true
        }, 
        {
            "_id" : ObjectId("5c9889f5d96f8e15803638ff"), 
            "Date" : "Fri Feb 08 2019 00:00:00 GMT+0530 (India Standard Time)", 
            "If_Attendance" : false, 
            "Attendance" : "", 
            "Attendance_Id" : null, 
            "If_Leave" : false, 
            "Leave_From" : null, 
            "Leave_To" : null, 
            "Leave_Status" : "", 
            "Leave_Type" : null, 
            "Leave_Id" : null, 
            "If_Holiday" : false, 
            "Holiday_Id" : null, 
            "If_Absent" : true
        }, 
        {
            "_id" : ObjectId("5c9889f5d96f8e15803638fe"), 
            "Date" : "Sat Feb 09 2019 00:00:00 GMT+0530 (India Standard Time)", 
            "If_Attendance" : false, 
            "Attendance" : "", 
            "Attendance_Id" : null, 
            "If_Leave" : false, 
            "Leave_From" : null, 
            "Leave_To" : null, 
            "Leave_Status" : "", 
            "Leave_Type" : null, 
            "Leave_Id" : null, 
            "If_Holiday" : false, 
            "Holiday_Id" : null, 
            "If_Absent" : true
        }, 
        {
            "_id" : ObjectId("5c9889f5d96f8e15803638fd"), 
            "Date" : "Sun Feb 10 2019 00:00:00 GMT+0530 (India Standard Time)", 
            "If_Attendance" : false, 
            "Attendance" : "", 
            "Attendance_Id" : null, 
            "If_Leave" : false, 
            "Leave_From" : null, 
            "Leave_To" : null, 
            "Leave_Status" : "", 
            "Leave_Type" : null, 
            "Leave_Id" : null, 
            "If_Holiday" : false, 
            "Holiday_Id" : null, 
            "If_Absent" : true
        }, 
        {
            "_id" : ObjectId("5c9889f5d96f8e15803638fc"), 
            "Date" : "Mon Feb 11 2019 00:00:00 GMT+0530 (India Standard Time)", 
            "If_Attendance" : false, 
            "Attendance" : "", 
            "Attendance_Id" : null, 
            "If_Leave" : false, 
            "Leave_From" : null, 
            "Leave_To" : null, 
            "Leave_Status" : "", 
            "Leave_Type" : null, 
            "Leave_Id" : null, 
            "If_Holiday" : false, 
            "Holiday_Id" : null, 
            "If_Absent" : true
        }, 
        {
            "_id" : ObjectId("5c9889f5d96f8e15803638fb"), 
            "Date" : "Tue Feb 12 2019 00:00:00 GMT+0530 (India Standard Time)", 
            "If_Attendance" : false, 
            "Attendance" : "", 
            "Attendance_Id" : null, 
            "If_Leave" : false, 
            "Leave_From" : null, 
            "Leave_To" : null, 
            "Leave_Status" : "", 
            "Leave_Type" : null, 
            "Leave_Id" : null, 
            "If_Holiday" : false, 
            "Holiday_Id" : null, 
            "If_Absent" : true
        }, 
        {
            "_id" : ObjectId("5c9889f5d96f8e15803638fa"), 
            "Date" : "Wed Feb 13 2019 00:00:00 GMT+0530 (India Standard Time)", 
            "If_Attendance" : false, 
            "Attendance" : "", 
            "Attendance_Id" : null, 
            "If_Leave" : false, 
            "Leave_From" : null, 
            "Leave_To" : null, 
            "Leave_Status" : "", 
            "Leave_Type" : null, 
            "Leave_Id" : null, 
            "If_Holiday" : false, 
            "Holiday_Id" : null, 
            "If_Absent" : true
        }, 
        {
            "_id" : ObjectId("5c9889f5d96f8e15803638f9"), 
            "Date" : "Thu Feb 14 2019 00:00:00 GMT+0530 (India Standard Time)", 
            "If_Attendance" : false, 
            "Attendance" : "", 
            "Attendance_Id" : null, 
            "If_Leave" : false, 
            "Leave_From" : null, 
            "Leave_To" : null, 
            "Leave_Status" : "", 
            "Leave_Type" : null, 
            "Leave_Id" : null, 
            "If_Holiday" : false, 
            "Holiday_Id" : null, 
            "If_Absent" : true
        }, 
        {
            "_id" : ObjectId("5c9889f5d96f8e15803638f8"), 
            "Date" : "Fri Feb 15 2019 00:00:00 GMT+0530 (India Standard Time)", 
            "If_Attendance" : false, 
            "Attendance" : "", 
            "Attendance_Id" : null, 
            "If_Leave" : false, 
            "Leave_From" : null, 
            "Leave_To" : null, 
            "Leave_Status" : "", 
            "Leave_Type" : null, 
            "Leave_Id" : null, 
            "If_Holiday" : false, 
            "Holiday_Id" : null, 
            "If_Absent" : true
        }, 
        {
            "_id" : ObjectId("5c9889f5d96f8e15803638f7"), 
            "Date" : "Sat Feb 16 2019 00:00:00 GMT+0530 (India Standard Time)", 
            "If_Attendance" : false, 
            "Attendance" : "", 
            "Attendance_Id" : null, 
            "If_Leave" : false, 
            "Leave_From" : null, 
            "Leave_To" : null, 
            "Leave_Status" : "", 
            "Leave_Type" : null, 
            "Leave_Id" : null, 
            "If_Holiday" : false, 
            "Holiday_Id" : null, 
            "If_Absent" : true
        }, 
        {
            "_id" : ObjectId("5c9889f5d96f8e15803638f6"), 
            "Date" : "Sun Feb 17 2019 00:00:00 GMT+0530 (India Standard Time)", 
            "If_Attendance" : false, 
            "Attendance" : "", 
            "Attendance_Id" : null, 
            "If_Leave" : false, 
            "Leave_From" : null, 
            "Leave_To" : null, 
            "Leave_Status" : "", 
            "Leave_Type" : null, 
            "Leave_Id" : null, 
            "If_Holiday" : false, 
            "Holiday_Id" : null, 
            "If_Absent" : true
        }, 
        {
            "_id" : ObjectId("5c9889f5d96f8e15803638f5"), 
            "Date" : "Mon Feb 18 2019 00:00:00 GMT+0530 (India Standard Time)", 
            "If_Attendance" : false, 
            "Attendance" : "", 
            "Attendance_Id" : null, 
            "If_Leave" : false, 
            "Leave_From" : null, 
            "Leave_To" : null, 
            "Leave_Status" : "", 
            "Leave_Type" : null, 
            "Leave_Id" : null, 
            "If_Holiday" : false, 
            "Holiday_Id" : null, 
            "If_Absent" : true
        }, 
        {
            "_id" : ObjectId("5c9889f5d96f8e15803638f4"), 
            "Date" : "Tue Feb 19 2019 00:00:00 GMT+0530 (India Standard Time)", 
            "If_Attendance" : false, 
            "Attendance" : "", 
            "Attendance_Id" : null, 
            "If_Leave" : false, 
            "Leave_From" : null, 
            "Leave_To" : null, 
            "Leave_Status" : "", 
            "Leave_Type" : null, 
            "Leave_Id" : null, 
            "If_Holiday" : false, 
            "Holiday_Id" : null, 
            "If_Absent" : true
        }, 
        {
            "_id" : ObjectId("5c9889f5d96f8e15803638f3"), 
            "Date" : "Wed Feb 20 2019 00:00:00 GMT+0530 (India Standard Time)", 
            "If_Attendance" : false, 
            "Attendance" : "", 
            "Attendance_Id" : null, 
            "If_Leave" : false, 
            "Leave_From" : null, 
            "Leave_To" : null, 
            "Leave_Status" : "", 
            "Leave_Type" : null, 
            "Leave_Id" : null, 
            "If_Holiday" : true, 
            "Holiday_Id" : ObjectId("5c789d7b56271119c8d8c7df"), 
            "If_Absent" : false
        }, 
        {
            "_id" : ObjectId("5c9889f5d96f8e15803638f2"), 
            "Date" : "Thu Feb 21 2019 00:00:00 GMT+0530 (India Standard Time)", 
            "If_Attendance" : false, 
            "Attendance" : "", 
            "Attendance_Id" : null, 
            "If_Leave" : false, 
            "Leave_From" : null, 
            "Leave_To" : null, 
            "Leave_Status" : "", 
            "Leave_Type" : null, 
            "Leave_Id" : null, 
            "If_Holiday" : false, 
            "Holiday_Id" : null, 
            "If_Absent" : true
        }, 
        {
            "_id" : ObjectId("5c9889f5d96f8e15803638f1"), 
            "Date" : "Fri Feb 22 2019 00:00:00 GMT+0530 (India Standard Time)", 
            "If_Attendance" : false, 
            "Attendance" : "", 
            "Attendance_Id" : null, 
            "If_Leave" : false, 
            "Leave_From" : null, 
            "Leave_To" : null, 
            "Leave_Status" : "", 
            "Leave_Type" : null, 
            "Leave_Id" : null, 
            "If_Holiday" : false, 
            "Holiday_Id" : null, 
            "If_Absent" : true
        }, 
        {
            "_id" : ObjectId("5c9889f5d96f8e15803638f0"), 
            "Date" : "Sat Feb 23 2019 00:00:00 GMT+0530 (India Standard Time)", 
            "If_Attendance" : false, 
            "Attendance" : "", 
            "Attendance_Id" : null, 
            "If_Leave" : false, 
            "Leave_From" : null, 
            "Leave_To" : null, 
            "Leave_Status" : "", 
            "Leave_Type" : null, 
            "Leave_Id" : null, 
            "If_Holiday" : false, 
            "Holiday_Id" : null, 
            "If_Absent" : true
        }, 
        {
            "_id" : ObjectId("5c9889f5d96f8e15803638ef"), 
            "Date" : "Sun Feb 24 2019 00:00:00 GMT+0530 (India Standard Time)", 
            "If_Attendance" : false, 
            "Attendance" : "", 
            "Attendance_Id" : null, 
            "If_Leave" : false, 
            "Leave_From" : null, 
            "Leave_To" : null, 
            "Leave_Status" : "", 
            "Leave_Type" : null, 
            "Leave_Id" : null, 
            "If_Holiday" : false, 
            "Holiday_Id" : null, 
            "If_Absent" : true
        }, 
        {
            "_id" : ObjectId("5c9889f5d96f8e15803638ee"), 
            "Date" : "Mon Feb 25 2019 00:00:00 GMT+0530 (India Standard Time)", 
            "If_Attendance" : false, 
            "Attendance" : "", 
            "Attendance_Id" : null, 
            "If_Leave" : false, 
            "Leave_From" : null, 
            "Leave_To" : null, 
            "Leave_Status" : "", 
            "Leave_Type" : null, 
            "Leave_Id" : null, 
            "If_Holiday" : false, 
            "Holiday_Id" : null, 
            "If_Absent" : true
        }, 
        {
            "_id" : ObjectId("5c9889f5d96f8e15803638ed"), 
            "Date" : "Tue Feb 26 2019 00:00:00 GMT+0530 (India Standard Time)", 
            "If_Attendance" : false, 
            "Attendance" : "", 
            "Attendance_Id" : null, 
            "If_Leave" : false, 
            "Leave_From" : null, 
            "Leave_To" : null, 
            "Leave_Status" : "", 
            "Leave_Type" : null, 
            "Leave_Id" : null, 
            "If_Holiday" : false, 
            "Holiday_Id" : null, 
            "If_Absent" : true
        }, 
        {
            "_id" : ObjectId("5c9889f5d96f8e15803638ec"), 
            "Date" : "Wed Feb 27 2019 00:00:00 GMT+0530 (India Standard Time)", 
            "If_Attendance" : false, 
            "Attendance" : "", 
            "Attendance_Id" : null, 
            "If_Leave" : false, 
            "Leave_From" : null, 
            "Leave_To" : null, 
            "Leave_Status" : "", 
            "Leave_Type" : null, 
            "Leave_Id" : null, 
            "If_Holiday" : false, 
            "Holiday_Id" : null, 
            "If_Absent" : true
        }, 
        {
            "_id" : ObjectId("5c9889f5d96f8e15803638eb"), 
            "Date" : "Thu Feb 28 2019 00:00:00 GMT+0530 (India Standard Time)", 
            "If_Attendance" : false, 
            "Attendance" : "", 
            "Attendance_Id" : null, 
            "If_Leave" : false, 
            "Leave_From" : null, 
            "Leave_To" : null, 
            "Leave_Status" : "", 
            "Leave_Type" : null, 
            "Leave_Id" : null, 
            "If_Holiday" : false, 
            "Holiday_Id" : null, 
            "If_Absent" : true
        }
    ], 
    "Payroll_Generated" : false, 
    "Created_By" : ObjectId("5b8a186f69e5c40f9c0f4e0b"), 
    "Active_Status" : true, 
    "If_Deleted" : false, 
    "createdAt" : ISODate("2019-03-25T07:57:41.431+0000"), 
    "updatedAt" : ISODate("2019-03-25T07:57:41.431+0000"), 
    "__v" : NumberInt(0)
}
]
