[
{ 
    "_id" : ObjectId("5be6870e2765081094a30cc7"), 
    "Employee" : ObjectId("5bdac6b620d47b2c70f288f3"), 
    "Attendance_InDate" : ISODate("2018-11-01T00:30:00.000+0000"), 
    "Attendance_InTime" : "06:00 am", 
    "Current_Status" : "Completed", 
    "Active_Status" : true, 
    "If_Deleted" : false, 
    "createdAt" : ISODate("2018-11-10T07:21:50.454+0000"), 
    "updatedAt" : ISODate("2018-11-10T07:22:13.837+0000"), 
    "__v" : NumberInt(0), 
    "Attendance_OutDate" : ISODate("2018-11-01T12:30:00.000+0000"), 
    "Attendance_OutTime" : "06:00 pm", 
    "Hours" : "12hrs 00min"
},
{ 
    "_id" : ObjectId("5be687512765081094a30cc8"), 
    "Employee" : ObjectId("5bdac6b620d47b2c70f288f3"), 
    "Attendance_InDate" : ISODate("2018-11-02T10:30:00.000+0000"), 
    "Attendance_InTime" : "04:00 pm", 
    "Current_Status" : "Completed", 
    "Active_Status" : true, 
    "If_Deleted" : false, 
    "createdAt" : ISODate("2018-11-10T07:22:57.151+0000"), 
    "updatedAt" : ISODate("2018-11-10T07:23:28.957+0000"), 
    "__v" : NumberInt(0), 
    "Attendance_OutDate" : ISODate("2018-11-02T14:30:00.000+0000"), 
    "Attendance_OutTime" : "08:00 pm", 
    "Hours" : "4hrs 00min"
},
{ 
    "_id" : ObjectId("5be688ba2765081094a30cc9"), 
    "Employee" : ObjectId("5bdac6b620d47b2c70f288f3"), 
    "Attendance_InDate" : ISODate("2018-11-03T02:30:00.000+0000"), 
    "Attendance_InTime" : "08:00 am", 
    "Current_Status" : "Completed", 
    "Active_Status" : true, 
    "If_Deleted" : false, 
    "createdAt" : ISODate("2018-11-10T07:28:58.172+0000"), 
    "updatedAt" : ISODate("2018-11-10T07:29:16.501+0000"), 
    "__v" : NumberInt(0), 
    "Attendance_OutDate" : ISODate("2018-11-03T12:30:00.000+0000"), 
    "Attendance_OutTime" : "06:00 pm", 
    "Hours" : "10hrs 00min"
},
{ 
    "_id" : ObjectId("5be6a3342765081094a30cca"), 
    "Employee" : ObjectId("5bc02e7afca0522ed8256cd6"), 
    "Attendance_InDate" : ISODate("2018-11-08T18:30:00.000+0000"), 
    "Attendance_InTime" : "12:00 am", 
    "Current_Status" : "OnlyInCompleted", 
    "Active_Status" : true, 
    "If_Deleted" : false, 
    "createdAt" : ISODate("2018-11-10T09:21:56.512+0000"), 
    "updatedAt" : ISODate("2018-11-10T09:21:56.512+0000"), 
    "__v" : NumberInt(0)
}
]
