[
{ 
    "_id" : ObjectId("5c8efea506f6862ab86b2765"), 
    "Machine" : ObjectId("5c8ce24f0301cd0d1cf0117e"), 
    "Customer" : ObjectId("5c8ce2260301cd0d1cf0117d"), 
    "TicketType" : ObjectId("5bd30f22ce040c23806cbf65"), 
    "TicketId" : "TID0000001", 
    "NumberOfTicketId" : NumberInt(1), 
    "TicketOpenDate" : ISODate("2019-03-16T09:30:00.000+0000"), 
    "TicketOpenTime" : "03:00 pm", 
    "Issue" : "---", 
    "If_Idle" : false, 
    "CurrentStatus" : {
        "Type" : "Type_1", 
        "Value" : "Opened"
    }, 
    "Created_By" : ObjectId("5b8a186f69e5c40f9c0f4e0b"), 
    "Last_Modified_By" : ObjectId("5b8a186f69e5c40f9c0f4e0b"), 
    "If_Deleted" : false, 
    "Active_Status" : true, 
    "createdAt" : ISODate("2019-03-18T02:12:53.730+0000"), 
    "updatedAt" : ISODate("2019-03-18T02:19:17.678+0000"), 
    "__v" : NumberInt(0)
}
]
