[
{ 
    "_id" : ObjectId("5bffb7dbe7c54c26909077bd"), 
    "Machine" : ObjectId("5bffb7dbe7c54c26909077bc"), 
    "Activity" : "Idle", 
    "Activity_Status" : "Open", 
    "Activity_Date" : ISODate("2018-10-31T18:30:00.000+0000"), 
    "Activity_Time" : "12:00 am", 
    "Description" : "-", 
    "WorkingHours_DbId" : null, 
    "Ticket_DbId" : null, 
    "Ticket_Activity_DbId" : null, 
    "If_Hidden" : true, 
    "If_Deleted" : false, 
    "Created_By" : ObjectId("5b8a186f69e5c40f9c0f4e0b"), 
    "createdAt" : ISODate("2018-11-29T09:56:43.254+0000"), 
    "updatedAt" : ISODate("2018-11-29T09:56:43.254+0000"), 
    "__v" : NumberInt(0)
},
{ 
    "_id" : ObjectId("5bffb7f2e7c54c26909077c1"), 
    "Machine" : ObjectId("5bffb7dae7c54c26909077bb"), 
    "Activity" : "Up", 
    "Activity_Status" : "Close", 
    "Activity_Date" : ISODate("2018-11-29T04:29:58.000+0000"), 
    "Activity_Time" : "10:00 am", 
    "WorkingHours_DbId" : ObjectId("5bffb7f1e7c54c26909077be"), 
    "Ticket_DbId" : null, 
    "Ticket_Activity_DbId" : null, 
    "If_Hidden" : true, 
    "If_Deleted" : true, 
    "Created_By" : ObjectId("5b8a186f69e5c40f9c0f4e0b"), 
    "createdAt" : ISODate("2018-11-29T09:57:06.063+0000"), 
    "updatedAt" : ISODate("2018-11-29T10:05:50.059+0000"), 
    "__v" : NumberInt(0)
},
{ 
    "_id" : ObjectId("5bffb7f2e7c54c26909077bf"), 
    "Machine" : ObjectId("5bffb7dae7c54c26909077bb"), 
    "Activity" : "Idle", 
    "Activity_Status" : "Close", 
    "Activity_Date" : ISODate("2018-11-29T02:29:58.000+0000"), 
    "Activity_Time" : "08:00 am", 
    "WorkingHours_DbId" : ObjectId("5bffb7f1e7c54c26909077be"), 
    "Ticket_DbId" : null, 
    "Ticket_Activity_DbId" : null, 
    "If_Hidden" : true, 
    "If_Deleted" : false, 
    "Created_By" : ObjectId("5b8a186f69e5c40f9c0f4e0b"), 
    "createdAt" : ISODate("2018-11-29T09:57:06.063+0000"), 
    "updatedAt" : ISODate("2018-11-29T09:57:06.063+0000"), 
    "__v" : NumberInt(0)
},
{ 
    "_id" : ObjectId("5bffb7f2e7c54c26909077c0"), 
    "Machine" : ObjectId("5bffb7dae7c54c26909077bb"), 
    "Activity" : "Up", 
    "Activity_Status" : "Open", 
    "Activity_Date" : ISODate("2018-11-29T02:30:00.000+0000"), 
    "Activity_Time" : "08:00 am", 
    "WorkingHours_DbId" : ObjectId("5bffb7f1e7c54c26909077be"), 
    "Ticket_DbId" : null, 
    "Ticket_Activity_DbId" : null, 
    "If_Hidden" : false, 
    "If_Deleted" : false, 
    "Created_By" : ObjectId("5b8a186f69e5c40f9c0f4e0b"), 
    "createdAt" : ISODate("2018-11-29T09:57:06.063+0000"), 
    "updatedAt" : ISODate("2018-11-29T09:57:06.063+0000"), 
    "__v" : NumberInt(0)
},
{ 
    "_id" : ObjectId("5bffb7f2e7c54c26909077c2"), 
    "Machine" : ObjectId("5bffb7dae7c54c26909077bb"), 
    "Activity" : "Idle", 
    "Activity_Status" : "Open", 
    "Activity_Date" : ISODate("2018-11-29T04:30:00.000+0000"), 
    "Activity_Time" : "10:00 am", 
    "WorkingHours_DbId" : ObjectId("5bffb7f1e7c54c26909077be"), 
    "Ticket_DbId" : null, 
    "Ticket_Activity_DbId" : null, 
    "If_Hidden" : false, 
    "If_Deleted" : true, 
    "Created_By" : ObjectId("5b8a186f69e5c40f9c0f4e0b"), 
    "createdAt" : ISODate("2018-11-29T09:57:06.063+0000"), 
    "updatedAt" : ISODate("2018-11-29T10:05:50.059+0000"), 
    "__v" : NumberInt(0)
},
{ 
    "_id" : ObjectId("5bffb911e7c54c26909077c5"), 
    "Machine" : ObjectId("5bffb7dae7c54c26909077bb"), 
    "Activity" : "Up", 
    "Activity_Status" : "Close", 
    "Activity_Date" : ISODate("2018-11-29T03:59:58.000+0000"), 
    "Activity_Time" : "09:30 am", 
    "Description" : "-", 
    "WorkingHours_DbId" : null, 
    "Ticket_DbId" : ObjectId("5bffb8fce7c54c26909077c3"), 
    "Ticket_Activity_DbId" : ObjectId("5bffb911e7c54c26909077c4"), 
    "If_Hidden" : true, 
    "If_Deleted" : false, 
    "Created_By" : ObjectId("5b8a186f69e5c40f9c0f4e0b"), 
    "createdAt" : ISODate("2018-11-29T10:01:53.880+0000"), 
    "updatedAt" : ISODate("2018-11-29T10:01:53.880+0000"), 
    "__v" : NumberInt(0)
},
{ 
    "_id" : ObjectId("5bffb911e7c54c26909077c6"), 
    "Machine" : ObjectId("5bffb7dae7c54c26909077bb"), 
    "Activity" : "Down", 
    "Activity_Status" : "Open", 
    "Activity_Date" : ISODate("2018-11-29T04:00:00.000+0000"), 
    "Activity_Time" : "09:30 am", 
    "Description" : "Open the Ticket", 
    "WorkingHours_DbId" : null, 
    "Ticket_DbId" : ObjectId("5bffb8fce7c54c26909077c3"), 
    "Ticket_Activity_DbId" : ObjectId("5bffb911e7c54c26909077c4"), 
    "If_Hidden" : false, 
    "If_Deleted" : false, 
    "Created_By" : ObjectId("5b8a186f69e5c40f9c0f4e0b"), 
    "createdAt" : ISODate("2018-11-29T10:01:53.880+0000"), 
    "updatedAt" : ISODate("2018-11-29T10:01:53.880+0000"), 
    "__v" : NumberInt(0)
},
{ 
    "_id" : ObjectId("5bffb9fe554a5c04bc4690c6"), 
    "Machine" : ObjectId("5bffb7dae7c54c26909077bb"), 
    "Activity" : "Waiting", 
    "Activity_Status" : "Open", 
    "Activity_Date" : ISODate("2018-11-29T05:00:00.000+0000"), 
    "Activity_Time" : "10:30 am", 
    "Description" : "Waiting for spare", 
    "WorkingHours_DbId" : null, 
    "Ticket_DbId" : ObjectId("5bffb8fce7c54c26909077c3"), 
    "Ticket_Activity_DbId" : ObjectId("5bffb9fe554a5c04bc4690c4"), 
    "If_Hidden" : false, 
    "If_Deleted" : false, 
    "Created_By" : ObjectId("5b8a186f69e5c40f9c0f4e0b"), 
    "createdAt" : ISODate("2018-11-29T10:05:50.608+0000"), 
    "updatedAt" : ISODate("2018-11-29T10:05:50.608+0000"), 
    "__v" : NumberInt(0)
},
{ 
    "_id" : ObjectId("5bffb9fe554a5c04bc4690c5"), 
    "Machine" : ObjectId("5bffb7dae7c54c26909077bb"), 
    "Activity" : "Down", 
    "Activity_Status" : "Close", 
    "Activity_Date" : ISODate("2018-11-29T04:59:58.000+0000"), 
    "Activity_Time" : "10:30 am", 
    "Description" : "-", 
    "WorkingHours_DbId" : null, 
    "Ticket_DbId" : ObjectId("5bffb8fce7c54c26909077c3"), 
    "Ticket_Activity_DbId" : ObjectId("5bffb9fe554a5c04bc4690c4"), 
    "If_Hidden" : true, 
    "If_Deleted" : false, 
    "Created_By" : ObjectId("5b8a186f69e5c40f9c0f4e0b"), 
    "createdAt" : ISODate("2018-11-29T10:05:50.608+0000"), 
    "updatedAt" : ISODate("2018-11-29T10:05:50.608+0000"), 
    "__v" : NumberInt(0)
},
{ 
    "_id" : ObjectId("5bffba662f09cc1ad0f1d685"), 
    "Machine" : ObjectId("5bffb7dae7c54c26909077bb"), 
    "Activity" : "Waiting", 
    "Activity_Status" : "Close", 
    "Activity_Date" : ISODate("2018-11-29T05:29:58.000+0000"), 
    "Activity_Time" : "11:00 am", 
    "Description" : "Spare Received", 
    "WorkingHours_DbId" : null, 
    "Ticket_DbId" : ObjectId("5bffb8fce7c54c26909077c3"), 
    "Ticket_Activity_DbId" : ObjectId("5bffba662f09cc1ad0f1d684"), 
    "If_Hidden" : true, 
    "If_Deleted" : false, 
    "Created_By" : ObjectId("5b8a186f69e5c40f9c0f4e0b"), 
    "createdAt" : ISODate("2018-11-29T10:07:34.927+0000"), 
    "updatedAt" : ISODate("2018-11-29T10:07:34.927+0000"), 
    "__v" : NumberInt(0)
},
{ 
    "_id" : ObjectId("5bffba662f09cc1ad0f1d686"), 
    "Machine" : ObjectId("5bffb7dae7c54c26909077bb"), 
    "Activity" : "Down", 
    "Activity_Status" : "Open", 
    "Activity_Date" : ISODate("2018-11-29T05:30:00.000+0000"), 
    "Activity_Time" : "11:00 am", 
    "Description" : "Spare Received", 
    "WorkingHours_DbId" : null, 
    "Ticket_DbId" : ObjectId("5bffb8fce7c54c26909077c3"), 
    "Ticket_Activity_DbId" : ObjectId("5bffba662f09cc1ad0f1d684"), 
    "If_Hidden" : false, 
    "If_Deleted" : false, 
    "Created_By" : ObjectId("5b8a186f69e5c40f9c0f4e0b"), 
    "createdAt" : ISODate("2018-11-29T10:07:34.927+0000"), 
    "updatedAt" : ISODate("2018-11-29T10:07:34.927+0000"), 
    "__v" : NumberInt(0)
},
{ 
    "_id" : ObjectId("5bffba9d2f09cc1ad0f1d688"), 
    "Machine" : ObjectId("5bffb7dae7c54c26909077bb"), 
    "Activity" : "Down", 
    "Activity_Status" : "Close", 
    "Activity_Date" : ISODate("2018-11-29T05:59:58.000+0000"), 
    "Activity_Time" : "11:30 am", 
    "Description" : "-", 
    "WorkingHours_DbId" : null, 
    "Ticket_DbId" : ObjectId("5bffb8fce7c54c26909077c3"), 
    "Ticket_Activity_DbId" : ObjectId("5bffba9d2f09cc1ad0f1d687"), 
    "If_Hidden" : true, 
    "If_Deleted" : false, 
    "Created_By" : ObjectId("5b8a186f69e5c40f9c0f4e0b"), 
    "createdAt" : ISODate("2018-11-29T10:08:29.961+0000"), 
    "updatedAt" : ISODate("2018-11-29T10:08:29.961+0000"), 
    "__v" : NumberInt(0)
},
{ 
    "_id" : ObjectId("5bffba9d2f09cc1ad0f1d689"), 
    "Machine" : ObjectId("5bffb7dae7c54c26909077bb"), 
    "Activity" : "Idle", 
    "Activity_Status" : "Open", 
    "Activity_Date" : ISODate("2018-11-29T06:00:00.000+0000"), 
    "Activity_Time" : "11:30 am", 
    "Description" : "Ticket Closed", 
    "WorkingHours_DbId" : null, 
    "Ticket_DbId" : ObjectId("5bffb8fce7c54c26909077c3"), 
    "Ticket_Activity_DbId" : ObjectId("5bffba9d2f09cc1ad0f1d687"), 
    "If_Hidden" : false, 
    "If_Deleted" : true, 
    "Created_By" : ObjectId("5b8a186f69e5c40f9c0f4e0b"), 
    "createdAt" : ISODate("2018-11-29T10:08:29.961+0000"), 
    "updatedAt" : ISODate("2018-11-29T10:09:24.618+0000"), 
    "__v" : NumberInt(0)
},
{ 
    "_id" : ObjectId("5bffbad42f09cc1ad0f1d68d"), 
    "Machine" : ObjectId("5bffb7dae7c54c26909077bb"), 
    "Activity" : "Up", 
    "Activity_Status" : "Close", 
    "Activity_Date" : ISODate("2018-11-29T07:29:58.000+0000"), 
    "Activity_Time" : "01:00 pm", 
    "WorkingHours_DbId" : ObjectId("5bffbad42f09cc1ad0f1d68a"), 
    "Ticket_DbId" : null, 
    "Ticket_Activity_DbId" : null, 
    "If_Hidden" : true, 
    "If_Deleted" : true, 
    "Created_By" : ObjectId("5b8a186f69e5c40f9c0f4e0b"), 
    "createdAt" : ISODate("2018-11-29T10:09:24.621+0000"), 
    "updatedAt" : ISODate("2018-11-29T10:16:34.831+0000"), 
    "__v" : NumberInt(0)
},
{ 
    "_id" : ObjectId("5bffbad42f09cc1ad0f1d68e"), 
    "Machine" : ObjectId("5bffb7dae7c54c26909077bb"), 
    "Activity" : "Idle", 
    "Activity_Status" : "Open", 
    "Activity_Date" : ISODate("2018-11-29T07:30:00.000+0000"), 
    "Activity_Time" : "01:00 pm", 
    "WorkingHours_DbId" : ObjectId("5bffbad42f09cc1ad0f1d68a"), 
    "Ticket_DbId" : null, 
    "Ticket_Activity_DbId" : null, 
    "If_Hidden" : false, 
    "If_Deleted" : true, 
    "Created_By" : ObjectId("5b8a186f69e5c40f9c0f4e0b"), 
    "createdAt" : ISODate("2018-11-29T10:09:24.621+0000"), 
    "updatedAt" : ISODate("2018-11-29T10:16:34.831+0000"), 
    "__v" : NumberInt(0)
},
{ 
    "_id" : ObjectId("5bffbad42f09cc1ad0f1d68c"), 
    "Machine" : ObjectId("5bffb7dae7c54c26909077bb"), 
    "Activity" : "Up", 
    "Activity_Status" : "Open", 
    "Activity_Date" : ISODate("2018-11-29T06:00:00.000+0000"), 
    "Activity_Time" : "11:30 am", 
    "WorkingHours_DbId" : ObjectId("5bffbad42f09cc1ad0f1d68a"), 
    "Ticket_DbId" : null, 
    "Ticket_Activity_DbId" : null, 
    "If_Hidden" : false, 
    "If_Deleted" : false, 
    "Created_By" : ObjectId("5b8a186f69e5c40f9c0f4e0b"), 
    "createdAt" : ISODate("2018-11-29T10:09:24.621+0000"), 
    "updatedAt" : ISODate("2018-11-29T10:09:24.621+0000"), 
    "__v" : NumberInt(0)
},
{ 
    "_id" : ObjectId("5bffbad42f09cc1ad0f1d68b"), 
    "Machine" : ObjectId("5bffb7dae7c54c26909077bb"), 
    "Activity" : "Idle", 
    "Activity_Status" : "Close", 
    "Activity_Date" : ISODate("2018-11-29T05:59:58.000+0000"), 
    "Activity_Time" : "11:30 am", 
    "WorkingHours_DbId" : ObjectId("5bffbad42f09cc1ad0f1d68a"), 
    "Ticket_DbId" : null, 
    "Ticket_Activity_DbId" : null, 
    "If_Hidden" : true, 
    "If_Deleted" : true, 
    "Created_By" : ObjectId("5b8a186f69e5c40f9c0f4e0b"), 
    "createdAt" : ISODate("2018-11-29T10:09:24.621+0000"), 
    "updatedAt" : ISODate("2018-11-29T10:09:24.621+0000"), 
    "__v" : NumberInt(0)
},
{ 
    "_id" : ObjectId("5bffbbec2f09cc1ad0f1d693"), 
    "Machine" : ObjectId("5bffb7dae7c54c26909077bb"), 
    "Activity" : "Idle", 
    "Activity_Status" : "Open", 
    "Activity_Date" : ISODate("2018-11-29T12:30:00.000+0000"), 
    "Activity_Time" : "06:00 pm", 
    "WorkingHours_DbId" : ObjectId("5bffbbec2f09cc1ad0f1d68f"), 
    "Ticket_DbId" : null, 
    "Ticket_Activity_DbId" : null, 
    "If_Hidden" : false, 
    "If_Deleted" : false, 
    "Created_By" : ObjectId("5b8a186f69e5c40f9c0f4e0b"), 
    "createdAt" : ISODate("2018-11-29T10:14:04.738+0000"), 
    "updatedAt" : ISODate("2018-11-29T10:14:04.738+0000"), 
    "__v" : NumberInt(0)
},
{ 
    "_id" : ObjectId("5bffbbec2f09cc1ad0f1d691"), 
    "Machine" : ObjectId("5bffb7dae7c54c26909077bb"), 
    "Activity" : "Up", 
    "Activity_Status" : "Open", 
    "Activity_Date" : ISODate("2018-11-29T09:30:00.000+0000"), 
    "Activity_Time" : "03:00 pm", 
    "WorkingHours_DbId" : ObjectId("5bffbbec2f09cc1ad0f1d68f"), 
    "Ticket_DbId" : null, 
    "Ticket_Activity_DbId" : null, 
    "If_Hidden" : false, 
    "If_Deleted" : true, 
    "Created_By" : ObjectId("5b8a186f69e5c40f9c0f4e0b"), 
    "createdAt" : ISODate("2018-11-29T10:14:04.738+0000"), 
    "updatedAt" : ISODate("2018-11-29T10:16:34.831+0000"), 
    "__v" : NumberInt(0)
},
{ 
    "_id" : ObjectId("5bffbbec2f09cc1ad0f1d690"), 
    "Machine" : ObjectId("5bffb7dae7c54c26909077bb"), 
    "Activity" : "Idle", 
    "Activity_Status" : "Close", 
    "Activity_Date" : ISODate("2018-11-29T09:29:58.000+0000"), 
    "Activity_Time" : "03:00 pm", 
    "WorkingHours_DbId" : ObjectId("5bffbbec2f09cc1ad0f1d68f"), 
    "Ticket_DbId" : null, 
    "Ticket_Activity_DbId" : null, 
    "If_Hidden" : true, 
    "If_Deleted" : true, 
    "Created_By" : ObjectId("5b8a186f69e5c40f9c0f4e0b"), 
    "createdAt" : ISODate("2018-11-29T10:14:04.738+0000"), 
    "updatedAt" : ISODate("2018-11-29T10:16:34.831+0000"), 
    "__v" : NumberInt(0)
},
{ 
    "_id" : ObjectId("5bffbbec2f09cc1ad0f1d692"), 
    "Machine" : ObjectId("5bffb7dae7c54c26909077bb"), 
    "Activity" : "Up", 
    "Activity_Status" : "Close", 
    "Activity_Date" : ISODate("2018-11-29T12:29:58.000+0000"), 
    "Activity_Time" : "06:00 pm", 
    "WorkingHours_DbId" : ObjectId("5bffbbec2f09cc1ad0f1d68f"), 
    "Ticket_DbId" : null, 
    "Ticket_Activity_DbId" : null, 
    "If_Hidden" : true, 
    "If_Deleted" : false, 
    "Created_By" : ObjectId("5b8a186f69e5c40f9c0f4e0b"), 
    "createdAt" : ISODate("2018-11-29T10:14:04.738+0000"), 
    "updatedAt" : ISODate("2018-11-29T10:14:04.738+0000"), 
    "__v" : NumberInt(0)
},
{ 
    "_id" : ObjectId("5bffbc632f09cc1ad0f1d696"), 
    "Machine" : ObjectId("5bffb7dae7c54c26909077bb"), 
    "Activity" : "Up", 
    "Activity_Status" : "Close", 
    "Activity_Date" : ISODate("2018-11-29T06:59:58.000+0000"), 
    "Activity_Time" : "12:30 pm", 
    "Description" : "-", 
    "WorkingHours_DbId" : null, 
    "Ticket_DbId" : ObjectId("5bffbc402f09cc1ad0f1d694"), 
    "Ticket_Activity_DbId" : ObjectId("5bffbc632f09cc1ad0f1d695"), 
    "If_Hidden" : true, 
    "If_Deleted" : false, 
    "Created_By" : ObjectId("5b8a186f69e5c40f9c0f4e0b"), 
    "createdAt" : ISODate("2018-11-29T10:16:03.673+0000"), 
    "updatedAt" : ISODate("2018-11-29T10:16:03.673+0000"), 
    "__v" : NumberInt(0)
},
{ 
    "_id" : ObjectId("5bffbc632f09cc1ad0f1d697"), 
    "Machine" : ObjectId("5bffb7dae7c54c26909077bb"), 
    "Activity" : "Down", 
    "Activity_Status" : "Open", 
    "Activity_Date" : ISODate("2018-11-29T07:00:00.000+0000"), 
    "Activity_Time" : "12:30 pm", 
    "Description" : "Open", 
    "WorkingHours_DbId" : null, 
    "Ticket_DbId" : ObjectId("5bffbc402f09cc1ad0f1d694"), 
    "Ticket_Activity_DbId" : ObjectId("5bffbc632f09cc1ad0f1d695"), 
    "If_Hidden" : false, 
    "If_Deleted" : false, 
    "Created_By" : ObjectId("5b8a186f69e5c40f9c0f4e0b"), 
    "createdAt" : ISODate("2018-11-29T10:16:03.673+0000"), 
    "updatedAt" : ISODate("2018-11-29T10:16:03.673+0000"), 
    "__v" : NumberInt(0)
},
{ 
    "_id" : ObjectId("5bffbc832f09cc1ad0f1d69a"), 
    "Machine" : ObjectId("5bffb7dae7c54c26909077bb"), 
    "Activity" : "Waiting", 
    "Activity_Status" : "Open", 
    "Activity_Date" : ISODate("2018-11-29T10:00:00.000+0000"), 
    "Activity_Time" : "03:30 pm", 
    "Description" : "Spare Ordered", 
    "WorkingHours_DbId" : null, 
    "Ticket_DbId" : ObjectId("5bffbc402f09cc1ad0f1d694"), 
    "Ticket_Activity_DbId" : ObjectId("5bffbc832f09cc1ad0f1d698"), 
    "If_Hidden" : false, 
    "If_Deleted" : false, 
    "Created_By" : ObjectId("5b8a186f69e5c40f9c0f4e0b"), 
    "createdAt" : ISODate("2018-11-29T10:16:35.366+0000"), 
    "updatedAt" : ISODate("2018-11-29T10:16:35.366+0000"), 
    "__v" : NumberInt(0)
},
{ 
    "_id" : ObjectId("5bffbc832f09cc1ad0f1d699"), 
    "Machine" : ObjectId("5bffb7dae7c54c26909077bb"), 
    "Activity" : "Down", 
    "Activity_Status" : "Close", 
    "Activity_Date" : ISODate("2018-11-29T09:59:58.000+0000"), 
    "Activity_Time" : "03:30 pm", 
    "Description" : "-", 
    "WorkingHours_DbId" : null, 
    "Ticket_DbId" : ObjectId("5bffbc402f09cc1ad0f1d694"), 
    "Ticket_Activity_DbId" : ObjectId("5bffbc832f09cc1ad0f1d698"), 
    "If_Hidden" : true, 
    "If_Deleted" : false, 
    "Created_By" : ObjectId("5b8a186f69e5c40f9c0f4e0b"), 
    "createdAt" : ISODate("2018-11-29T10:16:35.365+0000"), 
    "updatedAt" : ISODate("2018-11-29T10:16:35.365+0000"), 
    "__v" : NumberInt(0)
},
{ 
    "_id" : ObjectId("5bffbc982f09cc1ad0f1d69c"), 
    "Machine" : ObjectId("5bffb7dae7c54c26909077bb"), 
    "Activity" : "Waiting", 
    "Activity_Status" : "Close", 
    "Activity_Date" : ISODate("2018-11-29T10:59:58.000+0000"), 
    "Activity_Time" : "04:30 pm", 
    "Description" : "Received", 
    "WorkingHours_DbId" : null, 
    "Ticket_DbId" : ObjectId("5bffbc402f09cc1ad0f1d694"), 
    "Ticket_Activity_DbId" : ObjectId("5bffbc982f09cc1ad0f1d69b"), 
    "If_Hidden" : true, 
    "If_Deleted" : false, 
    "Created_By" : ObjectId("5b8a186f69e5c40f9c0f4e0b"), 
    "createdAt" : ISODate("2018-11-29T10:16:56.812+0000"), 
    "updatedAt" : ISODate("2018-11-29T10:16:56.812+0000"), 
    "__v" : NumberInt(0)
},
{ 
    "_id" : ObjectId("5bffbc982f09cc1ad0f1d69d"), 
    "Machine" : ObjectId("5bffb7dae7c54c26909077bb"), 
    "Activity" : "Down", 
    "Activity_Status" : "Open", 
    "Activity_Date" : ISODate("2018-11-29T11:00:00.000+0000"), 
    "Activity_Time" : "04:30 pm", 
    "Description" : "Received", 
    "WorkingHours_DbId" : null, 
    "Ticket_DbId" : ObjectId("5bffbc402f09cc1ad0f1d694"), 
    "Ticket_Activity_DbId" : ObjectId("5bffbc982f09cc1ad0f1d69b"), 
    "If_Hidden" : false, 
    "If_Deleted" : false, 
    "Created_By" : ObjectId("5b8a186f69e5c40f9c0f4e0b"), 
    "createdAt" : ISODate("2018-11-29T10:16:56.812+0000"), 
    "updatedAt" : ISODate("2018-11-29T10:16:56.812+0000"), 
    "__v" : NumberInt(0)
},
{ 
    "_id" : ObjectId("5bffbcb52f09cc1ad0f1d69f"), 
    "Machine" : ObjectId("5bffb7dae7c54c26909077bb"), 
    "Activity" : "Down", 
    "Activity_Status" : "Close", 
    "Activity_Date" : ISODate("2018-11-29T11:14:58.000+0000"), 
    "Activity_Time" : "04:45 pm", 
    "Description" : "-", 
    "WorkingHours_DbId" : null, 
    "Ticket_DbId" : ObjectId("5bffbc402f09cc1ad0f1d694"), 
    "Ticket_Activity_DbId" : ObjectId("5bffbcb52f09cc1ad0f1d69e"), 
    "If_Hidden" : true, 
    "If_Deleted" : false, 
    "Created_By" : ObjectId("5b8a186f69e5c40f9c0f4e0b"), 
    "createdAt" : ISODate("2018-11-29T10:17:25.582+0000"), 
    "updatedAt" : ISODate("2018-11-29T10:17:25.582+0000"), 
    "__v" : NumberInt(0)
},
{ 
    "_id" : ObjectId("5bffbcb52f09cc1ad0f1d6a0"), 
    "Machine" : ObjectId("5bffb7dae7c54c26909077bb"), 
    "Activity" : "Up", 
    "Activity_Status" : "Open", 
    "Activity_Date" : ISODate("2018-11-29T11:15:00.000+0000"), 
    "Activity_Time" : "04:45 pm", 
    "Description" : "closed", 
    "WorkingHours_DbId" : null, 
    "Ticket_DbId" : ObjectId("5bffbc402f09cc1ad0f1d694"), 
    "Ticket_Activity_DbId" : ObjectId("5bffbcb52f09cc1ad0f1d69e"), 
    "If_Hidden" : false, 
    "If_Deleted" : false, 
    "Created_By" : ObjectId("5b8a186f69e5c40f9c0f4e0b"), 
    "createdAt" : ISODate("2018-11-29T10:17:25.582+0000"), 
    "updatedAt" : ISODate("2018-11-29T10:17:25.582+0000"), 
    "__v" : NumberInt(0)
},
{ 
    "_id" : ObjectId("5bffc314c48a1835c05de9c5"), 
    "Machine" : ObjectId("5bffc314c48a1835c05de9c4"), 
    "Activity" : "Idle", 
    "Activity_Status" : "Open", 
    "Activity_Date" : ISODate("2018-10-31T18:30:00.000+0000"), 
    "Activity_Time" : "12:00 am", 
    "Description" : "-", 
    "WorkingHours_DbId" : null, 
    "Ticket_DbId" : null, 
    "Ticket_Activity_DbId" : null, 
    "If_Hidden" : true, 
    "If_Deleted" : false, 
    "Created_By" : ObjectId("5b8a186f69e5c40f9c0f4e0b"), 
    "createdAt" : ISODate("2018-11-29T10:44:36.901+0000"), 
    "updatedAt" : ISODate("2018-11-29T10:44:36.901+0000"), 
    "__v" : NumberInt(0)
},
{ 
    "_id" : ObjectId("5bffc333c48a1835c05de9c7"), 
    "Machine" : ObjectId("5bffc314c48a1835c05de9c3"), 
    "Activity" : "Idle", 
    "Activity_Status" : "Close", 
    "Activity_Date" : ISODate("2018-11-29T03:29:58.000+0000"), 
    "Activity_Time" : "09:00 am", 
    "WorkingHours_DbId" : ObjectId("5bffc332c48a1835c05de9c6"), 
    "Ticket_DbId" : null, 
    "Ticket_Activity_DbId" : null, 
    "If_Hidden" : true, 
    "If_Deleted" : false, 
    "Created_By" : ObjectId("5b8a186f69e5c40f9c0f4e0b"), 
    "createdAt" : ISODate("2018-11-29T10:45:07.278+0000"), 
    "updatedAt" : ISODate("2018-11-29T10:45:07.278+0000"), 
    "__v" : NumberInt(0)
},
{ 
    "_id" : ObjectId("5bffc333c48a1835c05de9c8"), 
    "Machine" : ObjectId("5bffc314c48a1835c05de9c3"), 
    "Activity" : "Up", 
    "Activity_Status" : "Open", 
    "Activity_Date" : ISODate("2018-11-29T03:30:00.000+0000"), 
    "Activity_Time" : "09:00 am", 
    "WorkingHours_DbId" : ObjectId("5bffc332c48a1835c05de9c6"), 
    "Ticket_DbId" : null, 
    "Ticket_Activity_DbId" : null, 
    "If_Hidden" : false, 
    "If_Deleted" : false, 
    "Created_By" : ObjectId("5b8a186f69e5c40f9c0f4e0b"), 
    "createdAt" : ISODate("2018-11-29T10:45:07.278+0000"), 
    "updatedAt" : ISODate("2018-11-29T10:45:07.278+0000"), 
    "__v" : NumberInt(0)
},
{ 
    "_id" : ObjectId("5bffc333c48a1835c05de9ca"), 
    "Machine" : ObjectId("5bffc314c48a1835c05de9c3"), 
    "Activity" : "Idle", 
    "Activity_Status" : "Open", 
    "Activity_Date" : ISODate("2018-11-29T12:30:00.000+0000"), 
    "Activity_Time" : "06:00 pm", 
    "WorkingHours_DbId" : ObjectId("5bffc332c48a1835c05de9c6"), 
    "Ticket_DbId" : null, 
    "Ticket_Activity_DbId" : null, 
    "If_Hidden" : false, 
    "If_Deleted" : false, 
    "Created_By" : ObjectId("5b8a186f69e5c40f9c0f4e0b"), 
    "createdAt" : ISODate("2018-11-29T10:45:07.278+0000"), 
    "updatedAt" : ISODate("2018-11-29T10:45:07.278+0000"), 
    "__v" : NumberInt(0)
},
{ 
    "_id" : ObjectId("5bffc333c48a1835c05de9c9"), 
    "Machine" : ObjectId("5bffc314c48a1835c05de9c3"), 
    "Activity" : "Up", 
    "Activity_Status" : "Close", 
    "Activity_Date" : ISODate("2018-11-29T12:29:58.000+0000"), 
    "Activity_Time" : "06:00 pm", 
    "WorkingHours_DbId" : ObjectId("5bffc332c48a1835c05de9c6"), 
    "Ticket_DbId" : null, 
    "Ticket_Activity_DbId" : null, 
    "If_Hidden" : true, 
    "If_Deleted" : false, 
    "Created_By" : ObjectId("5b8a186f69e5c40f9c0f4e0b"), 
    "createdAt" : ISODate("2018-11-29T10:45:07.278+0000"), 
    "updatedAt" : ISODate("2018-11-29T10:45:07.278+0000"), 
    "__v" : NumberInt(0)
},
{ 
    "_id" : ObjectId("5c505ea38aec4a0b3c20df71"), 
    "Machine" : ObjectId("5c505ea38aec4a0b3c20df70"), 
    "Activity" : "Idle", 
    "Activity_Status" : "Open", 
    "Activity_Date" : ISODate("2019-01-27T18:30:00.000+0000"), 
    "Activity_Time" : "12:00 am", 
    "Description" : "-", 
    "WorkingHours_DbId" : null, 
    "Ticket_DbId" : null, 
    "Ticket_Activity_DbId" : null, 
    "If_Hidden" : true, 
    "If_Deleted" : false, 
    "Created_By" : ObjectId("5b8a186f69e5c40f9c0f4e0b"), 
    "createdAt" : ISODate("2019-01-29T14:09:39.828+0000"), 
    "updatedAt" : ISODate("2019-01-29T14:09:39.828+0000"), 
    "__v" : NumberInt(0)
},
{ 
    "_id" : ObjectId("5c5062570a9b0c3c18aae436"), 
    "Machine" : ObjectId("5c5062570a9b0c3c18aae435"), 
    "Activity" : "Idle", 
    "Activity_Status" : "Open", 
    "Activity_Date" : ISODate("2019-01-27T18:30:00.000+0000"), 
    "Activity_Time" : "12:00 am", 
    "Description" : "-", 
    "WorkingHours_DbId" : null, 
    "Ticket_DbId" : null, 
    "Ticket_Activity_DbId" : null, 
    "If_Hidden" : true, 
    "If_Deleted" : false, 
    "Created_By" : ObjectId("5b8a186f69e5c40f9c0f4e0b"), 
    "createdAt" : ISODate("2019-01-29T14:25:27.062+0000"), 
    "updatedAt" : ISODate("2019-01-29T14:25:27.062+0000"), 
    "__v" : NumberInt(0)
},
{ 
    "_id" : ObjectId("5c6caf77c030c01accde60d2"), 
    "Machine" : ObjectId("5c6caf77c030c01accde60d1"), 
    "Activity" : "Idle", 
    "Activity_Status" : "Open", 
    "Activity_Date" : ISODate("2019-02-19T18:30:00.000+0000"), 
    "Activity_Time" : "12:00 am", 
    "Description" : "-", 
    "WorkingHours_DbId" : null, 
    "Ticket_DbId" : null, 
    "Ticket_Activity_DbId" : null, 
    "If_Hidden" : true, 
    "If_Deleted" : false, 
    "Created_By" : ObjectId("5b8a186f69e5c40f9c0f4e0b"), 
    "createdAt" : ISODate("2019-02-20T01:37:59.804+0000"), 
    "updatedAt" : ISODate("2019-02-20T01:37:59.804+0000"), 
    "__v" : NumberInt(0)
},
{ 
    "_id" : ObjectId("5c8ce24f0301cd0d1cf01180"), 
    "Machine" : ObjectId("5c8ce24f0301cd0d1cf0117f"), 
    "Activity" : "Idle", 
    "Activity_Status" : "Open", 
    "Activity_Date" : ISODate("2019-02-28T18:30:00.000+0000"), 
    "Activity_Time" : "12:00 am", 
    "Description" : "-", 
    "WorkingHours_DbId" : null, 
    "Ticket_DbId" : null, 
    "Ticket_Activity_DbId" : null, 
    "If_Hidden" : true, 
    "If_Deleted" : false, 
    "Created_By" : ObjectId("5b8a186f69e5c40f9c0f4e0b"), 
    "createdAt" : ISODate("2019-03-16T11:47:27.348+0000"), 
    "updatedAt" : ISODate("2019-03-16T11:47:27.348+0000"), 
    "__v" : NumberInt(0)
},
{ 
    "_id" : ObjectId("5c8ce38094f99e205c9778d8"), 
    "Machine" : ObjectId("5c8ce24f0301cd0d1cf0117e"), 
    "Activity" : "Up", 
    "Activity_Status" : "Open", 
    "Activity_Date" : ISODate("2019-03-16T06:30:00.000+0000"), 
    "Activity_Time" : "12:00 pm", 
    "WorkingHours_DbId" : ObjectId("5c8ce37f94f99e205c9778d6"), 
    "Ticket_DbId" : null, 
    "Ticket_Activity_DbId" : null, 
    "If_Hidden" : false, 
    "If_Deleted" : false, 
    "Created_By" : ObjectId("5b8a186f69e5c40f9c0f4e0b"), 
    "createdAt" : ISODate("2019-03-16T11:52:32.104+0000"), 
    "updatedAt" : ISODate("2019-03-16T11:52:32.104+0000"), 
    "__v" : NumberInt(0)
},
{ 
    "_id" : ObjectId("5c8ce38094f99e205c9778d7"), 
    "Machine" : ObjectId("5c8ce24f0301cd0d1cf0117e"), 
    "Activity" : "Idle", 
    "Activity_Status" : "Close", 
    "Activity_Date" : ISODate("2019-03-16T06:29:58.000+0000"), 
    "Activity_Time" : "12:00 pm", 
    "WorkingHours_DbId" : ObjectId("5c8ce37f94f99e205c9778d6"), 
    "Ticket_DbId" : null, 
    "Ticket_Activity_DbId" : null, 
    "If_Hidden" : true, 
    "If_Deleted" : false, 
    "Created_By" : ObjectId("5b8a186f69e5c40f9c0f4e0b"), 
    "createdAt" : ISODate("2019-03-16T11:52:32.104+0000"), 
    "updatedAt" : ISODate("2019-03-16T11:52:32.104+0000"), 
    "__v" : NumberInt(0)
},
{ 
    "_id" : ObjectId("5c8ce38094f99e205c9778da"), 
    "Machine" : ObjectId("5c8ce24f0301cd0d1cf0117e"), 
    "Activity" : "Idle", 
    "Activity_Status" : "Open", 
    "Activity_Date" : ISODate("2019-03-16T12:30:00.000+0000"), 
    "Activity_Time" : "06:00 pm", 
    "WorkingHours_DbId" : ObjectId("5c8ce37f94f99e205c9778d6"), 
    "Ticket_DbId" : null, 
    "Ticket_Activity_DbId" : null, 
    "If_Hidden" : false, 
    "If_Deleted" : false, 
    "Created_By" : ObjectId("5b8a186f69e5c40f9c0f4e0b"), 
    "createdAt" : ISODate("2019-03-16T11:52:32.104+0000"), 
    "updatedAt" : ISODate("2019-03-16T11:52:32.104+0000"), 
    "__v" : NumberInt(0)
},
{ 
    "_id" : ObjectId("5c8ce38094f99e205c9778d9"), 
    "Machine" : ObjectId("5c8ce24f0301cd0d1cf0117e"), 
    "Activity" : "Up", 
    "Activity_Status" : "Close", 
    "Activity_Date" : ISODate("2019-03-16T12:29:58.000+0000"), 
    "Activity_Time" : "06:00 pm", 
    "WorkingHours_DbId" : ObjectId("5c8ce37f94f99e205c9778d6"), 
    "Ticket_DbId" : null, 
    "Ticket_Activity_DbId" : null, 
    "If_Hidden" : true, 
    "If_Deleted" : false, 
    "Created_By" : ObjectId("5b8a186f69e5c40f9c0f4e0b"), 
    "createdAt" : ISODate("2019-03-16T11:52:32.104+0000"), 
    "updatedAt" : ISODate("2019-03-16T11:52:32.104+0000"), 
    "__v" : NumberInt(0)
},
{ 
    "_id" : ObjectId("5c8d03b6b3fc4620a839f066"), 
    "Machine" : ObjectId("5c8ce24f0301cd0d1cf0117e"), 
    "Activity" : "Up", 
    "Activity_Status" : "Open", 
    "Activity_Date" : ISODate("2019-03-16T12:30:00.000+0000"), 
    "Activity_Time" : "06:00 pm", 
    "WorkingHours_DbId" : ObjectId("5c8d03b6b3fc4620a839f064"), 
    "Ticket_DbId" : null, 
    "Ticket_Activity_DbId" : null, 
    "If_Hidden" : false, 
    "If_Deleted" : false, 
    "Created_By" : ObjectId("5b8a186f69e5c40f9c0f4e0b"), 
    "createdAt" : ISODate("2019-03-16T14:09:58.758+0000"), 
    "updatedAt" : ISODate("2019-03-16T14:09:58.758+0000"), 
    "__v" : NumberInt(0)
},
{ 
    "_id" : ObjectId("5c8d03b6b3fc4620a839f065"), 
    "Machine" : ObjectId("5c8ce24f0301cd0d1cf0117e"), 
    "Activity" : "Idle", 
    "Activity_Status" : "Close", 
    "Activity_Date" : ISODate("2019-03-16T12:29:58.000+0000"), 
    "Activity_Time" : "06:00 pm", 
    "WorkingHours_DbId" : ObjectId("5c8d03b6b3fc4620a839f064"), 
    "Ticket_DbId" : null, 
    "Ticket_Activity_DbId" : null, 
    "If_Hidden" : true, 
    "If_Deleted" : false, 
    "Created_By" : ObjectId("5b8a186f69e5c40f9c0f4e0b"), 
    "createdAt" : ISODate("2019-03-16T14:09:58.758+0000"), 
    "updatedAt" : ISODate("2019-03-16T14:09:58.758+0000"), 
    "__v" : NumberInt(0)
},
{ 
    "_id" : ObjectId("5c8d03b6b3fc4620a839f067"), 
    "Machine" : ObjectId("5c8ce24f0301cd0d1cf0117e"), 
    "Activity" : "Up", 
    "Activity_Status" : "Close", 
    "Activity_Date" : ISODate("2019-03-16T13:29:58.000+0000"), 
    "Activity_Time" : "07:00 pm", 
    "WorkingHours_DbId" : ObjectId("5c8d03b6b3fc4620a839f064"), 
    "Ticket_DbId" : null, 
    "Ticket_Activity_DbId" : null, 
    "If_Hidden" : true, 
    "If_Deleted" : false, 
    "Created_By" : ObjectId("5b8a186f69e5c40f9c0f4e0b"), 
    "createdAt" : ISODate("2019-03-16T14:09:58.758+0000"), 
    "updatedAt" : ISODate("2019-03-16T14:09:58.758+0000"), 
    "__v" : NumberInt(0)
},
{ 
    "_id" : ObjectId("5c8d03b6b3fc4620a839f068"), 
    "Machine" : ObjectId("5c8ce24f0301cd0d1cf0117e"), 
    "Activity" : "Idle", 
    "Activity_Status" : "Open", 
    "Activity_Date" : ISODate("2019-03-16T13:30:00.000+0000"), 
    "Activity_Time" : "07:00 pm", 
    "WorkingHours_DbId" : ObjectId("5c8d03b6b3fc4620a839f064"), 
    "Ticket_DbId" : null, 
    "Ticket_Activity_DbId" : null, 
    "If_Hidden" : false, 
    "If_Deleted" : false, 
    "Created_By" : ObjectId("5b8a186f69e5c40f9c0f4e0b"), 
    "createdAt" : ISODate("2019-03-16T14:09:58.758+0000"), 
    "updatedAt" : ISODate("2019-03-16T14:09:58.758+0000"), 
    "__v" : NumberInt(0)
},
{ 
    "_id" : ObjectId("5c8d03dcb3fc4620a839f06b"), 
    "Machine" : ObjectId("5c8ce24f0301cd0d1cf0117e"), 
    "Activity" : "Up", 
    "Activity_Status" : "Open", 
    "Activity_Date" : ISODate("2019-03-15T12:30:00.000+0000"), 
    "Activity_Time" : "06:00 pm", 
    "WorkingHours_DbId" : ObjectId("5c8d03dbb3fc4620a839f069"), 
    "Ticket_DbId" : null, 
    "Ticket_Activity_DbId" : null, 
    "If_Hidden" : false, 
    "If_Deleted" : false, 
    "Created_By" : ObjectId("5b8a186f69e5c40f9c0f4e0b"), 
    "createdAt" : ISODate("2019-03-16T14:10:36.132+0000"), 
    "updatedAt" : ISODate("2019-03-16T14:10:36.132+0000"), 
    "__v" : NumberInt(0)
},
{ 
    "_id" : ObjectId("5c8d03dcb3fc4620a839f06a"), 
    "Machine" : ObjectId("5c8ce24f0301cd0d1cf0117e"), 
    "Activity" : "Idle", 
    "Activity_Status" : "Close", 
    "Activity_Date" : ISODate("2019-03-15T12:29:58.000+0000"), 
    "Activity_Time" : "06:00 pm", 
    "WorkingHours_DbId" : ObjectId("5c8d03dbb3fc4620a839f069"), 
    "Ticket_DbId" : null, 
    "Ticket_Activity_DbId" : null, 
    "If_Hidden" : true, 
    "If_Deleted" : false, 
    "Created_By" : ObjectId("5b8a186f69e5c40f9c0f4e0b"), 
    "createdAt" : ISODate("2019-03-16T14:10:36.132+0000"), 
    "updatedAt" : ISODate("2019-03-16T14:10:36.132+0000"), 
    "__v" : NumberInt(0)
},
{ 
    "_id" : ObjectId("5c8d03dcb3fc4620a839f06c"), 
    "Machine" : ObjectId("5c8ce24f0301cd0d1cf0117e"), 
    "Activity" : "Up", 
    "Activity_Status" : "Close", 
    "Activity_Date" : ISODate("2019-03-15T13:29:58.000+0000"), 
    "Activity_Time" : "07:00 pm", 
    "WorkingHours_DbId" : ObjectId("5c8d03dbb3fc4620a839f069"), 
    "Ticket_DbId" : null, 
    "Ticket_Activity_DbId" : null, 
    "If_Hidden" : true, 
    "If_Deleted" : false, 
    "Created_By" : ObjectId("5b8a186f69e5c40f9c0f4e0b"), 
    "createdAt" : ISODate("2019-03-16T14:10:36.132+0000"), 
    "updatedAt" : ISODate("2019-03-16T14:10:36.132+0000"), 
    "__v" : NumberInt(0)
},
{ 
    "_id" : ObjectId("5c8d03dcb3fc4620a839f06d"), 
    "Machine" : ObjectId("5c8ce24f0301cd0d1cf0117e"), 
    "Activity" : "Idle", 
    "Activity_Status" : "Open", 
    "Activity_Date" : ISODate("2019-03-15T13:30:00.000+0000"), 
    "Activity_Time" : "07:00 pm", 
    "WorkingHours_DbId" : ObjectId("5c8d03dbb3fc4620a839f069"), 
    "Ticket_DbId" : null, 
    "Ticket_Activity_DbId" : null, 
    "If_Hidden" : false, 
    "If_Deleted" : false, 
    "Created_By" : ObjectId("5b8a186f69e5c40f9c0f4e0b"), 
    "createdAt" : ISODate("2019-03-16T14:10:36.132+0000"), 
    "updatedAt" : ISODate("2019-03-16T14:10:36.132+0000"), 
    "__v" : NumberInt(0)
},
{ 
    "_id" : ObjectId("5c8ef9cb8824b80ed8f432a7"), 
    "Machine" : ObjectId("5c8ce24f0301cd0d1cf0117e"), 
    "Activity" : "Up", 
    "Activity_Status" : "Close", 
    "Activity_Date" : ISODate("2019-03-16T11:29:58.000+0000"), 
    "Activity_Time" : "05:00 pm", 
    "Description" : "-", 
    "WorkingHours_DbId" : null, 
    "Ticket_DbId" : ObjectId("5c8e91a1f88a5222c823bb1c"), 
    "Ticket_Activity_DbId" : ObjectId("5c8ef9cb8824b80ed8f432a6"), 
    "If_Hidden" : true, 
    "If_Deleted" : true, 
    "Created_By" : ObjectId("5b8a186f69e5c40f9c0f4e0b"), 
    "createdAt" : ISODate("2019-03-18T01:52:11.786+0000"), 
    "updatedAt" : ISODate("2019-03-18T02:00:26.878+0000"), 
    "__v" : NumberInt(0)
},
{ 
    "_id" : ObjectId("5c8ef9cb8824b80ed8f432a8"), 
    "Machine" : ObjectId("5c8ce24f0301cd0d1cf0117e"), 
    "Activity" : "Down", 
    "Activity_Status" : "Open", 
    "Activity_Date" : ISODate("2019-03-16T11:30:00.000+0000"), 
    "Activity_Time" : "05:00 pm", 
    "Description" : "--", 
    "WorkingHours_DbId" : null, 
    "Ticket_DbId" : ObjectId("5c8e91a1f88a5222c823bb1c"), 
    "Ticket_Activity_DbId" : ObjectId("5c8ef9cb8824b80ed8f432a6"), 
    "If_Hidden" : false, 
    "If_Deleted" : true, 
    "Created_By" : ObjectId("5b8a186f69e5c40f9c0f4e0b"), 
    "createdAt" : ISODate("2019-03-18T01:52:11.787+0000"), 
    "updatedAt" : ISODate("2019-03-18T02:00:26.878+0000"), 
    "__v" : NumberInt(0)
},
{ 
    "_id" : ObjectId("5c8f000906f6862ab86b2767"), 
    "Machine" : ObjectId("5c8ce24f0301cd0d1cf0117e"), 
    "Activity" : "Up", 
    "Activity_Status" : "Close", 
    "Activity_Date" : ISODate("2019-03-16T09:29:58.000+0000"), 
    "Activity_Time" : "03:00 pm", 
    "Description" : "-", 
    "WorkingHours_DbId" : null, 
    "Ticket_DbId" : ObjectId("5c8efea506f6862ab86b2765"), 
    "Ticket_Activity_DbId" : ObjectId("5c8f000806f6862ab86b2766"), 
    "If_Hidden" : true, 
    "If_Deleted" : true, 
    "Created_By" : ObjectId("5b8a186f69e5c40f9c0f4e0b"), 
    "createdAt" : ISODate("2019-03-18T02:18:49.201+0000"), 
    "updatedAt" : ISODate("2019-03-18T02:19:09.368+0000"), 
    "__v" : NumberInt(0)
},
{ 
    "_id" : ObjectId("5c8f000906f6862ab86b2768"), 
    "Machine" : ObjectId("5c8ce24f0301cd0d1cf0117e"), 
    "Activity" : "Down", 
    "Activity_Status" : "Open", 
    "Activity_Date" : ISODate("2019-03-16T09:30:00.000+0000"), 
    "Activity_Time" : "03:00 pm", 
    "Description" : "--", 
    "WorkingHours_DbId" : null, 
    "Ticket_DbId" : ObjectId("5c8efea506f6862ab86b2765"), 
    "Ticket_Activity_DbId" : ObjectId("5c8f000806f6862ab86b2766"), 
    "If_Hidden" : false, 
    "If_Deleted" : true, 
    "Created_By" : ObjectId("5b8a186f69e5c40f9c0f4e0b"), 
    "createdAt" : ISODate("2019-03-18T02:18:49.201+0000"), 
    "updatedAt" : ISODate("2019-03-18T02:19:09.368+0000"), 
    "__v" : NumberInt(0)
},
{ 
    "_id" : ObjectId("5c8f002506f6862ab86b276b"), 
    "Machine" : ObjectId("5c8ce24f0301cd0d1cf0117e"), 
    "Activity" : "Up", 
    "Activity_Status" : "Close", 
    "Activity_Date" : ISODate("2019-03-16T09:29:58.000+0000"), 
    "Activity_Time" : "03:00 pm", 
    "Description" : "-", 
    "WorkingHours_DbId" : null, 
    "Ticket_DbId" : ObjectId("5c8efea506f6862ab86b2765"), 
    "Ticket_Activity_DbId" : ObjectId("5c8f002506f6862ab86b276a"), 
    "If_Hidden" : true, 
    "If_Deleted" : false, 
    "Created_By" : ObjectId("5b8a186f69e5c40f9c0f4e0b"), 
    "createdAt" : ISODate("2019-03-18T02:19:17.687+0000"), 
    "updatedAt" : ISODate("2019-03-18T02:19:17.687+0000"), 
    "__v" : NumberInt(0)
},
{ 
    "_id" : ObjectId("5c8f002506f6862ab86b276c"), 
    "Machine" : ObjectId("5c8ce24f0301cd0d1cf0117e"), 
    "Activity" : "Down", 
    "Activity_Status" : "Open", 
    "Activity_Date" : ISODate("2019-03-16T09:30:00.000+0000"), 
    "Activity_Time" : "03:00 pm", 
    "Description" : "--", 
    "WorkingHours_DbId" : null, 
    "Ticket_DbId" : ObjectId("5c8efea506f6862ab86b2765"), 
    "Ticket_Activity_DbId" : ObjectId("5c8f002506f6862ab86b276a"), 
    "If_Hidden" : false, 
    "If_Deleted" : false, 
    "Created_By" : ObjectId("5b8a186f69e5c40f9c0f4e0b"), 
    "createdAt" : ISODate("2019-03-18T02:19:17.687+0000"), 
    "updatedAt" : ISODate("2019-03-18T02:19:17.687+0000"), 
    "__v" : NumberInt(0)
}
]
