[
{ 
    "_id" : ObjectId("5bfe2be3ad5a6e138049f0aa"), 
    "BillingAddress" : {
        "Country" : {
            "_id" : ObjectId("5b3f0552a4ed1e0474018ef6"), 
            "Country_Name" : "India"
        }, 
        "State" : {
            "_id" : ObjectId("5b3f068ea4ed1e047401abea"), 
            "State_Name" : "Tamil Nadu"
        }, 
        "City" : {
            "_id" : ObjectId("5b3f068fa4ed1e047401ae09"), 
            "City_Name" : "Coimbatore"
        }, 
        "Street" : "No-1", 
        "Area" : "Ganapathy", 
        "ZipCode" : "641 036"
    }, 
    "ShopFloorAddress" : {
        "Country" : {
            "_id" : ObjectId("5b3f0552a4ed1e0474018ef6"), 
            "Country_Name" : "India"
        }, 
        "State" : {
            "_id" : ObjectId("5b3f068ea4ed1e047401abea"), 
            "State_Name" : "Tamil Nadu"
        }, 
        "City" : {
            "_id" : ObjectId("5b3f068fa4ed1e047401ae09"), 
            "City_Name" : "Coimbatore"
        }, 
        "Street" : "No-1", 
        "Area" : "Ganapathy", 
        "ZipCode" : "641 036"
    }, 
    "CompanyName" : "Aashi Softwares", 
    "PhoneNumber" : "8489354893", 
    "EmailAddress" : "-", 
    "Website" : "aashitechno.com", 
    "NoOfEmployees" : "10", 
    "CompanyType" : "PL", 
    "StateCode" : "123123", 
    "IndustryType" : ObjectId("5bf0009c45ca932f44c2c02c"), 
    "OwnershipType" : null, 
    "GSTNo" : "", 
    "Notes" : "", 
    "Image" : null, 
    "SameAddresses" : true, 
    "Created_By" : ObjectId("5b8a186f69e5c40f9c0f4e0b"), 
    "Last_Modified_By" : ObjectId("5b8a186f69e5c40f9c0f4e0b"), 
    "If_Deleted" : true, 
    "User_Created" : false, 
    "Active_Status" : true, 
    "createdAt" : ISODate("2018-11-28T05:47:15.173+0000"), 
    "updatedAt" : ISODate("2019-02-21T03:59:48.895+0000"), 
    "__v" : NumberInt(0)
},
{ 
    "_id" : ObjectId("5c6caafec030c01accde60cf"), 
    "BillingAddress" : {
        "Country" : {
            "_id" : ObjectId("5b3f0552a4ed1e0474018ef6"), 
            "Country_Name" : "India"
        }, 
        "State" : {
            "_id" : ObjectId("5b3f068ea4ed1e047401abea"), 
            "State_Name" : "Tamil Nadu"
        }, 
        "City" : {
            "_id" : ObjectId("5b3f068fa4ed1e047401ae09"), 
            "City_Name" : "Coimbatore"
        }, 
        "Street" : "12", 
        "Area" : "saravanampatti", 
        "ZipCode" : "641 007"
    }, 
    "ShopFloorAddress" : {
        "Country" : {
            "_id" : ObjectId("5b3f0552a4ed1e0474018ef6"), 
            "Country_Name" : "India"
        }, 
        "State" : {
            "_id" : ObjectId("5b3f068ea4ed1e047401abea"), 
            "State_Name" : "Tamil Nadu"
        }, 
        "City" : {
            "_id" : ObjectId("5b3f068fa4ed1e047401ae09"), 
            "City_Name" : "Coimbatore"
        }, 
        "Street" : "12", 
        "Area" : "saravanampatti", 
        "ZipCode" : "641 007"
    }, 
    "CompanyName" : "AMC", 
    "PhoneNumber" : "1234567890", 
    "EmailAddress" : "sample@gmail.com", 
    "Website" : "", 
    "NoOfEmployees" : "", 
    "CompanyType" : "AMC", 
    "TicketsLimit" : NumberInt(10), 
    "StateCode" : "", 
    "IndustryType" : ObjectId("5bf249671a083a2320807631"), 
    "OwnershipType" : null, 
    "GSTNo" : "", 
    "Notes" : "", 
    "Image" : null, 
    "SameAddresses" : true, 
    "Created_By" : ObjectId("5b8a186f69e5c40f9c0f4e0b"), 
    "Last_Modified_By" : ObjectId("5b8a186f69e5c40f9c0f4e0b"), 
    "If_Deleted" : false, 
    "User_Created" : false, 
    "Active_Status" : true, 
    "createdAt" : ISODate("2019-02-20T01:18:55.013+0000"), 
    "updatedAt" : ISODate("2019-02-20T03:06:28.575+0000"), 
    "__v" : NumberInt(0), 
    "AMCFrom" : ISODate("2019-01-31T18:30:00.000+0000"), 
    "AMCTo" : ISODate("2020-01-31T18:30:00.000+0000")
},
{ 
    "_id" : ObjectId("5c8ce2260301cd0d1cf0117d"), 
    "BillingAddress" : {
        "Country" : {
            "_id" : ObjectId("5b3f0552a4ed1e0474018ef6"), 
            "Country_Name" : "India"
        }, 
        "State" : {
            "_id" : ObjectId("5b3f068ea4ed1e047401abea"), 
            "State_Name" : "Tamil Nadu"
        }, 
        "City" : {
            "_id" : ObjectId("5b3f068fa4ed1e047401ae09"), 
            "City_Name" : "Coimbatore"
        }, 
        "Street" : "street", 
        "Area" : "area", 
        "ZipCode" : "641007"
    }, 
    "ShopFloorAddress" : {
        "Country" : {
            "_id" : ObjectId("5b3f0552a4ed1e0474018ef6"), 
            "Country_Name" : "India"
        }, 
        "State" : {
            "_id" : ObjectId("5b3f068ea4ed1e047401abea"), 
            "State_Name" : "Tamil Nadu"
        }, 
        "City" : {
            "_id" : ObjectId("5b3f068fa4ed1e047401ae09"), 
            "City_Name" : "Coimbatore"
        }, 
        "Street" : "street", 
        "Area" : "area", 
        "ZipCode" : "641007"
    }, 
    "CompanyName" : "PL", 
    "PhoneNumber" : "9876543210", 
    "EmailAddress" : "sample@gmail.com", 
    "Website" : "--", 
    "NoOfEmployees" : "10", 
    "CompanyType" : "PL", 
    "TicketsLimit" : NumberInt(0), 
    "AMCFrom" : null, 
    "AMCTo" : null, 
    "StateCode" : "", 
    "IndustryType" : ObjectId("5bf2496e1a083a2320807632"), 
    "OwnershipType" : null, 
    "GSTNo" : "", 
    "Notes" : "", 
    "Image" : null, 
    "SameAddresses" : true, 
    "Created_By" : ObjectId("5b8a186f69e5c40f9c0f4e0b"), 
    "Last_Modified_By" : ObjectId("5b8a186f69e5c40f9c0f4e0b"), 
    "If_Deleted" : false, 
    "User_Created" : true, 
    "Active_Status" : true, 
    "createdAt" : ISODate("2019-03-16T11:46:46.657+0000"), 
    "updatedAt" : ISODate("2019-04-09T15:54:26.895+0000"), 
    "__v" : NumberInt(0)
}
]
