[
{ 
    "_id" : ObjectId("5c6caf77c030c01accde60d0"), 
    "Maintenance_Parts" : [
        ObjectId("5c4fc205791803098873eb30"), 
        ObjectId("5c4fc1fc791803098873eb2f")
    ], 
    "MachineName" : "amc one", 
    "Customer" : ObjectId("5c6caafec030c01accde60cf"), 
    "MachineModel" : "", 
    "MachineMake" : "", 
    "MfgSerialNo" : "", 
    "MachineId" : "", 
    "MfgYear" : "", 
    "MachineType" : null, 
    "DateOfPlaced" : ISODate("2019-02-19T18:30:00.000+0000"), 
    "ControllerType" : null, 
    "ControllerModelNo" : "", 
    "Created_By" : ObjectId("5b8a186f69e5c40f9c0f4e0b"), 
    "Last_Modified_By" : ObjectId("5b8a186f69e5c40f9c0f4e0b"), 
    "Current_Status" : "Idle", 
    "Open_Ticket" : false, 
    "If_Deleted" : false, 
    "Active_Status" : true, 
    "createdAt" : ISODate("2019-02-20T01:37:59.319+0000"), 
    "updatedAt" : ISODate("2019-02-20T01:37:59.319+0000"), 
    "__v" : NumberInt(0)
},
{ 
    "_id" : ObjectId("5c8ce24f0301cd0d1cf0117e"), 
    "Maintenance_Parts" : [
        ObjectId("5c4fc1fc791803098873eb2f"), 
        ObjectId("5c4fc205791803098873eb30")
    ], 
    "MachineName" : "PL Machine", 
    "Customer" : ObjectId("5c8ce2260301cd0d1cf0117d"), 
    "MachineModel" : "", 
    "MachineMake" : "", 
    "MfgSerialNo" : "", 
    "MachineId" : "", 
    "MfgYear" : "", 
    "MachineType" : null, 
    "DateOfPlaced" : ISODate("2019-02-28T18:30:00.000+0000"), 
    "ControllerType" : null, 
    "ControllerModelNo" : "", 
    "Created_By" : ObjectId("5b8a186f69e5c40f9c0f4e0b"), 
    "Last_Modified_By" : ObjectId("5b8a186f69e5c40f9c0f4e0b"), 
    "Current_Status" : "Down", 
    "Open_Ticket" : true, 
    "If_Deleted" : false, 
    "Active_Status" : true, 
    "createdAt" : ISODate("2019-03-16T11:47:27.112+0000"), 
    "updatedAt" : ISODate("2019-03-18T02:19:17.679+0000"), 
    "__v" : NumberInt(0)
}
]
