[
{ 
    "_id" : ObjectId("5bfe2c4bad5a6e138049f0ac"), 
    "Customer" : ObjectId("5bfe2be3ad5a6e138049f0aa"), 
    "ContactRole" : ObjectId("5bfe2c24ad5a6e138049f0ab"), 
    "Title" : "Mr", 
    "Name" : "Saravanakumar", 
    "Email" : "-", 
    "Mobile" : "-", 
    "JobPosition" : "MD", 
    "Created_By" : ObjectId("5b8a186f69e5c40f9c0f4e0b"), 
    "Last_Modified_By" : ObjectId("5b8a186f69e5c40f9c0f4e0b"), 
    "If_Deleted" : false, 
    "Active_Status" : true, 
    "createdAt" : ISODate("2018-11-28T05:48:59.980+0000"), 
    "updatedAt" : ISODate("2018-11-28T05:48:59.980+0000"), 
    "__v" : NumberInt(0)
},
{ 
    "_id" : ObjectId("5c8f0618dadb1c149caf209c"), 
    "Customer" : ObjectId("5c8ce2260301cd0d1cf0117d"), 
    "ContactRole" : ObjectId("5bfe2c24ad5a6e138049f0ab"), 
    "Title" : "Mr", 
    "Name" : "test", 
    "Email" : "sample@gmail.com", 
    "Mobile" : "9876543210", 
    "JobPosition" : "--", 
    "Created_By" : ObjectId("5b8a186f69e5c40f9c0f4e0b"), 
    "Last_Modified_By" : ObjectId("5b8a186f69e5c40f9c0f4e0b"), 
    "If_Deleted" : false, 
    "Active_Status" : true, 
    "createdAt" : ISODate("2019-03-18T02:44:40.183+0000"), 
    "updatedAt" : ISODate("2019-03-18T02:44:40.183+0000"), 
    "__v" : NumberInt(0)
}
]
