[
{ 
    "_id" : ObjectId("5c4fc1fc791803098873eb2f"), 
    "Part_Name" : "test", 
    "Created_By" : ObjectId("5b8a186f69e5c40f9c0f4e0b"), 
    "Last_Modified_By" : ObjectId("5b8a186f69e5c40f9c0f4e0b"), 
    "Active_Status" : true, 
    "If_Deleted" : false, 
    "createdAt" : ISODate("2019-01-29T03:01:16.938+0000"), 
    "updatedAt" : ISODate("2019-01-29T03:01:16.938+0000"), 
    "__v" : NumberInt(0)
},
{ 
    "_id" : ObjectId("5c4fc205791803098873eb30"), 
    "Part_Name" : "test two", 
    "Created_By" : ObjectId("5b8a186f69e5c40f9c0f4e0b"), 
    "Last_Modified_By" : ObjectId("5b8a186f69e5c40f9c0f4e0b"), 
    "Active_Status" : true, 
    "If_Deleted" : false, 
    "createdAt" : ISODate("2019-01-29T03:01:25.741+0000"), 
    "updatedAt" : ISODate("2019-01-29T03:01:25.741+0000"), 
    "__v" : NumberInt(0)
}
]
