[
{ 
    "_id" : ObjectId("5bf0009c45ca932f44c2c02c"), 
    "Industry_Type" : "One", 
    "Created_By" : ObjectId("5b8a186f69e5c40f9c0f4e0b"), 
    "Last_Modified_By" : ObjectId("5b8a186f69e5c40f9c0f4e0b"), 
    "Active_Status" : true, 
    "If_Deleted" : false, 
    "createdAt" : ISODate("2018-11-17T11:50:52.512+0000"), 
    "updatedAt" : ISODate("2018-11-17T11:50:52.512+0000"), 
    "__v" : NumberInt(0)
},
{ 
    "_id" : ObjectId("5bf000a845ca932f44c2c02d"), 
    "Industry_Type" : "Two", 
    "Created_By" : ObjectId("5b8a186f69e5c40f9c0f4e0b"), 
    "Last_Modified_By" : ObjectId("5b8a186f69e5c40f9c0f4e0b"), 
    "Active_Status" : true, 
    "If_Deleted" : false, 
    "createdAt" : ISODate("2018-11-17T11:51:04.272+0000"), 
    "updatedAt" : ISODate("2018-11-17T11:51:04.272+0000"), 
    "__v" : NumberInt(0)
},
{ 
    "_id" : ObjectId("5bf000ad45ca932f44c2c02e"), 
    "Industry_Type" : "Three", 
    "Created_By" : ObjectId("5b8a186f69e5c40f9c0f4e0b"), 
    "Last_Modified_By" : ObjectId("5b8a186f69e5c40f9c0f4e0b"), 
    "Active_Status" : true, 
    "If_Deleted" : false, 
    "createdAt" : ISODate("2018-11-17T11:51:09.688+0000"), 
    "updatedAt" : ISODate("2018-11-17T11:51:09.688+0000"), 
    "__v" : NumberInt(0)
},
{ 
    "_id" : ObjectId("5bf000ba45ca932f44c2c02f"), 
    "Industry_Type" : "Four", 
    "Created_By" : ObjectId("5b8a186f69e5c40f9c0f4e0b"), 
    "Last_Modified_By" : ObjectId("5b8a186f69e5c40f9c0f4e0b"), 
    "Active_Status" : true, 
    "If_Deleted" : false, 
    "createdAt" : ISODate("2018-11-17T11:51:22.264+0000"), 
    "updatedAt" : ISODate("2018-11-17T11:51:22.264+0000"), 
    "__v" : NumberInt(0)
},
{ 
    "_id" : ObjectId("5bf000bf45ca932f44c2c030"), 
    "Industry_Type" : "Five", 
    "Created_By" : ObjectId("5b8a186f69e5c40f9c0f4e0b"), 
    "Last_Modified_By" : ObjectId("5b8a186f69e5c40f9c0f4e0b"), 
    "Active_Status" : true, 
    "If_Deleted" : false, 
    "createdAt" : ISODate("2018-11-17T11:51:27.487+0000"), 
    "updatedAt" : ISODate("2018-11-17T11:51:27.487+0000"), 
    "__v" : NumberInt(0)
},
{ 
    "_id" : ObjectId("5bf2494d1a083a232080762e"), 
    "Industry_Type" : "Six", 
    "Created_By" : ObjectId("5b8a186f69e5c40f9c0f4e0b"), 
    "Last_Modified_By" : ObjectId("5b8a186f69e5c40f9c0f4e0b"), 
    "Active_Status" : true, 
    "If_Deleted" : false, 
    "createdAt" : ISODate("2018-11-19T05:25:33.846+0000"), 
    "updatedAt" : ISODate("2018-11-19T05:25:33.846+0000"), 
    "__v" : NumberInt(0)
},
{ 
    "_id" : ObjectId("5bf249551a083a232080762f"), 
    "Industry_Type" : "Seven", 
    "Created_By" : ObjectId("5b8a186f69e5c40f9c0f4e0b"), 
    "Last_Modified_By" : ObjectId("5b8a186f69e5c40f9c0f4e0b"), 
    "Active_Status" : true, 
    "If_Deleted" : false, 
    "createdAt" : ISODate("2018-11-19T05:25:41.861+0000"), 
    "updatedAt" : ISODate("2018-11-19T05:25:41.861+0000"), 
    "__v" : NumberInt(0)
},
{ 
    "_id" : ObjectId("5bf249601a083a2320807630"), 
    "Industry_Type" : "Eight", 
    "Created_By" : ObjectId("5b8a186f69e5c40f9c0f4e0b"), 
    "Last_Modified_By" : ObjectId("5b8a186f69e5c40f9c0f4e0b"), 
    "Active_Status" : true, 
    "If_Deleted" : false, 
    "createdAt" : ISODate("2018-11-19T05:25:52.709+0000"), 
    "updatedAt" : ISODate("2018-11-19T05:25:52.709+0000"), 
    "__v" : NumberInt(0)
},
{ 
    "_id" : ObjectId("5bf249671a083a2320807631"), 
    "Industry_Type" : "Nine", 
    "Created_By" : ObjectId("5b8a186f69e5c40f9c0f4e0b"), 
    "Last_Modified_By" : ObjectId("5b8a186f69e5c40f9c0f4e0b"), 
    "Active_Status" : true, 
    "If_Deleted" : false, 
    "createdAt" : ISODate("2018-11-19T05:25:59.948+0000"), 
    "updatedAt" : ISODate("2018-11-19T05:25:59.948+0000"), 
    "__v" : NumberInt(0)
},
{ 
    "_id" : ObjectId("5bf2496e1a083a2320807632"), 
    "Industry_Type" : "Ten", 
    "Created_By" : ObjectId("5b8a186f69e5c40f9c0f4e0b"), 
    "Last_Modified_By" : ObjectId("5b8a186f69e5c40f9c0f4e0b"), 
    "Active_Status" : true, 
    "If_Deleted" : false, 
    "createdAt" : ISODate("2018-11-19T05:26:06.204+0000"), 
    "updatedAt" : ISODate("2018-11-19T05:26:06.204+0000"), 
    "__v" : NumberInt(0)
},
{ 
    "_id" : ObjectId("5bf2497f1a083a2320807633"), 
    "Industry_Type" : "eleven", 
    "Created_By" : ObjectId("5b8a186f69e5c40f9c0f4e0b"), 
    "Last_Modified_By" : ObjectId("5b8a186f69e5c40f9c0f4e0b"), 
    "Active_Status" : true, 
    "If_Deleted" : true, 
    "createdAt" : ISODate("2018-11-19T05:26:23.542+0000"), 
    "updatedAt" : ISODate("2018-11-19T05:26:45.721+0000"), 
    "__v" : NumberInt(0)
},
{ 
    "_id" : ObjectId("5bf249a01a083a2320807634"), 
    "Industry_Type" : "Eleven", 
    "Created_By" : ObjectId("5b8a186f69e5c40f9c0f4e0b"), 
    "Last_Modified_By" : ObjectId("5b8a186f69e5c40f9c0f4e0b"), 
    "Active_Status" : true, 
    "If_Deleted" : false, 
    "createdAt" : ISODate("2018-11-19T05:26:56.308+0000"), 
    "updatedAt" : ISODate("2018-11-19T05:26:56.308+0000"), 
    "__v" : NumberInt(0)
},
{ 
    "_id" : ObjectId("5bf249ad1a083a2320807635"), 
    "Industry_Type" : "Twelve", 
    "Created_By" : ObjectId("5b8a186f69e5c40f9c0f4e0b"), 
    "Last_Modified_By" : ObjectId("5b8a186f69e5c40f9c0f4e0b"), 
    "Active_Status" : true, 
    "If_Deleted" : false, 
    "createdAt" : ISODate("2018-11-19T05:27:09.630+0000"), 
    "updatedAt" : ISODate("2018-11-19T05:27:09.630+0000"), 
    "__v" : NumberInt(0)
},
{ 
    "_id" : ObjectId("5bf3a4c072720337907db248"), 
    "Industry_Type" : "One 1", 
    "Created_By" : ObjectId("5b8a186f69e5c40f9c0f4e0b"), 
    "Last_Modified_By" : ObjectId("5b8a186f69e5c40f9c0f4e0b"), 
    "Active_Status" : true, 
    "If_Deleted" : false, 
    "createdAt" : ISODate("2018-11-20T06:08:00.200+0000"), 
    "updatedAt" : ISODate("2018-11-20T06:08:00.200+0000"), 
    "__v" : NumberInt(0)
}
]
