[
{ 
    "_id" : ObjectId("5c6cbdc41afca620440df049"), 
    "Machine" : ObjectId("5c505ea38aec4a0b3c20df6f"), 
    "MachineMaintenancePart" : ObjectId("5c4fc205791803098873eb30"), 
    "Status" : false, 
    "MaintenanceDate" : ISODate("2019-02-19T18:30:00.000+0000"), 
    "Description" : "", 
    "Updated_By" : "", 
    "If_Deleted" : false, 
    "If_Updated" : false
},
{ 
    "_id" : ObjectId("5c6cbdc41afca620440df04a"), 
    "Machine" : ObjectId("5c505ea38aec4a0b3c20df6f"), 
    "MachineMaintenancePart" : ObjectId("5c4fc1fc791803098873eb2f"), 
    "Status" : false, 
    "MaintenanceDate" : ISODate("2019-02-19T18:30:00.000+0000"), 
    "Description" : "", 
    "Updated_By" : "", 
    "If_Deleted" : false, 
    "If_Updated" : false
},
{ 
    "_id" : ObjectId("5c6cbdc41afca620440df04b"), 
    "Machine" : ObjectId("5c5062560a9b0c3c18aae434"), 
    "MachineMaintenancePart" : ObjectId("5c4fc205791803098873eb30"), 
    "Status" : false, 
    "MaintenanceDate" : ISODate("2019-02-19T18:30:00.000+0000"), 
    "Description" : "", 
    "Updated_By" : "", 
    "If_Deleted" : false, 
    "If_Updated" : false
},
{ 
    "_id" : ObjectId("5c6cbdc41afca620440df04c"), 
    "Machine" : ObjectId("5c5062560a9b0c3c18aae434"), 
    "MachineMaintenancePart" : ObjectId("5c4fc1fc791803098873eb2f"), 
    "Status" : false, 
    "MaintenanceDate" : ISODate("2019-02-19T18:30:00.000+0000"), 
    "Description" : "", 
    "Updated_By" : "", 
    "If_Deleted" : false, 
    "If_Updated" : false
},
{ 
    "_id" : ObjectId("5c6cbdc41afca620440df04d"), 
    "Machine" : ObjectId("5c6caf77c030c01accde60d0"), 
    "MachineMaintenancePart" : ObjectId("5c4fc205791803098873eb30"), 
    "Status" : true, 
    "MaintenanceDate" : ISODate("2019-02-19T18:30:00.000+0000"), 
    "Description" : "", 
    "Updated_By" : "test", 
    "If_Deleted" : false, 
    "If_Updated" : true, 
    "updatedAt" : ISODate("2019-02-20T02:40:22.860+0000")
},
{ 
    "_id" : ObjectId("5c6cbdc41afca620440df04e"), 
    "Machine" : ObjectId("5c6caf77c030c01accde60d0"), 
    "MachineMaintenancePart" : ObjectId("5c4fc1fc791803098873eb2f"), 
    "Status" : true, 
    "MaintenanceDate" : ISODate("2019-02-19T18:30:00.000+0000"), 
    "Description" : "", 
    "Updated_By" : "test", 
    "If_Deleted" : false, 
    "If_Updated" : true, 
    "updatedAt" : ISODate("2019-02-20T02:40:22.863+0000")
},
{ 
    "_id" : ObjectId("5c7d6ea857c2000e0471f337"), 
    "Machine" : ObjectId("5c6caf77c030c01accde60d0"), 
    "MachineMaintenancePart" : ObjectId("5c4fc205791803098873eb30"), 
    "Status" : false, 
    "MaintenanceDate" : ISODate("2019-03-04T18:30:00.000+0000"), 
    "Description" : "", 
    "Updated_By" : "", 
    "If_Deleted" : false, 
    "If_Updated" : false
},
{ 
    "_id" : ObjectId("5c7d6ea857c2000e0471f338"), 
    "Machine" : ObjectId("5c6caf77c030c01accde60d0"), 
    "MachineMaintenancePart" : ObjectId("5c4fc1fc791803098873eb2f"), 
    "Status" : false, 
    "MaintenanceDate" : ISODate("2019-03-04T18:30:00.000+0000"), 
    "Description" : "", 
    "Updated_By" : "", 
    "If_Deleted" : false, 
    "If_Updated" : false
},
{ 
    "_id" : ObjectId("5c8e9229f88a5222c823bb1d"), 
    "Machine" : ObjectId("5c6caf77c030c01accde60d0"), 
    "MachineMaintenancePart" : ObjectId("5c4fc205791803098873eb30"), 
    "Status" : false, 
    "MaintenanceDate" : ISODate("2019-03-17T18:30:00.000+0000"), 
    "Description" : "", 
    "Updated_By" : "", 
    "If_Deleted" : false, 
    "If_Updated" : false
},
{ 
    "_id" : ObjectId("5c8e9229f88a5222c823bb1e"), 
    "Machine" : ObjectId("5c6caf77c030c01accde60d0"), 
    "MachineMaintenancePart" : ObjectId("5c4fc1fc791803098873eb2f"), 
    "Status" : false, 
    "MaintenanceDate" : ISODate("2019-03-17T18:30:00.000+0000"), 
    "Description" : "", 
    "Updated_By" : "", 
    "If_Deleted" : false, 
    "If_Updated" : false
},
{ 
    "_id" : ObjectId("5c8e9229f88a5222c823bb1f"), 
    "Machine" : ObjectId("5c8ce24f0301cd0d1cf0117e"), 
    "MachineMaintenancePart" : ObjectId("5c4fc1fc791803098873eb2f"), 
    "Status" : false, 
    "MaintenanceDate" : ISODate("2019-03-17T18:30:00.000+0000"), 
    "Description" : "", 
    "Updated_By" : "", 
    "If_Deleted" : false, 
    "If_Updated" : false
},
{ 
    "_id" : ObjectId("5c8e9229f88a5222c823bb20"), 
    "Machine" : ObjectId("5c8ce24f0301cd0d1cf0117e"), 
    "MachineMaintenancePart" : ObjectId("5c4fc205791803098873eb30"), 
    "Status" : false, 
    "MaintenanceDate" : ISODate("2019-03-17T18:30:00.000+0000"), 
    "Description" : "", 
    "Updated_By" : "", 
    "If_Deleted" : false, 
    "If_Updated" : false
},
{ 
    "_id" : ObjectId("5c98ab8cbf2c5b2c88d4af1e"), 
    "Machine" : ObjectId("5c6caf77c030c01accde60d0"), 
    "MachineMaintenancePart" : ObjectId("5c4fc205791803098873eb30"), 
    "Status" : false, 
    "MaintenanceDate" : ISODate("2019-03-24T18:30:00.000+0000"), 
    "Description" : "", 
    "Updated_By" : "", 
    "If_Deleted" : false, 
    "If_Updated" : false
},
{ 
    "_id" : ObjectId("5c98ab8cbf2c5b2c88d4af1f"), 
    "Machine" : ObjectId("5c6caf77c030c01accde60d0"), 
    "MachineMaintenancePart" : ObjectId("5c4fc1fc791803098873eb2f"), 
    "Status" : false, 
    "MaintenanceDate" : ISODate("2019-03-24T18:30:00.000+0000"), 
    "Description" : "", 
    "Updated_By" : "", 
    "If_Deleted" : false, 
    "If_Updated" : false
},
{ 
    "_id" : ObjectId("5c98ab8cbf2c5b2c88d4af20"), 
    "Machine" : ObjectId("5c8ce24f0301cd0d1cf0117e"), 
    "MachineMaintenancePart" : ObjectId("5c4fc1fc791803098873eb2f"), 
    "Status" : false, 
    "MaintenanceDate" : ISODate("2019-03-24T18:30:00.000+0000"), 
    "Description" : "", 
    "Updated_By" : "", 
    "If_Deleted" : false, 
    "If_Updated" : false
},
{ 
    "_id" : ObjectId("5c98ab8cbf2c5b2c88d4af21"), 
    "Machine" : ObjectId("5c8ce24f0301cd0d1cf0117e"), 
    "MachineMaintenancePart" : ObjectId("5c4fc205791803098873eb30"), 
    "Status" : false, 
    "MaintenanceDate" : ISODate("2019-03-24T18:30:00.000+0000"), 
    "Description" : "", 
    "Updated_By" : "", 
    "If_Deleted" : false, 
    "If_Updated" : false
}
]
