[
{ 
    "_id" : ObjectId("5bffb7f1e7c54c26909077be"), 
    "Machine" : ObjectId("5bffb7dae7c54c26909077bb"), 
    "Start_Date" : ISODate("2018-11-29T02:30:00.000+0000"), 
    "Start_Time" : "08:00 am", 
    "Stop_Date" : ISODate("2018-11-29T04:30:00.000+0000"), 
    "Stop_Time" : "10:00 am", 
    "Active_Status" : true, 
    "If_Deleted" : false, 
    "Created_By" : ObjectId("5b8a186f69e5c40f9c0f4e0b"), 
    "Last_Modified_By" : ObjectId("5b8a186f69e5c40f9c0f4e0b"), 
    "createdAt" : ISODate("2018-11-29T09:57:05.532+0000"), 
    "updatedAt" : ISODate("2018-11-29T09:57:05.532+0000"), 
    "__v" : NumberInt(0)
},
{ 
    "_id" : ObjectId("5bffbad42f09cc1ad0f1d68a"), 
    "Machine" : ObjectId("5bffb7dae7c54c26909077bb"), 
    "Start_Date" : ISODate("2018-11-29T05:30:00.000+0000"), 
    "Start_Time" : "11:00 am", 
    "Stop_Date" : ISODate("2018-11-29T07:30:00.000+0000"), 
    "Stop_Time" : "01:00 pm", 
    "Active_Status" : true, 
    "If_Deleted" : false, 
    "Created_By" : ObjectId("5b8a186f69e5c40f9c0f4e0b"), 
    "Last_Modified_By" : ObjectId("5b8a186f69e5c40f9c0f4e0b"), 
    "createdAt" : ISODate("2018-11-29T10:09:24.082+0000"), 
    "updatedAt" : ISODate("2018-11-29T10:09:24.082+0000"), 
    "__v" : NumberInt(0)
},
{ 
    "_id" : ObjectId("5bffbbec2f09cc1ad0f1d68f"), 
    "Machine" : ObjectId("5bffb7dae7c54c26909077bb"), 
    "Start_Date" : ISODate("2018-11-29T09:30:00.000+0000"), 
    "Start_Time" : "03:00 pm", 
    "Stop_Date" : ISODate("2018-11-29T12:30:00.000+0000"), 
    "Stop_Time" : "06:00 pm", 
    "Active_Status" : true, 
    "If_Deleted" : false, 
    "Created_By" : ObjectId("5b8a186f69e5c40f9c0f4e0b"), 
    "Last_Modified_By" : ObjectId("5b8a186f69e5c40f9c0f4e0b"), 
    "createdAt" : ISODate("2018-11-29T10:14:04.201+0000"), 
    "updatedAt" : ISODate("2018-11-29T10:14:04.201+0000"), 
    "__v" : NumberInt(0)
},
{ 
    "_id" : ObjectId("5bffc332c48a1835c05de9c6"), 
    "Machine" : ObjectId("5bffc314c48a1835c05de9c3"), 
    "Start_Date" : ISODate("2018-11-29T03:30:00.000+0000"), 
    "Start_Time" : "09:00 am", 
    "Stop_Date" : ISODate("2018-11-29T12:30:00.000+0000"), 
    "Stop_Time" : "06:00 pm", 
    "Active_Status" : true, 
    "If_Deleted" : false, 
    "Created_By" : ObjectId("5b8a186f69e5c40f9c0f4e0b"), 
    "Last_Modified_By" : ObjectId("5b8a186f69e5c40f9c0f4e0b"), 
    "createdAt" : ISODate("2018-11-29T10:45:06.756+0000"), 
    "updatedAt" : ISODate("2018-11-29T10:45:06.756+0000"), 
    "__v" : NumberInt(0)
},
{ 
    "_id" : ObjectId("5c8ce37f94f99e205c9778d6"), 
    "Machine" : ObjectId("5c8ce24f0301cd0d1cf0117e"), 
    "Start_Date" : ISODate("2019-03-16T06:30:00.000+0000"), 
    "Start_Time" : "12:00 pm", 
    "Stop_Date" : ISODate("2019-03-16T12:30:00.000+0000"), 
    "Stop_Time" : "06:00 pm", 
    "Active_Status" : true, 
    "If_Deleted" : false, 
    "Created_By" : ObjectId("5b8a186f69e5c40f9c0f4e0b"), 
    "Last_Modified_By" : ObjectId("5b8a186f69e5c40f9c0f4e0b"), 
    "createdAt" : ISODate("2019-03-16T11:52:31.616+0000"), 
    "updatedAt" : ISODate("2019-03-16T11:52:31.616+0000"), 
    "__v" : NumberInt(0)
},
{ 
    "_id" : ObjectId("5c8d03b6b3fc4620a839f064"), 
    "Machine" : ObjectId("5c8ce24f0301cd0d1cf0117e"), 
    "Start_Date" : ISODate("2019-03-16T12:30:00.000+0000"), 
    "Start_Time" : "06:00 pm", 
    "Stop_Date" : ISODate("2019-03-16T13:30:00.000+0000"), 
    "Stop_Time" : "07:00 pm", 
    "Active_Status" : true, 
    "If_Deleted" : false, 
    "Created_By" : ObjectId("5b8a186f69e5c40f9c0f4e0b"), 
    "Last_Modified_By" : ObjectId("5b8a186f69e5c40f9c0f4e0b"), 
    "createdAt" : ISODate("2019-03-16T14:09:58.279+0000"), 
    "updatedAt" : ISODate("2019-03-16T14:09:58.279+0000"), 
    "__v" : NumberInt(0)
},
{ 
    "_id" : ObjectId("5c8d03dbb3fc4620a839f069"), 
    "Machine" : ObjectId("5c8ce24f0301cd0d1cf0117e"), 
    "Start_Date" : ISODate("2019-03-15T12:30:00.000+0000"), 
    "Start_Time" : "06:00 pm", 
    "Stop_Date" : ISODate("2019-03-15T13:30:00.000+0000"), 
    "Stop_Time" : "07:00 pm", 
    "Active_Status" : true, 
    "If_Deleted" : false, 
    "Created_By" : ObjectId("5b8a186f69e5c40f9c0f4e0b"), 
    "Last_Modified_By" : ObjectId("5b8a186f69e5c40f9c0f4e0b"), 
    "createdAt" : ISODate("2019-03-16T14:10:35.658+0000"), 
    "updatedAt" : ISODate("2019-03-16T14:10:35.658+0000"), 
    "__v" : NumberInt(0)
}
]
