[
{ 
    "_id" : ObjectId("5c8f000806f6862ab86b2766"), 
    "Machine" : ObjectId("5c8ce24f0301cd0d1cf0117e"), 
    "Customer" : ObjectId("5c8ce2260301cd0d1cf0117d"), 
    "Ticket" : ObjectId("5c8efea506f6862ab86b2765"), 
    "Contact" : null, 
    "Employee" : null, 
    "StartDate" : ISODate("2019-03-16T09:30:00.000+0000"), 
    "StartTime" : "03:00 pm", 
    "Status" : {
        "Type" : "Type_1", 
        "Value" : "Opened"
    }, 
    "Description" : "--", 
    "If_Idle" : false, 
    "Created_By" : ObjectId("5b8a186f69e5c40f9c0f4e0b"), 
    "Last_Modified_By" : ObjectId("5b8a186f69e5c40f9c0f4e0b"), 
    "If_Deleted" : true, 
    "Active_Status" : true, 
    "createdAt" : ISODate("2019-03-18T02:18:48.738+0000"), 
    "updatedAt" : ISODate("2019-03-18T02:19:09.368+0000"), 
    "__v" : NumberInt(0)
},
{ 
    "_id" : ObjectId("5c8f001706f6862ab86b2769"), 
    "Machine" : ObjectId("5c8ce24f0301cd0d1cf0117e"), 
    "Customer" : ObjectId("5c8ce2260301cd0d1cf0117d"), 
    "Ticket" : ObjectId("5c8efea506f6862ab86b2765"), 
    "Contact" : null, 
    "Employee" : null, 
    "StartDate" : ISODate("2019-03-16T10:30:00.000+0000"), 
    "StartTime" : "04:00 pm", 
    "Status" : {
        "Type" : "Type_2", 
        "Value" : "Problem Identified"
    }, 
    "Description" : "---", 
    "If_Idle" : false, 
    "Created_By" : ObjectId("5b8a186f69e5c40f9c0f4e0b"), 
    "Last_Modified_By" : ObjectId("5b8a186f69e5c40f9c0f4e0b"), 
    "If_Deleted" : false, 
    "Active_Status" : true, 
    "createdAt" : ISODate("2019-03-18T02:19:03.951+0000"), 
    "updatedAt" : ISODate("2019-03-18T02:19:03.951+0000"), 
    "__v" : NumberInt(0)
},
{ 
    "_id" : ObjectId("5c8f002506f6862ab86b276a"), 
    "Machine" : ObjectId("5c8ce24f0301cd0d1cf0117e"), 
    "Customer" : ObjectId("5c8ce2260301cd0d1cf0117d"), 
    "Ticket" : ObjectId("5c8efea506f6862ab86b2765"), 
    "Contact" : null, 
    "Employee" : null, 
    "StartDate" : ISODate("2019-03-16T09:30:00.000+0000"), 
    "StartTime" : "03:00 pm", 
    "Status" : {
        "Type" : "Type_1", 
        "Value" : "Opened"
    }, 
    "Description" : "----", 
    "If_Idle" : false, 
    "Created_By" : ObjectId("5b8a186f69e5c40f9c0f4e0b"), 
    "Last_Modified_By" : ObjectId("5b8a186f69e5c40f9c0f4e0b"), 
    "If_Deleted" : false, 
    "Active_Status" : true, 
    "createdAt" : ISODate("2019-03-18T02:19:17.348+0000"), 
    "updatedAt" : ISODate("2019-03-18T03:17:23.610+0000"), 
    "__v" : NumberInt(0)
}
]
