[
{ 
    "_id" : ObjectId("5c2f118ec2eeb130487ca9da"), 
    "Employee" : ObjectId("5bfe2cdfad5a6e138049f0ad"), 
    "Attendance_Date" : ISODate("2019-01-03T18:30:00.000+0000"), 
    "Attendance" : "Present", 
    "Attendance_Status" : "Approved", 
    "Created_By" : ObjectId("5b8a186f69e5c40f9c0f4e0b"), 
    "Last_Modified_By" : ObjectId("5b8a186f69e5c40f9c0f4e0b"), 
    "Active_Status" : true, 
    "If_Deleted" : false, 
    "createdAt" : ISODate("2019-01-04T07:55:58.662+0000"), 
    "updatedAt" : ISODate("2019-04-04T16:28:06.682+0000"), 
    "__v" : NumberInt(0)
},
{ 
    "_id" : ObjectId("5c2f503d6ddaa304f428f8ed"), 
    "Employee" : ObjectId("5c2f448c6ddaa304f428f8ec"), 
    "Attendance_Date" : ISODate("2019-01-03T18:30:00.000+0000"), 
    "Attendance" : "Week Off", 
    "Attendance_Status" : "Rejected", 
    "Created_By" : ObjectId("5b8a186f69e5c40f9c0f4e0b"), 
    "Last_Modified_By" : ObjectId("5b8a186f69e5c40f9c0f4e0b"), 
    "Active_Status" : true, 
    "If_Deleted" : false, 
    "createdAt" : ISODate("2019-01-04T12:23:25.071+0000"), 
    "updatedAt" : ISODate("2019-04-04T16:29:23.887+0000"), 
    "__v" : NumberInt(0)
},
{ 
    "_id" : ObjectId("5c2f506e9031712dc0d15b81"), 
    "Employee" : ObjectId("5bfe2cdfad5a6e138049f0ad"), 
    "Attendance_Date" : ISODate("2019-01-02T18:30:00.000+0000"), 
    "Attendance" : "Week Off", 
    "Attendance_Status" : "Approved", 
    "Created_By" : ObjectId("5b8a186f69e5c40f9c0f4e0b"), 
    "Last_Modified_By" : ObjectId("5b8a186f69e5c40f9c0f4e0b"), 
    "Active_Status" : true, 
    "If_Deleted" : false, 
    "createdAt" : ISODate("2019-01-04T12:24:14.035+0000"), 
    "updatedAt" : ISODate("2019-04-04T16:29:27.511+0000"), 
    "__v" : NumberInt(0)
},
{ 
    "_id" : ObjectId("5c2f50879031712dc0d15b82"), 
    "Employee" : ObjectId("5bfe2cdfad5a6e138049f0ad"), 
    "Attendance_Date" : ISODate("2019-01-01T18:30:00.000+0000"), 
    "Attendance" : "Present", 
    "Attendance_Status" : "Pending", 
    "Created_By" : ObjectId("5b8a186f69e5c40f9c0f4e0b"), 
    "Last_Modified_By" : ObjectId("5b8a186f69e5c40f9c0f4e0b"), 
    "Active_Status" : true, 
    "If_Deleted" : false, 
    "createdAt" : ISODate("2019-01-04T12:24:39.774+0000"), 
    "updatedAt" : ISODate("2019-01-04T12:24:39.774+0000"), 
    "__v" : NumberInt(0)
},
{ 
    "_id" : ObjectId("5c2f50e89031712dc0d15b85"), 
    "Employee" : ObjectId("5c2f448c6ddaa304f428f8ec"), 
    "Attendance_Date" : ISODate("2018-12-31T18:30:00.000+0000"), 
    "Attendance" : "Present", 
    "Attendance_Status" : "Pending", 
    "Created_By" : ObjectId("5b8a186f69e5c40f9c0f4e0b"), 
    "Last_Modified_By" : ObjectId("5b8a186f69e5c40f9c0f4e0b"), 
    "Active_Status" : true, 
    "If_Deleted" : false, 
    "createdAt" : ISODate("2019-01-04T12:26:16.557+0000"), 
    "updatedAt" : ISODate("2019-01-04T12:26:16.557+0000"), 
    "__v" : NumberInt(0)
}
]
