[
{ 
    "_id" : ObjectId("5bfe2cdfad5a6e138049f0ad"), 
    "Customers" : [
        ObjectId("5bfe2be3ad5a6e138049f0aa")
    ], 
    "EmployeeName" : "Hemkanth", 
    "EmployeeCode" : "Emp-001", 
    "Department" : ObjectId("5bc02d95fca0522ed8256cd4"), 
    "Designation" : ObjectId("5bdc3a24ae74282fac3b46aa"), 
    "DateOfJoining" : "2018-08-31T18:30:00.000Z", 
    "EmployeeRole" : "Permanent", 
    "Working_Location" : "-", 
    "EmployeeFatherName" : "", 
    "DateOfBirth" : "", 
    "BloodGroup" : "", 
    "MaritalStatus" : "Single", 
    "Personal_MobileNo" : "9876543210", 
    "Official_MobileNo" : "", 
    "Emergency_MobileNo" : "8489354893", 
    "Personal_Email" : "", 
    "Official_Email" : "", 
    "Aadhar_No" : "", 
    "PanCard_No" : "", 
    "DrivingLicense_No" : "", 
    "Permanent_Address" : "", 
    "Temporary_Address" : "", 
    "Education_Qualification" : "", 
    "PF_AccountNo" : null, 
    "ESI_AccountNo" : null, 
    "Bank_Name" : null, 
    "Bank_AccountNo" : null, 
    "Bank_AccountType" : null, 
    "Bank_IFSCCode" : null, 
    "Bank_Address" : null, 
    "If_UserManage" : true, 
    "If_PayrollMaster" : true, 
    "Created_By" : ObjectId("5b8a186f69e5c40f9c0f4e0b"), 
    "Last_Modified_By" : ObjectId("5b8a186f69e5c40f9c0f4e0b"), 
    "Active_Status" : true, 
    "If_Deleted" : false, 
    "createdAt" : ISODate("2018-11-28T05:51:27.072+0000"), 
    "updatedAt" : ISODate("2019-01-04T11:04:45.551+0000"), 
    "__v" : NumberInt(0)
},
{ 
    "_id" : ObjectId("5c2f448c6ddaa304f428f8ec"), 
    "Customers" : [
        ObjectId("5bfe2be3ad5a6e138049f0aa")
    ], 
    "EmployeeName" : "MOHAN", 
    "EmployeeCode" : "Emp-002", 
    "Department" : ObjectId("5bc02d95fca0522ed8256cd4"), 
    "Designation" : ObjectId("5bdc3a24ae74282fac3b46aa"), 
    "DateOfJoining" : null, 
    "EmployeeRole" : null, 
    "Working_Location" : null, 
    "EmployeeFatherName" : "", 
    "DateOfBirth" : "", 
    "BloodGroup" : "", 
    "MaritalStatus" : "Single", 
    "Personal_MobileNo" : "9876543210", 
    "Official_MobileNo" : "", 
    "Emergency_MobileNo" : "9876543210", 
    "Personal_Email" : "", 
    "Official_Email" : "", 
    "Aadhar_No" : "", 
    "PanCard_No" : "", 
    "DrivingLicense_No" : "", 
    "Permanent_Address" : "", 
    "Temporary_Address" : "", 
    "Education_Qualification" : "", 
    "PF_AccountNo" : null, 
    "ESI_AccountNo" : null, 
    "Bank_Name" : null, 
    "Bank_AccountNo" : null, 
    "Bank_AccountType" : null, 
    "Bank_IFSCCode" : null, 
    "Bank_Address" : null, 
    "If_UserManage" : false, 
    "If_PayrollMaster" : true, 
    "Created_By" : ObjectId("5b8a186f69e5c40f9c0f4e0b"), 
    "Last_Modified_By" : ObjectId("5b8a186f69e5c40f9c0f4e0b"), 
    "Active_Status" : true, 
    "If_Deleted" : false, 
    "createdAt" : ISODate("2019-01-04T11:33:32.121+0000"), 
    "updatedAt" : ISODate("2019-03-25T10:15:57.356+0000"), 
    "__v" : NumberInt(0)
},
{ 
    "_id" : ObjectId("5c507dd37afa5a399870be9a"), 
    "Customers" : [
        ObjectId("5c6caafec030c01accde60cf"), 
        ObjectId("5c8ce2260301cd0d1cf0117d")
    ], 
    "EmployeeName" : "Employee Name", 
    "EmployeeCode" : "Employee Code", 
    "Department" : ObjectId("5bc02d95fca0522ed8256cd4"), 
    "Designation" : ObjectId("5bdc3a24ae74282fac3b46aa"), 
    "DateOfJoining" : "2016-12-31T18:30:00.000Z", 
    "EmployeeRole" : "Permanent", 
    "Working_Location" : "Working Location", 
    "EmployeeFatherName" : "Father Name", 
    "DateOfBirth" : "1995-07-13T18:30:00.000Z", 
    "BloodGroup" : "Blood Group", 
    "MaritalStatus" : "Single", 
    "Personal_MobileNo" : "9876543210", 
    "Official_MobileNo" : "0123456789", 
    "Emergency_MobileNo" : "9874554789", 
    "Personal_Email" : "test@gmail.com", 
    "Official_Email" : "testofficial@gmail.com", 
    "Aadhar_No" : "123123123", 
    "AadharDocument" : {
        "filename" : "EmpAadhar_1548781494910.pdf", 
        "mimetype" : "application/pdf", 
        "size" : NumberInt(13264)
    }, 
    "PanCard_No" : "321321123", 
    "PanDocument" : {
        "filename" : "EmpPan_1548778963140.pdf", 
        "mimetype" : "application/pdf", 
        "size" : NumberInt(13264)
    }, 
    "DrivingLicense_No" : "112233123", 
    "DrivingDocument" : {
        "filename" : "EmpDriving_1548778963140.pdf", 
        "mimetype" : "application/pdf", 
        "size" : NumberInt(13264)
    }, 
    "Permanent_Address" : "Permanent Address", 
    "Temporary_Address" : "Temporary Address", 
    "Education_Qualification" : "Education Qualification", 
    "PF_AccountNo" : "PF ", 
    "ESI_AccountNo" : "ESI", 
    "Bank_Name" : "Bank Name", 
    "Bank_AccountNo" : "Account Number", 
    "Bank_AccountType" : "Savings", 
    "Bank_IFSCCode" : "IFSC", 
    "Bank_Address" : "Branch Address", 
    "If_UserManage" : true, 
    "If_PayrollMaster" : false, 
    "Created_By" : ObjectId("5b8a186f69e5c40f9c0f4e0b"), 
    "Last_Modified_By" : ObjectId("5b8a186f69e5c40f9c0f4e0b"), 
    "Active_Status" : false, 
    "If_Deleted" : false, 
    "createdAt" : ISODate("2019-01-29T16:22:43.157+0000"), 
    "updatedAt" : ISODate("2019-03-25T10:18:03.084+0000"), 
    "__v" : NumberInt(0)
}
]
