[
{ 
    "_id" : ObjectId("5c98d73caa766934c0fe5af4"), 
    "Employee" : ObjectId("5bfe2cdfad5a6e138049f0ad"), 
    "Total_Expenses" : "500", 
    "Total_Approved_Expenses" : "400", 
    "Total_Paid_Expenses" : "400", 
    "Expenses_Array" : [
        {
            "_id" : ObjectId("5c9e2df725e5cf3664a6b0a6"), 
            "Date" : ISODate("2019-03-25T13:26:03.102+0000"), 
            "Amount" : "100", 
            "Expenses_Type" : ObjectId("5bda86bce751f1311424a2a0"), 
            "Description" : "Lorem ipsum dolor sit amet consectetur adipisicing elit. Atque delectus quia pariatur neque repellendus maiores minus sunt laudantium architecto nobis, doloribus repudiandae accusantium totam. Accusamus magnam quasi eius veritatis distinctio.", 
            "Approved_Amount" : "100", 
            "Paid_Amount" : "100"
        }, 
        {
            "_id" : ObjectId("5c9e2df725e5cf3664a6b0a5"), 
            "Date" : ISODate("2019-03-25T13:26:03.102+0000"), 
            "Amount" : "200", 
            "Expenses_Type" : ObjectId("5bda86bce751f1311424a2a0"), 
            "Description" : "-Lorem ipsum dolor sit amet consectetur adipisicing elit. Atque delectus quia pariatur neque repellendus maiores minus sunt laudantium architecto nobis, doloribus repudiandae accusantium totam. Accusamus magnam quasi eius veritatis distinctio.", 
            "Approved_Amount" : "150", 
            "Paid_Amount" : "150"
        }, 
        {
            "_id" : ObjectId("5c9e2df725e5cf3664a6b0a4"), 
            "Date" : ISODate("2019-03-27T14:58:23.959+0000"), 
            "Amount" : "200", 
            "Expenses_Type" : ObjectId("5bda86bce751f1311424a2a0"), 
            "Description" : "---Lorem ipsum dolor sit amet consectetur adipisicing elit. Atque delectus quia pariatur neque repellendus maiores minus sunt laudantium architecto nobis, doloribus repudiandae accusantium totam. Accusamus magnam quasi eius veritatis distinctio.", 
            "Approved_Amount" : "150", 
            "Paid_Amount" : "150"
        }
    ], 
    "Current_Status" : "Payment Completed", 
    "Stage" : "Stage_8", 
    "Created_By" : ObjectId("5b8a186f69e5c40f9c0f4e0b"), 
    "Last_Modified_By" : ObjectId("5b8a186f69e5c40f9c0f4e0b"), 
    "Active_Status" : true, 
    "If_Deleted" : false, 
    "createdAt" : ISODate("2019-03-25T13:27:24.911+0000"), 
    "updatedAt" : ISODate("2019-04-02T15:59:35.223+0000"), 
    "__v" : NumberInt(7), 
    "Documents" : [
        {
            "filename" : "Document_1553699403814.pdf", 
            "mimetype" : "application/pdf", 
            "size" : NumberInt(13264)
        }, 
        {
            "filename" : "Document_1553699272969.jpg", 
            "mimetype" : "image/jpeg", 
            "size" : NumberInt(26267)
        }, 
        {
            "filename" : "Document_1553699272970.png", 
            "mimetype" : "image/png", 
            "size" : NumberInt(48126)
        }
    ]
},
{ 
    "_id" : ObjectId("5cb4987b7d514225c41850be"), 
    "Documents" : [
        {
            "filename" : "Document_1555339387028.jpg", 
            "mimetype" : "image/jpeg", 
            "size" : NumberInt(1863361)
        }, 
        {
            "filename" : "Document_1555339387043.png", 
            "mimetype" : "image/png", 
            "size" : NumberInt(4895)
        }
    ], 
    "Employee" : ObjectId("5bfe2cdfad5a6e138049f0ad"), 
    "Total_Expenses" : "1000", 
    "Total_Approved_Expenses" : "900", 
    "Total_Paid_Expenses" : "500", 
    "Expenses_Array" : [
        {
            "_id" : ObjectId("5cb498ba7d514225c41850c0"), 
            "Date" : ISODate("2019-04-15T14:42:51.293+0000"), 
            "Amount" : "1000", 
            "Expenses_Type" : ObjectId("5bda86bce751f1311424a2a0"), 
            "Description" : "--", 
            "Approved_Amount" : "900", 
            "Paid_Amount" : "500"
        }
    ], 
    "Current_Status" : "Payment Pending", 
    "Stage" : "Stage_7", 
    "Created_By" : ObjectId("5c2f1203c2eeb130487ca9db"), 
    "Last_Modified_By" : ObjectId("5b8a186f69e5c40f9c0f4e0b"), 
    "Active_Status" : true, 
    "If_Deleted" : false, 
    "createdAt" : ISODate("2019-04-15T14:43:07.055+0000"), 
    "updatedAt" : ISODate("2019-04-15T15:39:07.827+0000"), 
    "__v" : NumberInt(1), 
    "Payment_Remarks" : "Payment Remarks"
}
]
