[
{ 
    "_id" : ObjectId("5b3e0a97499aba34848b5fcf"), 
    "Continent_GeoNameId" : NumberInt(6255152), 
    "Country_GeoNameId" : NumberInt(3371123), 
    "Country_Code" : "BV", 
    "Country_Name" : "Bouvet Island", 
    "Country_Lat" : "-54.43333", 
    "Country_Lng" : "3.4"
},
{ 
    "_id" : ObjectId("5b3e0a97499aba34848b5fd0"), 
    "Continent_GeoNameId" : NumberInt(6255152), 
    "Country_GeoNameId" : NumberInt(1547314), 
    "Country_Code" : "HM", 
    "Country_Name" : "Heard Island and McDonald Islands", 
    "Country_Lat" : "-53.11711", 
    "Country_Lng" : "73.50952"
},
{ 
    "_id" : ObjectId("5b3e0a97499aba34848b5fd1"), 
    "Continent_GeoNameId" : NumberInt(6255152), 
    "Country_GeoNameId" : NumberInt(3474415), 
    "Country_Code" : "GS", 
    "Country_Name" : "South Georgia and South Sandwich Islands", 
    "Country_Lat" : "-56", 
    "Country_Lng" : "-33"
},
{ 
    "_id" : ObjectId("5b3e0a97499aba34848b5fd2"), 
    "Continent_GeoNameId" : NumberInt(6255152), 
    "Country_GeoNameId" : NumberInt(1546748), 
    "Country_Code" : "TF", 
    "Country_Name" : "French Southern Territories", 
    "Country_Lat" : "-43", 
    "Country_Lng" : "67"
},
{ 
    "_id" : ObjectId("5b3e0a97499aba34848b5fd3"), 
    "Continent_GeoNameId" : NumberInt(6255152), 
    "Country_GeoNameId" : NumberInt(6697173), 
    "Country_Code" : "AQ", 
    "Country_Name" : "Antarctica", 
    "Country_Lat" : "-82.67628", 
    "Country_Lng" : "8.78906"
},
{ 
    "_id" : ObjectId("5b3e0ac7499aba34848b5fe0"), 
    "Continent_GeoNameId" : NumberInt(6255151), 
    "Country_GeoNameId" : NumberInt(2077456), 
    "Country_Code" : "AU", 
    "Country_Name" : "Australia", 
    "Country_Lat" : "-25", 
    "Country_Lng" : "135"
},
{ 
    "_id" : ObjectId("5b3e0ac7499aba34848b5fe1"), 
    "Continent_GeoNameId" : NumberInt(6255151), 
    "Country_GeoNameId" : NumberInt(2205218), 
    "Country_Code" : "FJ", 
    "Country_Name" : "Fiji", 
    "Country_Lat" : "-18", 
    "Country_Lng" : "178"
},
{ 
    "_id" : ObjectId("5b3e0ac7499aba34848b5fe2"), 
    "Continent_GeoNameId" : NumberInt(6255151), 
    "Country_GeoNameId" : NumberInt(4030945), 
    "Country_Code" : "KI", 
    "Country_Name" : "Kiribati", 
    "Country_Lat" : "1.421", 
    "Country_Lng" : "172.984"
},
{ 
    "_id" : ObjectId("5b3e0ac7499aba34848b5fe3"), 
    "Continent_GeoNameId" : NumberInt(6255151), 
    "Country_GeoNameId" : NumberInt(2110425), 
    "Country_Code" : "NR", 
    "Country_Name" : "Nauru", 
    "Country_Lat" : "-0.517", 
    "Country_Lng" : "166.933"
},
{ 
    "_id" : ObjectId("5b3e0ac7499aba34848b5fe4"), 
    "Continent_GeoNameId" : NumberInt(6255151), 
    "Country_GeoNameId" : NumberInt(2186224), 
    "Country_Code" : "NZ", 
    "Country_Name" : "New Zealand", 
    "Country_Lat" : "-42", 
    "Country_Lng" : "174"
},
{ 
    "_id" : ObjectId("5b3e0ac7499aba34848b5fe5"), 
    "Continent_GeoNameId" : NumberInt(6255151), 
    "Country_GeoNameId" : NumberInt(2088628), 
    "Country_Code" : "PG", 
    "Country_Name" : "Papua New Guinea", 
    "Country_Lat" : "-6", 
    "Country_Lng" : "147"
},
{ 
    "_id" : ObjectId("5b3e0ac7499aba34848b5fe6"), 
    "Continent_GeoNameId" : NumberInt(6255151), 
    "Country_GeoNameId" : NumberInt(4034894), 
    "Country_Code" : "WS", 
    "Country_Name" : "Samoa", 
    "Country_Lat" : "-13.8", 
    "Country_Lng" : "-172.13333"
},
{ 
    "_id" : ObjectId("5b3e0ac7499aba34848b5fe7"), 
    "Continent_GeoNameId" : NumberInt(6255151), 
    "Country_GeoNameId" : NumberInt(2103350), 
    "Country_Code" : "SB", 
    "Country_Name" : "Solomon Islands", 
    "Country_Lat" : "-8", 
    "Country_Lng" : "159"
},
{ 
    "_id" : ObjectId("5b3e0ac7499aba34848b5fe8"), 
    "Continent_GeoNameId" : NumberInt(6255151), 
    "Country_GeoNameId" : NumberInt(1966436), 
    "Country_Code" : "TL", 
    "Country_Name" : "Timor-Leste", 
    "Country_Lat" : "-8.83333", 
    "Country_Lng" : "125.75"
},
{ 
    "_id" : ObjectId("5b3e0ac7499aba34848b5fe9"), 
    "Continent_GeoNameId" : NumberInt(6255151), 
    "Country_GeoNameId" : NumberInt(4032283), 
    "Country_Code" : "TO", 
    "Country_Name" : "Tonga", 
    "Country_Lat" : "-20", 
    "Country_Lng" : "-175"
},
{ 
    "_id" : ObjectId("5b3e0ac7499aba34848b5fea"), 
    "Continent_GeoNameId" : NumberInt(6255151), 
    "Country_GeoNameId" : NumberInt(2110297), 
    "Country_Code" : "TV", 
    "Country_Name" : "Tuvalu", 
    "Country_Lat" : "-8.51719", 
    "Country_Lng" : "179.14478"
},
{ 
    "_id" : ObjectId("5b3e0ac7499aba34848b5feb"), 
    "Continent_GeoNameId" : NumberInt(6255151), 
    "Country_GeoNameId" : NumberInt(2134431), 
    "Country_Code" : "VU", 
    "Country_Name" : "Vanuatu", 
    "Country_Lat" : "-16", 
    "Country_Lng" : "167"
},
{ 
    "_id" : ObjectId("5b3e0ac7499aba34848b5fec"), 
    "Continent_GeoNameId" : NumberInt(6255151), 
    "Country_GeoNameId" : NumberInt(2078138), 
    "Country_Code" : "CX", 
    "Country_Name" : "Christmas Island", 
    "Country_Lat" : "-10.5", 
    "Country_Lng" : "105.66667"
},
{ 
    "_id" : ObjectId("5b3e0ac7499aba34848b5fed"), 
    "Continent_GeoNameId" : NumberInt(6255151), 
    "Country_GeoNameId" : NumberInt(4030656), 
    "Country_Code" : "PF", 
    "Country_Name" : "French Polynesia", 
    "Country_Lat" : "-15", 
    "Country_Lng" : "-140"
},
{ 
    "_id" : ObjectId("5b3e0ac7499aba34848b5fee"), 
    "Continent_GeoNameId" : NumberInt(6255151), 
    "Country_GeoNameId" : NumberInt(4043988), 
    "Country_Code" : "GU", 
    "Country_Name" : "Guam", 
    "Country_Lat" : "13.47861", 
    "Country_Lng" : "144.81834"
},
{ 
    "_id" : ObjectId("5b3e0ac7499aba34848b5fef"), 
    "Continent_GeoNameId" : NumberInt(6255151), 
    "Country_GeoNameId" : NumberInt(2139685), 
    "Country_Code" : "NC", 
    "Country_Name" : "New Caledonia", 
    "Country_Lat" : "-21.5", 
    "Country_Lng" : "165.5"
},
{ 
    "_id" : ObjectId("5b3e0ac7499aba34848b5ff0"), 
    "Continent_GeoNameId" : NumberInt(6255151), 
    "Country_GeoNameId" : NumberInt(2155115), 
    "Country_Code" : "NF", 
    "Country_Name" : "Norfolk Island", 
    "Country_Lat" : "-29.03333", 
    "Country_Lng" : "167.95"
},
{ 
    "_id" : ObjectId("5b3e0ac7499aba34848b5ff1"), 
    "Continent_GeoNameId" : NumberInt(6255151), 
    "Country_GeoNameId" : NumberInt(4041468), 
    "Country_Code" : "MP", 
    "Country_Name" : "Northern Mariana Islands", 
    "Country_Lat" : "15.214", 
    "Country_Lng" : "145.756"
},
{ 
    "_id" : ObjectId("5b3e0ac7499aba34848b5ff2"), 
    "Continent_GeoNameId" : NumberInt(6255151), 
    "Country_GeoNameId" : NumberInt(4030699), 
    "Country_Code" : "PN", 
    "Country_Name" : "Pitcairn Islands", 
    "Country_Lat" : "-25.06667", 
    "Country_Lng" : "-130.1"
},
{ 
    "_id" : ObjectId("5b3e0ac7499aba34848b5ff3"), 
    "Continent_GeoNameId" : NumberInt(6255151), 
    "Country_GeoNameId" : NumberInt(4031074), 
    "Country_Code" : "TK", 
    "Country_Name" : "Tokelau", 
    "Country_Lat" : "-9.167", 
    "Country_Lng" : "-171.83"
},
{ 
    "_id" : ObjectId("5b3e0ac7499aba34848b5ff4"), 
    "Continent_GeoNameId" : NumberInt(6255151), 
    "Country_GeoNameId" : NumberInt(5854968), 
    "Country_Code" : "UM", 
    "Country_Name" : "U.S. Minor Outlying Islands", 
    "Country_Lat" : "5.875", 
    "Country_Lng" : "-162.057"
},
{ 
    "_id" : ObjectId("5b3e0ac7499aba34848b5ff5"), 
    "Continent_GeoNameId" : NumberInt(6255151), 
    "Country_GeoNameId" : NumberInt(4034749), 
    "Country_Code" : "WF", 
    "Country_Name" : "Wallis and Futuna", 
    "Country_Lat" : "-13.3", 
    "Country_Lng" : "-176.2"
},
{ 
    "_id" : ObjectId("5b3e0ac7499aba34848b5ff6"), 
    "Continent_GeoNameId" : NumberInt(6255151), 
    "Country_GeoNameId" : NumberInt(2080185), 
    "Country_Code" : "MH", 
    "Country_Name" : "Marshall Islands", 
    "Country_Lat" : "7.113", 
    "Country_Lng" : "171.236"
},
{ 
    "_id" : ObjectId("5b3e0ac7499aba34848b5ff7"), 
    "Continent_GeoNameId" : NumberInt(6255151), 
    "Country_GeoNameId" : NumberInt(2081918), 
    "Country_Code" : "FM", 
    "Country_Name" : "Micronesia", 
    "Country_Lat" : "6.924", 
    "Country_Lng" : "158.162"
},
{ 
    "_id" : ObjectId("5b3e0ac7499aba34848b5ff8"), 
    "Continent_GeoNameId" : NumberInt(6255151), 
    "Country_GeoNameId" : NumberInt(1559582), 
    "Country_Code" : "PW", 
    "Country_Name" : "Palau", 
    "Country_Lat" : "7.503", 
    "Country_Lng" : "134.621"
},
{ 
    "_id" : ObjectId("5b3e0ac7499aba34848b5ff9"), 
    "Continent_GeoNameId" : NumberInt(6255151), 
    "Country_GeoNameId" : NumberInt(1899402), 
    "Country_Code" : "CK", 
    "Country_Name" : "Cook Islands", 
    "Country_Lat" : "-21.24842", 
    "Country_Lng" : "-159.78516"
},
{ 
    "_id" : ObjectId("5b3e0ac7499aba34848b5ffa"), 
    "Continent_GeoNameId" : NumberInt(6255151), 
    "Country_GeoNameId" : NumberInt(4036232), 
    "Country_Code" : "NU", 
    "Country_Name" : "Niue", 
    "Country_Lat" : "-19.03333", 
    "Country_Lng" : "-169.86667"
},
{ 
    "_id" : ObjectId("5b3e0ac7499aba34848b5ffb"), 
    "Continent_GeoNameId" : NumberInt(6255151), 
    "Country_GeoNameId" : NumberInt(5880801), 
    "Country_Code" : "AS", 
    "Country_Name" : "American Samoa", 
    "Country_Lat" : "-14.23377", 
    "Country_Lng" : "-169.47767"
},
{ 
    "_id" : ObjectId("5b3e0ac7499aba34848b5ffc"), 
    "Continent_GeoNameId" : NumberInt(6255151), 
    "Country_GeoNameId" : NumberInt(2170371), 
    "Country_Code" : "AU", 
    "Country_Name" : "Coral Sea Islands Territory", 
    "Country_Lat" : "-17.5", 
    "Country_Lng" : "151"
},
{ 
    "_id" : ObjectId("5b3e0ac7499aba34848b5ffd"), 
    "Continent_GeoNameId" : NumberInt(6255151), 
    "Country_GeoNameId" : NumberInt(8335033), 
    "Country_Code" : "AU", 
    "Country_Name" : "Jervis Bay Territory", 
    "Country_Lat" : "-35.14441", 
    "Country_Lng" : "150.72041"
},
{ 
    "_id" : ObjectId("5b3e0ac7499aba34848b5ffe"), 
    "Continent_GeoNameId" : NumberInt(6255151), 
    "Country_GeoNameId" : NumberInt(2077507), 
    "Country_Code" : "AU", 
    "Country_Name" : "Territory of Ashmore and Cartier Islands", 
    "Country_Lat" : "-12.41667", 
    "Country_Lng" : "123.33333"
},
{ 
    "_id" : ObjectId("5b3e0bb7499aba34848b6b51"), 
    "Continent_GeoNameId" : NumberInt(6255150), 
    "Country_GeoNameId" : NumberInt(3865483), 
    "Country_Code" : "AR", 
    "Country_Name" : "Argentina", 
    "Country_Lat" : "-34", 
    "Country_Lng" : "-64"
},
{ 
    "_id" : ObjectId("5b3e0bb7499aba34848b6b52"), 
    "Continent_GeoNameId" : NumberInt(6255150), 
    "Country_GeoNameId" : NumberInt(3923057), 
    "Country_Code" : "BO", 
    "Country_Name" : "Bolivia", 
    "Country_Lat" : "-17", 
    "Country_Lng" : "-65"
},
{ 
    "_id" : ObjectId("5b3e0bb7499aba34848b6b53"), 
    "Continent_GeoNameId" : NumberInt(6255150), 
    "Country_GeoNameId" : NumberInt(3469034), 
    "Country_Code" : "BR", 
    "Country_Name" : "Brazil", 
    "Country_Lat" : "-10", 
    "Country_Lng" : "-55"
},
{ 
    "_id" : ObjectId("5b3e0bb7499aba34848b6b54"), 
    "Continent_GeoNameId" : NumberInt(6255150), 
    "Country_GeoNameId" : NumberInt(3895114), 
    "Country_Code" : "CL", 
    "Country_Name" : "Chile", 
    "Country_Lat" : "-30", 
    "Country_Lng" : "-71"
},
{ 
    "_id" : ObjectId("5b3e0bb7499aba34848b6b55"), 
    "Continent_GeoNameId" : NumberInt(6255150), 
    "Country_GeoNameId" : NumberInt(3686110), 
    "Country_Code" : "CO", 
    "Country_Name" : "Colombia", 
    "Country_Lat" : "4", 
    "Country_Lng" : "-73.25"
},
{ 
    "_id" : ObjectId("5b3e0bb7499aba34848b6b56"), 
    "Continent_GeoNameId" : NumberInt(6255150), 
    "Country_GeoNameId" : NumberInt(3658394), 
    "Country_Code" : "EC", 
    "Country_Name" : "Ecuador", 
    "Country_Lat" : "-1.25", 
    "Country_Lng" : "-78.25"
},
{ 
    "_id" : ObjectId("5b3e0bb7499aba34848b6b57"), 
    "Continent_GeoNameId" : NumberInt(6255150), 
    "Country_GeoNameId" : NumberInt(3378535), 
    "Country_Code" : "GY", 
    "Country_Name" : "Guyana", 
    "Country_Lat" : "5", 
    "Country_Lng" : "-59"
},
{ 
    "_id" : ObjectId("5b3e0bb7499aba34848b6b58"), 
    "Continent_GeoNameId" : NumberInt(6255150), 
    "Country_GeoNameId" : NumberInt(3437598), 
    "Country_Code" : "PY", 
    "Country_Name" : "Paraguay", 
    "Country_Lat" : "-23.33333", 
    "Country_Lng" : "-58"
},
{ 
    "_id" : ObjectId("5b3e0bb7499aba34848b6b59"), 
    "Continent_GeoNameId" : NumberInt(6255150), 
    "Country_GeoNameId" : NumberInt(3932488), 
    "Country_Code" : "PE", 
    "Country_Name" : "Peru", 
    "Country_Lat" : "-10", 
    "Country_Lng" : "-75.25"
},
{ 
    "_id" : ObjectId("5b3e0bb7499aba34848b6b5a"), 
    "Continent_GeoNameId" : NumberInt(6255150), 
    "Country_GeoNameId" : NumberInt(3382998), 
    "Country_Code" : "SR", 
    "Country_Name" : "Suriname", 
    "Country_Lat" : "4", 
    "Country_Lng" : "-56"
},
{ 
    "_id" : ObjectId("5b3e0bb7499aba34848b6b5b"), 
    "Continent_GeoNameId" : NumberInt(6255150), 
    "Country_GeoNameId" : NumberInt(3439705), 
    "Country_Code" : "UY", 
    "Country_Name" : "Uruguay", 
    "Country_Lat" : "-33", 
    "Country_Lng" : "-56"
},
{ 
    "_id" : ObjectId("5b3e0bb7499aba34848b6b5c"), 
    "Continent_GeoNameId" : NumberInt(6255150), 
    "Country_GeoNameId" : NumberInt(3625428), 
    "Country_Code" : "VE", 
    "Country_Name" : "Venezuela", 
    "Country_Lat" : "8", 
    "Country_Lng" : "-66"
},
{ 
    "_id" : ObjectId("5b3e0bb7499aba34848b6b5d"), 
    "Continent_GeoNameId" : NumberInt(6255150), 
    "Country_GeoNameId" : NumberInt(3474414), 
    "Country_Code" : "FK", 
    "Country_Name" : "Falkland Islands", 
    "Country_Lat" : "-51.75", 
    "Country_Lng" : "-59.16667"
},
{ 
    "_id" : ObjectId("5b3e0bb7499aba34848b6b5e"), 
    "Continent_GeoNameId" : NumberInt(6255150), 
    "Country_GeoNameId" : NumberInt(3381670), 
    "Country_Code" : "GF", 
    "Country_Name" : "French Guiana", 
    "Country_Lat" : "4", 
    "Country_Lng" : "-53"
},
{ 
    "_id" : ObjectId("5b3e0c5c499aba34848b8958"), 
    "Continent_GeoNameId" : NumberInt(6255149), 
    "Country_GeoNameId" : NumberInt(3576396), 
    "Country_Code" : "AG", 
    "Country_Name" : "Antigua and Barbuda", 
    "Country_Lat" : "17.05", 
    "Country_Lng" : "-61.8"
},
{ 
    "_id" : ObjectId("5b3e0c5c499aba34848b8959"), 
    "Continent_GeoNameId" : NumberInt(6255149), 
    "Country_GeoNameId" : NumberInt(3572887), 
    "Country_Code" : "BS", 
    "Country_Name" : "Bahamas", 
    "Country_Lat" : "25.04082", 
    "Country_Lng" : "-77.37122"
},
{ 
    "_id" : ObjectId("5b3e0c5c499aba34848b895a"), 
    "Continent_GeoNameId" : NumberInt(6255149), 
    "Country_GeoNameId" : NumberInt(3374084), 
    "Country_Code" : "BB", 
    "Country_Name" : "Barbados", 
    "Country_Lat" : "13.16453", 
    "Country_Lng" : "-59.55165"
},
{ 
    "_id" : ObjectId("5b3e0c5c499aba34848b895b"), 
    "Continent_GeoNameId" : NumberInt(6255149), 
    "Country_GeoNameId" : NumberInt(3582678), 
    "Country_Code" : "BZ", 
    "Country_Name" : "Belize", 
    "Country_Lat" : "17.25", 
    "Country_Lng" : "-88.75"
},
{ 
    "_id" : ObjectId("5b3e0c5c499aba34848b895c"), 
    "Continent_GeoNameId" : NumberInt(6255149), 
    "Country_GeoNameId" : NumberInt(6251999), 
    "Country_Code" : "CA", 
    "Country_Name" : "Canada", 
    "Country_Lat" : "60.10867", 
    "Country_Lng" : "-113.64258"
},
{ 
    "_id" : ObjectId("5b3e0c5c499aba34848b895d"), 
    "Continent_GeoNameId" : NumberInt(6255149), 
    "Country_GeoNameId" : NumberInt(3624060), 
    "Country_Code" : "CR", 
    "Country_Name" : "Costa Rica", 
    "Country_Lat" : "10", 
    "Country_Lng" : "-84"
},
{ 
    "_id" : ObjectId("5b3e0c5c499aba34848b895e"), 
    "Continent_GeoNameId" : NumberInt(6255149), 
    "Country_GeoNameId" : NumberInt(3562981), 
    "Country_Code" : "CU", 
    "Country_Name" : "Cuba", 
    "Country_Lat" : "22", 
    "Country_Lng" : "-79.5"
},
{ 
    "_id" : ObjectId("5b3e0c5c499aba34848b895f"), 
    "Continent_GeoNameId" : NumberInt(6255149), 
    "Country_GeoNameId" : NumberInt(3575830), 
    "Country_Code" : "DM", 
    "Country_Name" : "Dominica", 
    "Country_Lat" : "15.5", 
    "Country_Lng" : "-61.33333"
},
{ 
    "_id" : ObjectId("5b3e0c5c499aba34848b8960"), 
    "Continent_GeoNameId" : NumberInt(6255149), 
    "Country_GeoNameId" : NumberInt(3508796), 
    "Country_Code" : "DO", 
    "Country_Name" : "Dominican Republic", 
    "Country_Lat" : "19", 
    "Country_Lng" : "-70.66667"
},
{ 
    "_id" : ObjectId("5b3e0c5c499aba34848b8961"), 
    "Continent_GeoNameId" : NumberInt(6255149), 
    "Country_GeoNameId" : NumberInt(3585968), 
    "Country_Code" : "SV", 
    "Country_Name" : "El Salvador", 
    "Country_Lat" : "13.83333", 
    "Country_Lng" : "-88.91667"
},
{ 
    "_id" : ObjectId("5b3e0c5c499aba34848b8962"), 
    "Continent_GeoNameId" : NumberInt(6255149), 
    "Country_GeoNameId" : NumberInt(3580239), 
    "Country_Code" : "GD", 
    "Country_Name" : "Grenada", 
    "Country_Lat" : "12.11667", 
    "Country_Lng" : "-61.66667"
},
{ 
    "_id" : ObjectId("5b3e0c5c499aba34848b8963"), 
    "Continent_GeoNameId" : NumberInt(6255149), 
    "Country_GeoNameId" : NumberInt(3595528), 
    "Country_Code" : "GT", 
    "Country_Name" : "Guatemala", 
    "Country_Lat" : "15.5", 
    "Country_Lng" : "-90.25"
},
{ 
    "_id" : ObjectId("5b3e0c5c499aba34848b8964"), 
    "Continent_GeoNameId" : NumberInt(6255149), 
    "Country_GeoNameId" : NumberInt(3723988), 
    "Country_Code" : "HT", 
    "Country_Name" : "Haiti", 
    "Country_Lat" : "19", 
    "Country_Lng" : "-72.41667"
},
{ 
    "_id" : ObjectId("5b3e0c5c499aba34848b8965"), 
    "Continent_GeoNameId" : NumberInt(6255149), 
    "Country_GeoNameId" : NumberInt(3608932), 
    "Country_Code" : "HN", 
    "Country_Name" : "Honduras", 
    "Country_Lat" : "15", 
    "Country_Lng" : "-86.5"
},
{ 
    "_id" : ObjectId("5b3e0c5c499aba34848b8966"), 
    "Continent_GeoNameId" : NumberInt(6255149), 
    "Country_GeoNameId" : NumberInt(3489940), 
    "Country_Code" : "JM", 
    "Country_Name" : "Jamaica", 
    "Country_Lat" : "18.16667", 
    "Country_Lng" : "-77.25"
},
{ 
    "_id" : ObjectId("5b3e0c5c499aba34848b8967"), 
    "Continent_GeoNameId" : NumberInt(6255149), 
    "Country_GeoNameId" : NumberInt(3996063), 
    "Country_Code" : "MX", 
    "Country_Name" : "Mexico", 
    "Country_Lat" : "23", 
    "Country_Lng" : "-102"
},
{ 
    "_id" : ObjectId("5b3e0c5c499aba34848b8968"), 
    "Continent_GeoNameId" : NumberInt(6255149), 
    "Country_GeoNameId" : NumberInt(3617476), 
    "Country_Code" : "NI", 
    "Country_Name" : "Nicaragua", 
    "Country_Lat" : "13", 
    "Country_Lng" : "-85"
},
{ 
    "_id" : ObjectId("5b3e0c5c499aba34848b8969"), 
    "Continent_GeoNameId" : NumberInt(6255149), 
    "Country_GeoNameId" : NumberInt(3703430), 
    "Country_Code" : "PA", 
    "Country_Name" : "Panama", 
    "Country_Lat" : "9", 
    "Country_Lng" : "-80"
},
{ 
    "_id" : ObjectId("5b3e0c5c499aba34848b896a"), 
    "Continent_GeoNameId" : NumberInt(6255149), 
    "Country_GeoNameId" : NumberInt(3576468), 
    "Country_Code" : "LC", 
    "Country_Name" : "Saint Lucia", 
    "Country_Lat" : "13.88333", 
    "Country_Lng" : "-60.96667"
},
{ 
    "_id" : ObjectId("5b3e0c5c499aba34848b896b"), 
    "Continent_GeoNameId" : NumberInt(6255149), 
    "Country_GeoNameId" : NumberInt(3575174), 
    "Country_Code" : "KN", 
    "Country_Name" : "St Kitts and Nevis", 
    "Country_Lat" : "17.33333", 
    "Country_Lng" : "-62.75"
},
{ 
    "_id" : ObjectId("5b3e0c5c499aba34848b896c"), 
    "Continent_GeoNameId" : NumberInt(6255149), 
    "Country_GeoNameId" : NumberInt(3577815), 
    "Country_Code" : "VC", 
    "Country_Name" : "St Vincent and Grenadines", 
    "Country_Lat" : "13.08333", 
    "Country_Lng" : "-61.2"
},
{ 
    "_id" : ObjectId("5b3e0c5c499aba34848b896d"), 
    "Continent_GeoNameId" : NumberInt(6255149), 
    "Country_GeoNameId" : NumberInt(3573591), 
    "Country_Code" : "TT", 
    "Country_Name" : "Trinidad and Tobago", 
    "Country_Lat" : "11", 
    "Country_Lng" : "-61"
},
{ 
    "_id" : ObjectId("5b3e0c5c499aba34848b896e"), 
    "Continent_GeoNameId" : NumberInt(6255149), 
    "Country_GeoNameId" : NumberInt(6252001), 
    "Country_Code" : "US", 
    "Country_Name" : "United States", 
    "Country_Lat" : "39.76", 
    "Country_Lng" : "-98.5"
},
{ 
    "_id" : ObjectId("5b3e0c5c499aba34848b896f"), 
    "Continent_GeoNameId" : NumberInt(6255149), 
    "Country_GeoNameId" : NumberInt(3573511), 
    "Country_Code" : "AI", 
    "Country_Name" : "Anguilla", 
    "Country_Lat" : "18.21667", 
    "Country_Lng" : "-63.05"
},
{ 
    "_id" : ObjectId("5b3e0c5c499aba34848b8970"), 
    "Continent_GeoNameId" : NumberInt(6255149), 
    "Country_GeoNameId" : NumberInt(3573345), 
    "Country_Code" : "BM", 
    "Country_Name" : "Bermuda", 
    "Country_Lat" : "32.33022", 
    "Country_Lng" : "-64.74003"
},
{ 
    "_id" : ObjectId("5b3e0c5c499aba34848b8971"), 
    "Continent_GeoNameId" : NumberInt(6255149), 
    "Country_GeoNameId" : NumberInt(3577718), 
    "Country_Code" : "VG", 
    "Country_Name" : "British Virgin Islands", 
    "Country_Lat" : "18.5", 
    "Country_Lng" : "-64.5"
},
{ 
    "_id" : ObjectId("5b3e0c5c499aba34848b8972"), 
    "Continent_GeoNameId" : NumberInt(6255149), 
    "Country_GeoNameId" : NumberInt(3580718), 
    "Country_Code" : "KY", 
    "Country_Name" : "Cayman Islands", 
    "Country_Lat" : "19.5", 
    "Country_Lng" : "-80.66667"
},
{ 
    "_id" : ObjectId("5b3e0c5c499aba34848b8973"), 
    "Continent_GeoNameId" : NumberInt(6255149), 
    "Country_GeoNameId" : NumberInt(3425505), 
    "Country_Code" : "GL", 
    "Country_Name" : "Greenland", 
    "Country_Lat" : "72", 
    "Country_Lng" : "-40"
},
{ 
    "_id" : ObjectId("5b3e0c5c499aba34848b8974"), 
    "Continent_GeoNameId" : NumberInt(6255149), 
    "Country_GeoNameId" : NumberInt(3579143), 
    "Country_Code" : "GP", 
    "Country_Name" : "Guadeloupe", 
    "Country_Lat" : "16.25", 
    "Country_Lng" : "-61.58333"
},
{ 
    "_id" : ObjectId("5b3e0c5c499aba34848b8975"), 
    "Continent_GeoNameId" : NumberInt(6255149), 
    "Country_GeoNameId" : NumberInt(3570311), 
    "Country_Code" : "MQ", 
    "Country_Name" : "Martinique", 
    "Country_Lat" : "14.66667", 
    "Country_Lng" : "-61"
},
{ 
    "_id" : ObjectId("5b3e0c5c499aba34848b8976"), 
    "Continent_GeoNameId" : NumberInt(6255149), 
    "Country_GeoNameId" : NumberInt(3578097), 
    "Country_Code" : "MS", 
    "Country_Name" : "Montserrat", 
    "Country_Lat" : "16.75", 
    "Country_Lng" : "-62.2"
},
{ 
    "_id" : ObjectId("5b3e0c5c499aba34848b8977"), 
    "Continent_GeoNameId" : NumberInt(6255149), 
    "Country_GeoNameId" : NumberInt(4566966), 
    "Country_Code" : "PR", 
    "Country_Name" : "Puerto Rico", 
    "Country_Lat" : "18.24829", 
    "Country_Lng" : "-66.49989"
},
{ 
    "_id" : ObjectId("5b3e0c5c499aba34848b8978"), 
    "Continent_GeoNameId" : NumberInt(6255149), 
    "Country_GeoNameId" : NumberInt(3424932), 
    "Country_Code" : "PM", 
    "Country_Name" : "Saint Pierre and Miquelon", 
    "Country_Lat" : "46.83333", 
    "Country_Lng" : "-56.33333"
},
{ 
    "_id" : ObjectId("5b3e0c5c499aba34848b8979"), 
    "Continent_GeoNameId" : NumberInt(6255149), 
    "Country_GeoNameId" : NumberInt(3576916), 
    "Country_Code" : "TC", 
    "Country_Name" : "Turks and Caicos Islands", 
    "Country_Lat" : "21.73333", 
    "Country_Lng" : "-71.58333"
},
{ 
    "_id" : ObjectId("5b3e0c5c499aba34848b897a"), 
    "Continent_GeoNameId" : NumberInt(6255149), 
    "Country_GeoNameId" : NumberInt(4796775), 
    "Country_Code" : "VI", 
    "Country_Name" : "U.S. Virgin Islands", 
    "Country_Lat" : "18.34829", 
    "Country_Lng" : "-64.98348"
},
{ 
    "_id" : ObjectId("5b3e0c5c499aba34848b897b"), 
    "Continent_GeoNameId" : NumberInt(6255149), 
    "Country_GeoNameId" : NumberInt(3577279), 
    "Country_Code" : "AW", 
    "Country_Name" : "Aruba", 
    "Country_Lat" : "12.5", 
    "Country_Lng" : "-69.96667"
},
{ 
    "_id" : ObjectId("5b3e0c5c499aba34848b897c"), 
    "Continent_GeoNameId" : NumberInt(6255149), 
    "Country_GeoNameId" : NumberInt(7626844), 
    "Country_Code" : "BQ", 
    "Country_Name" : "Bonaire, Sint Eustatius, and Saba", 
    "Country_Lat" : "12.21286", 
    "Country_Lng" : "-68.29445"
},
{ 
    "_id" : ObjectId("5b3e0c5c499aba34848b897d"), 
    "Continent_GeoNameId" : NumberInt(6255149), 
    "Country_GeoNameId" : NumberInt(7626836), 
    "Country_Code" : "CW", 
    "Country_Name" : "Curaçao", 
    "Country_Lat" : "12.16667", 
    "Country_Lng" : "-68.96667"
},
{ 
    "_id" : ObjectId("5b3e0c5c499aba34848b897e"), 
    "Continent_GeoNameId" : NumberInt(6255149), 
    "Country_GeoNameId" : NumberInt(3578476), 
    "Country_Code" : "BL", 
    "Country_Name" : "Saint Barthélemy", 
    "Country_Lat" : "17.9", 
    "Country_Lng" : "-62.8257"
},
{ 
    "_id" : ObjectId("5b3e0c5c499aba34848b897f"), 
    "Continent_GeoNameId" : NumberInt(6255149), 
    "Country_GeoNameId" : NumberInt(3578421), 
    "Country_Code" : "MF", 
    "Country_Name" : "Saint Martin", 
    "Country_Lat" : "18.06667", 
    "Country_Lng" : "-63.06667"
},
{ 
    "_id" : ObjectId("5b3e0c5c499aba34848b8980"), 
    "Continent_GeoNameId" : NumberInt(6255149), 
    "Country_GeoNameId" : NumberInt(7609695), 
    "Country_Code" : "SX", 
    "Country_Name" : "Sint Maarten", 
    "Country_Lat" : "18.04167", 
    "Country_Lng" : "-63.06667"
},
{ 
    "_id" : ObjectId("5b3efc7b9bffc60b64517bd4"), 
    "Continent_GeoNameId" : NumberInt(6255148), 
    "Country_GeoNameId" : NumberInt(783754), 
    "Country_Code" : "AL", 
    "Country_Name" : "Albania", 
    "Country_Lat" : "41", 
    "Country_Lng" : "20"
},
{ 
    "_id" : ObjectId("5b3efc7b9bffc60b64517bd5"), 
    "Continent_GeoNameId" : NumberInt(6255148), 
    "Country_GeoNameId" : NumberInt(3041565), 
    "Country_Code" : "AD", 
    "Country_Name" : "Andorra", 
    "Country_Lat" : "42.55", 
    "Country_Lng" : "1.58333"
},
{ 
    "_id" : ObjectId("5b3efc7b9bffc60b64517bd6"), 
    "Continent_GeoNameId" : NumberInt(6255148), 
    "Country_GeoNameId" : NumberInt(2782113), 
    "Country_Code" : "AT", 
    "Country_Name" : "Austria", 
    "Country_Lat" : "47.33333", 
    "Country_Lng" : "13.33333"
},
{ 
    "_id" : ObjectId("5b3efc7b9bffc60b64517bd7"), 
    "Continent_GeoNameId" : NumberInt(6255148), 
    "Country_GeoNameId" : NumberInt(630336), 
    "Country_Code" : "BY", 
    "Country_Name" : "Belarus", 
    "Country_Lat" : "53", 
    "Country_Lng" : "28"
},
{ 
    "_id" : ObjectId("5b3efc7b9bffc60b64517bd8"), 
    "Continent_GeoNameId" : NumberInt(6255148), 
    "Country_GeoNameId" : NumberInt(2802361), 
    "Country_Code" : "BE", 
    "Country_Name" : "Belgium", 
    "Country_Lat" : "50.75", 
    "Country_Lng" : "4.5"
},
{ 
    "_id" : ObjectId("5b3efc7b9bffc60b64517bd9"), 
    "Continent_GeoNameId" : NumberInt(6255148), 
    "Country_GeoNameId" : NumberInt(3277605), 
    "Country_Code" : "BA", 
    "Country_Name" : "Bosnia and Herzegovina", 
    "Country_Lat" : "44.25", 
    "Country_Lng" : "17.83333"
},
{ 
    "_id" : ObjectId("5b3efc7b9bffc60b64517bda"), 
    "Continent_GeoNameId" : NumberInt(6255148), 
    "Country_GeoNameId" : NumberInt(732800), 
    "Country_Code" : "BG", 
    "Country_Name" : "Bulgaria", 
    "Country_Lat" : "42.66667", 
    "Country_Lng" : "25.25"
},
{ 
    "_id" : ObjectId("5b3efc7b9bffc60b64517bdb"), 
    "Continent_GeoNameId" : NumberInt(6255148), 
    "Country_GeoNameId" : NumberInt(3202326), 
    "Country_Code" : "HR", 
    "Country_Name" : "Croatia", 
    "Country_Lat" : "45.16667", 
    "Country_Lng" : "15.5"
},
{ 
    "_id" : ObjectId("5b3efc7b9bffc60b64517bdc"), 
    "Continent_GeoNameId" : NumberInt(6255148), 
    "Country_GeoNameId" : NumberInt(146669), 
    "Country_Code" : "CY", 
    "Country_Name" : "Cyprus", 
    "Country_Lat" : "35", 
    "Country_Lng" : "33"
},
{ 
    "_id" : ObjectId("5b3efc7b9bffc60b64517bdd"), 
    "Continent_GeoNameId" : NumberInt(6255148), 
    "Country_GeoNameId" : NumberInt(3077311), 
    "Country_Code" : "CZ", 
    "Country_Name" : "Czechia", 
    "Country_Lat" : "49.75", 
    "Country_Lng" : "15"
},
{ 
    "_id" : ObjectId("5b3efc7b9bffc60b64517bde"), 
    "Continent_GeoNameId" : NumberInt(6255148), 
    "Country_GeoNameId" : NumberInt(2623032), 
    "Country_Code" : "DK", 
    "Country_Name" : "Denmark", 
    "Country_Lat" : "56", 
    "Country_Lng" : "10"
},
{ 
    "_id" : ObjectId("5b3efc7b9bffc60b64517bdf"), 
    "Continent_GeoNameId" : NumberInt(6255148), 
    "Country_GeoNameId" : NumberInt(453733), 
    "Country_Code" : "EE", 
    "Country_Name" : "Estonia", 
    "Country_Lat" : "59", 
    "Country_Lng" : "26"
},
{ 
    "_id" : ObjectId("5b3efc7b9bffc60b64517be0"), 
    "Continent_GeoNameId" : NumberInt(6255148), 
    "Country_GeoNameId" : NumberInt(660013), 
    "Country_Code" : "FI", 
    "Country_Name" : "Finland", 
    "Country_Lat" : "64", 
    "Country_Lng" : "26"
},
{ 
    "_id" : ObjectId("5b3efc7b9bffc60b64517be1"), 
    "Continent_GeoNameId" : NumberInt(6255148), 
    "Country_GeoNameId" : NumberInt(3017382), 
    "Country_Code" : "FR", 
    "Country_Name" : "France", 
    "Country_Lat" : "46", 
    "Country_Lng" : "2"
},
{ 
    "_id" : ObjectId("5b3efc7b9bffc60b64517be2"), 
    "Continent_GeoNameId" : NumberInt(6255148), 
    "Country_GeoNameId" : NumberInt(2921044), 
    "Country_Code" : "DE", 
    "Country_Name" : "Germany", 
    "Country_Lat" : "51.5", 
    "Country_Lng" : "10.5"
},
{ 
    "_id" : ObjectId("5b3efc7b9bffc60b64517be3"), 
    "Continent_GeoNameId" : NumberInt(6255148), 
    "Country_GeoNameId" : NumberInt(390903), 
    "Country_Code" : "GR", 
    "Country_Name" : "Greece", 
    "Country_Lat" : "39", 
    "Country_Lng" : "22"
},
{ 
    "_id" : ObjectId("5b3efc7b9bffc60b64517be4"), 
    "Continent_GeoNameId" : NumberInt(6255148), 
    "Country_GeoNameId" : NumberInt(719819), 
    "Country_Code" : "HU", 
    "Country_Name" : "Hungary", 
    "Country_Lat" : "47", 
    "Country_Lng" : "20"
},
{ 
    "_id" : ObjectId("5b3efc7b9bffc60b64517be5"), 
    "Continent_GeoNameId" : NumberInt(6255148), 
    "Country_GeoNameId" : NumberInt(2629691), 
    "Country_Code" : "IS", 
    "Country_Name" : "Iceland", 
    "Country_Lat" : "65", 
    "Country_Lng" : "-18"
},
{ 
    "_id" : ObjectId("5b3efc7b9bffc60b64517be6"), 
    "Continent_GeoNameId" : NumberInt(6255148), 
    "Country_GeoNameId" : NumberInt(2963597), 
    "Country_Code" : "IE", 
    "Country_Name" : "Ireland", 
    "Country_Lat" : "53", 
    "Country_Lng" : "-8"
},
{ 
    "_id" : ObjectId("5b3efc7b9bffc60b64517be7"), 
    "Continent_GeoNameId" : NumberInt(6255148), 
    "Country_GeoNameId" : NumberInt(3175395), 
    "Country_Code" : "IT", 
    "Country_Name" : "Italy", 
    "Country_Lat" : "42.83333", 
    "Country_Lng" : "12.83333"
},
{ 
    "_id" : ObjectId("5b3efc7b9bffc60b64517be8"), 
    "Continent_GeoNameId" : NumberInt(6255148), 
    "Country_GeoNameId" : NumberInt(831053), 
    "Country_Code" : "XK", 
    "Country_Name" : "Kosovo", 
    "Country_Lat" : "42.58333", 
    "Country_Lng" : "20.91667"
},
{ 
    "_id" : ObjectId("5b3efc7b9bffc60b64517be9"), 
    "Continent_GeoNameId" : NumberInt(6255148), 
    "Country_GeoNameId" : NumberInt(458258), 
    "Country_Code" : "LV", 
    "Country_Name" : "Latvia", 
    "Country_Lat" : "57", 
    "Country_Lng" : "25"
},
{ 
    "_id" : ObjectId("5b3efc7b9bffc60b64517bea"), 
    "Continent_GeoNameId" : NumberInt(6255148), 
    "Country_GeoNameId" : NumberInt(3042058), 
    "Country_Code" : "LI", 
    "Country_Name" : "Liechtenstein", 
    "Country_Lat" : "47.16667", 
    "Country_Lng" : "9.53333"
},
{ 
    "_id" : ObjectId("5b3efc7b9bffc60b64517beb"), 
    "Continent_GeoNameId" : NumberInt(6255148), 
    "Country_GeoNameId" : NumberInt(597427), 
    "Country_Code" : "LT", 
    "Country_Name" : "Lithuania", 
    "Country_Lat" : "55.41667", 
    "Country_Lng" : "24"
},
{ 
    "_id" : ObjectId("5b3efc7b9bffc60b64517bec"), 
    "Continent_GeoNameId" : NumberInt(6255148), 
    "Country_GeoNameId" : NumberInt(2960313), 
    "Country_Code" : "LU", 
    "Country_Name" : "Luxembourg", 
    "Country_Lat" : "49.75", 
    "Country_Lng" : "6.16667"
},
{ 
    "_id" : ObjectId("5b3efc7b9bffc60b64517bed"), 
    "Continent_GeoNameId" : NumberInt(6255148), 
    "Country_GeoNameId" : NumberInt(718075), 
    "Country_Code" : "MK", 
    "Country_Name" : "Macedonia", 
    "Country_Lat" : "41.66667", 
    "Country_Lng" : "21.75"
},
{ 
    "_id" : ObjectId("5b3efc7b9bffc60b64517bee"), 
    "Continent_GeoNameId" : NumberInt(6255148), 
    "Country_GeoNameId" : NumberInt(2562770), 
    "Country_Code" : "MT", 
    "Country_Name" : "Malta", 
    "Country_Lat" : "35.91667", 
    "Country_Lng" : "14.43333"
},
{ 
    "_id" : ObjectId("5b3efc7b9bffc60b64517bef"), 
    "Continent_GeoNameId" : NumberInt(6255148), 
    "Country_GeoNameId" : NumberInt(617790), 
    "Country_Code" : "MD", 
    "Country_Name" : "Moldova", 
    "Country_Lat" : "47.25", 
    "Country_Lng" : "28.58333"
},
{ 
    "_id" : ObjectId("5b3efc7b9bffc60b64517bf0"), 
    "Continent_GeoNameId" : NumberInt(6255148), 
    "Country_GeoNameId" : NumberInt(2993457), 
    "Country_Code" : "MC", 
    "Country_Name" : "Monaco", 
    "Country_Lat" : "43.73141", 
    "Country_Lng" : "7.41903"
},
{ 
    "_id" : ObjectId("5b3efc7b9bffc60b64517bf1"), 
    "Continent_GeoNameId" : NumberInt(6255148), 
    "Country_GeoNameId" : NumberInt(3194884), 
    "Country_Code" : "ME", 
    "Country_Name" : "Montenegro", 
    "Country_Lat" : "42.75", 
    "Country_Lng" : "19.25"
},
{ 
    "_id" : ObjectId("5b3efc7b9bffc60b64517bf2"), 
    "Continent_GeoNameId" : NumberInt(6255148), 
    "Country_GeoNameId" : NumberInt(2750405), 
    "Country_Code" : "NL", 
    "Country_Name" : "Netherlands", 
    "Country_Lat" : "52.25", 
    "Country_Lng" : "5.75"
},
{ 
    "_id" : ObjectId("5b3efc7b9bffc60b64517bf3"), 
    "Continent_GeoNameId" : NumberInt(6255148), 
    "Country_GeoNameId" : NumberInt(3144096), 
    "Country_Code" : "NO", 
    "Country_Name" : "Norway", 
    "Country_Lat" : "62", 
    "Country_Lng" : "10"
},
{ 
    "_id" : ObjectId("5b3efc7b9bffc60b64517bf4"), 
    "Continent_GeoNameId" : NumberInt(6255148), 
    "Country_GeoNameId" : NumberInt(798544), 
    "Country_Code" : "PL", 
    "Country_Name" : "Poland", 
    "Country_Lat" : "52", 
    "Country_Lng" : "20"
},
{ 
    "_id" : ObjectId("5b3efc7b9bffc60b64517bf5"), 
    "Continent_GeoNameId" : NumberInt(6255148), 
    "Country_GeoNameId" : NumberInt(2264397), 
    "Country_Code" : "PT", 
    "Country_Name" : "Portugal", 
    "Country_Lat" : "39.6945", 
    "Country_Lng" : "-8.13057"
},
{ 
    "_id" : ObjectId("5b3efc7b9bffc60b64517bf6"), 
    "Continent_GeoNameId" : NumberInt(6255148), 
    "Country_GeoNameId" : NumberInt(798549), 
    "Country_Code" : "RO", 
    "Country_Name" : "Romania", 
    "Country_Lat" : "46", 
    "Country_Lng" : "25"
},
{ 
    "_id" : ObjectId("5b3efc7b9bffc60b64517bf7"), 
    "Continent_GeoNameId" : NumberInt(6255148), 
    "Country_GeoNameId" : NumberInt(2017370), 
    "Country_Code" : "RU", 
    "Country_Name" : "Russia", 
    "Country_Lat" : "60", 
    "Country_Lng" : "100"
},
{ 
    "_id" : ObjectId("5b3efc7b9bffc60b64517bf8"), 
    "Continent_GeoNameId" : NumberInt(6255148), 
    "Country_GeoNameId" : NumberInt(3168068), 
    "Country_Code" : "SM", 
    "Country_Name" : "San Marino", 
    "Country_Lat" : "43.9367", 
    "Country_Lng" : "12.4463"
},
{ 
    "_id" : ObjectId("5b3efc7b9bffc60b64517bf9"), 
    "Continent_GeoNameId" : NumberInt(6255148), 
    "Country_GeoNameId" : NumberInt(6290252), 
    "Country_Code" : "RS", 
    "Country_Name" : "Serbia", 
    "Country_Lat" : "44.81892", 
    "Country_Lng" : "20.45998"
},
{ 
    "_id" : ObjectId("5b3efc7b9bffc60b64517bfa"), 
    "Continent_GeoNameId" : NumberInt(6255148), 
    "Country_GeoNameId" : NumberInt(3057568), 
    "Country_Code" : "SK", 
    "Country_Name" : "Slovakia", 
    "Country_Lat" : "48.66667", 
    "Country_Lng" : "19.5"
},
{ 
    "_id" : ObjectId("5b3efc7b9bffc60b64517bfb"), 
    "Continent_GeoNameId" : NumberInt(6255148), 
    "Country_GeoNameId" : NumberInt(3190538), 
    "Country_Code" : "SI", 
    "Country_Name" : "Slovenia", 
    "Country_Lat" : "46.08333", 
    "Country_Lng" : "15"
},
{ 
    "_id" : ObjectId("5b3efc7b9bffc60b64517bfc"), 
    "Continent_GeoNameId" : NumberInt(6255148), 
    "Country_GeoNameId" : NumberInt(2510769), 
    "Country_Code" : "ES", 
    "Country_Name" : "Spain", 
    "Country_Lat" : "40", 
    "Country_Lng" : "-4"
},
{ 
    "_id" : ObjectId("5b3efc7b9bffc60b64517bfd"), 
    "Continent_GeoNameId" : NumberInt(6255148), 
    "Country_GeoNameId" : NumberInt(2661886), 
    "Country_Code" : "SE", 
    "Country_Name" : "Sweden", 
    "Country_Lat" : "62", 
    "Country_Lng" : "15"
},
{ 
    "_id" : ObjectId("5b3efc7b9bffc60b64517bfe"), 
    "Continent_GeoNameId" : NumberInt(6255148), 
    "Country_GeoNameId" : NumberInt(2658434), 
    "Country_Code" : "CH", 
    "Country_Name" : "Switzerland", 
    "Country_Lat" : "47.00016", 
    "Country_Lng" : "8.01427"
},
{ 
    "_id" : ObjectId("5b3efc7b9bffc60b64517bff"), 
    "Continent_GeoNameId" : NumberInt(6255148), 
    "Country_GeoNameId" : NumberInt(690791), 
    "Country_Code" : "UA", 
    "Country_Name" : "Ukraine", 
    "Country_Lat" : "49", 
    "Country_Lng" : "32"
},
{ 
    "_id" : ObjectId("5b3efc7b9bffc60b64517c00"), 
    "Continent_GeoNameId" : NumberInt(6255148), 
    "Country_GeoNameId" : NumberInt(2635167), 
    "Country_Code" : "GB", 
    "Country_Name" : "United Kingdom", 
    "Country_Lat" : "54.75844", 
    "Country_Lng" : "-2.69531"
},
{ 
    "_id" : ObjectId("5b3efc7b9bffc60b64517c01"), 
    "Continent_GeoNameId" : NumberInt(6255148), 
    "Country_GeoNameId" : NumberInt(3164670), 
    "Country_Code" : "VA", 
    "Country_Name" : "Vatican City", 
    "Country_Lat" : "41.90225", 
    "Country_Lng" : "12.4533"
},
{ 
    "_id" : ObjectId("5b3efc7b9bffc60b64517c02"), 
    "Continent_GeoNameId" : NumberInt(6255148), 
    "Country_GeoNameId" : NumberInt(2622320), 
    "Country_Code" : "FO", 
    "Country_Name" : "Faroe Islands", 
    "Country_Lat" : "62", 
    "Country_Lng" : "-7"
},
{ 
    "_id" : ObjectId("5b3efc7b9bffc60b64517c03"), 
    "Continent_GeoNameId" : NumberInt(6255148), 
    "Country_GeoNameId" : NumberInt(2411586), 
    "Country_Code" : "GI", 
    "Country_Name" : "Gibraltar", 
    "Country_Lat" : "36.13333", 
    "Country_Lng" : "-5.35"
},
{ 
    "_id" : ObjectId("5b3efc7b9bffc60b64517c04"), 
    "Continent_GeoNameId" : NumberInt(6255148), 
    "Country_GeoNameId" : NumberInt(661882), 
    "Country_Code" : "AX", 
    "Country_Name" : "Åland", 
    "Country_Lat" : "60.25", 
    "Country_Lng" : "20"
},
{ 
    "_id" : ObjectId("5b3efc7b9bffc60b64517c05"), 
    "Continent_GeoNameId" : NumberInt(6255148), 
    "Country_GeoNameId" : NumberInt(607072), 
    "Country_Code" : "SJ", 
    "Country_Name" : "Svalbard and Jan Mayen", 
    "Country_Lat" : "78", 
    "Country_Lng" : "20"
},
{ 
    "_id" : ObjectId("5b3f0552a4ed1e0474018eec"), 
    "Continent_GeoNameId" : NumberInt(6255147), 
    "Country_GeoNameId" : NumberInt(1149361), 
    "Country_Code" : "AF", 
    "Country_Name" : "Afghanistan", 
    "Country_Lat" : "33", 
    "Country_Lng" : "66"
},
{ 
    "_id" : ObjectId("5b3f0552a4ed1e0474018eed"), 
    "Continent_GeoNameId" : NumberInt(6255147), 
    "Country_GeoNameId" : NumberInt(174982), 
    "Country_Code" : "AM", 
    "Country_Name" : "Armenia", 
    "Country_Lat" : "40.25", 
    "Country_Lng" : "45"
},
{ 
    "_id" : ObjectId("5b3f0552a4ed1e0474018eee"), 
    "Continent_GeoNameId" : NumberInt(6255147), 
    "Country_GeoNameId" : NumberInt(587116), 
    "Country_Code" : "AZ", 
    "Country_Name" : "Azerbaijan", 
    "Country_Lat" : "40.5", 
    "Country_Lng" : "47.5"
},
{ 
    "_id" : ObjectId("5b3f0552a4ed1e0474018eef"), 
    "Continent_GeoNameId" : NumberInt(6255147), 
    "Country_GeoNameId" : NumberInt(290291), 
    "Country_Code" : "BH", 
    "Country_Name" : "Bahrain", 
    "Country_Lat" : "26.03333", 
    "Country_Lng" : "50.55"
},
{ 
    "_id" : ObjectId("5b3f0552a4ed1e0474018ef0"), 
    "Continent_GeoNameId" : NumberInt(6255147), 
    "Country_GeoNameId" : NumberInt(1210997), 
    "Country_Code" : "BD", 
    "Country_Name" : "Bangladesh", 
    "Country_Lat" : "24", 
    "Country_Lng" : "90"
},
{ 
    "_id" : ObjectId("5b3f0552a4ed1e0474018ef1"), 
    "Continent_GeoNameId" : NumberInt(6255147), 
    "Country_GeoNameId" : NumberInt(1252634), 
    "Country_Code" : "BT", 
    "Country_Name" : "Bhutan", 
    "Country_Lat" : "27.5", 
    "Country_Lng" : "90.5"
},
{ 
    "_id" : ObjectId("5b3f0552a4ed1e0474018ef2"), 
    "Continent_GeoNameId" : NumberInt(6255147), 
    "Country_GeoNameId" : NumberInt(1820814), 
    "Country_Code" : "BN", 
    "Country_Name" : "Brunei", 
    "Country_Lat" : "4.5", 
    "Country_Lng" : "114.66667"
},
{ 
    "_id" : ObjectId("5b3f0552a4ed1e0474018ef3"), 
    "Continent_GeoNameId" : NumberInt(6255147), 
    "Country_GeoNameId" : NumberInt(1831722), 
    "Country_Code" : "KH", 
    "Country_Name" : "Cambodia", 
    "Country_Lat" : "13", 
    "Country_Lng" : "105"
},
{ 
    "_id" : ObjectId("5b3f0552a4ed1e0474018ef4"), 
    "Continent_GeoNameId" : NumberInt(6255147), 
    "Country_GeoNameId" : NumberInt(1814991), 
    "Country_Code" : "CN", 
    "Country_Name" : "China", 
    "Country_Lat" : "35", 
    "Country_Lng" : "105"
},
{ 
    "_id" : ObjectId("5b3f0552a4ed1e0474018ef5"), 
    "Continent_GeoNameId" : NumberInt(6255147), 
    "Country_GeoNameId" : NumberInt(614540), 
    "Country_Code" : "GE", 
    "Country_Name" : "Georgia", 
    "Country_Lat" : "41.99998", 
    "Country_Lng" : "43.4999"
},
{ 
    "_id" : ObjectId("5b3f0552a4ed1e0474018ef6"), 
    "Continent_GeoNameId" : NumberInt(6255147), 
    "Country_GeoNameId" : NumberInt(1269750), 
    "Country_Code" : "IN", 
    "Country_Name" : "India", 
    "Country_Lat" : "22", 
    "Country_Lng" : "79"
},
{ 
    "_id" : ObjectId("5b3f0552a4ed1e0474018ef7"), 
    "Continent_GeoNameId" : NumberInt(6255147), 
    "Country_GeoNameId" : NumberInt(1643084), 
    "Country_Code" : "ID", 
    "Country_Name" : "Indonesia", 
    "Country_Lat" : "-5", 
    "Country_Lng" : "120"
},
{ 
    "_id" : ObjectId("5b3f0552a4ed1e0474018ef8"), 
    "Continent_GeoNameId" : NumberInt(6255147), 
    "Country_GeoNameId" : NumberInt(130758), 
    "Country_Code" : "IR", 
    "Country_Name" : "Iran", 
    "Country_Lat" : "32", 
    "Country_Lng" : "53"
},
{ 
    "_id" : ObjectId("5b3f0552a4ed1e0474018ef9"), 
    "Continent_GeoNameId" : NumberInt(6255147), 
    "Country_GeoNameId" : NumberInt(99237), 
    "Country_Code" : "IQ", 
    "Country_Name" : "Iraq", 
    "Country_Lat" : "33", 
    "Country_Lng" : "44"
},
{ 
    "_id" : ObjectId("5b3f0552a4ed1e0474018efa"), 
    "Continent_GeoNameId" : NumberInt(6255147), 
    "Country_GeoNameId" : NumberInt(294640), 
    "Country_Code" : "IL", 
    "Country_Name" : "Israel", 
    "Country_Lat" : "31.5", 
    "Country_Lng" : "34.75"
},
{ 
    "_id" : ObjectId("5b3f0552a4ed1e0474018efb"), 
    "Continent_GeoNameId" : NumberInt(6255147), 
    "Country_GeoNameId" : NumberInt(1861060), 
    "Country_Code" : "JP", 
    "Country_Name" : "Japan", 
    "Country_Lat" : "35.68536", 
    "Country_Lng" : "139.75309"
},
{ 
    "_id" : ObjectId("5b3f0552a4ed1e0474018efc"), 
    "Continent_GeoNameId" : NumberInt(6255147), 
    "Country_GeoNameId" : NumberInt(248816), 
    "Country_Code" : "JO", 
    "Country_Name" : "Jordan", 
    "Country_Lat" : "31", 
    "Country_Lng" : "36"
},
{ 
    "_id" : ObjectId("5b3f0552a4ed1e0474018efd"), 
    "Continent_GeoNameId" : NumberInt(6255147), 
    "Country_GeoNameId" : NumberInt(1522867), 
    "Country_Code" : "KZ", 
    "Country_Name" : "Kazakhstan", 
    "Country_Lat" : "48", 
    "Country_Lng" : "68"
},
{ 
    "_id" : ObjectId("5b3f0552a4ed1e0474018efe"), 
    "Continent_GeoNameId" : NumberInt(6255147), 
    "Country_GeoNameId" : NumberInt(285570), 
    "Country_Code" : "KW", 
    "Country_Name" : "Kuwait", 
    "Country_Lat" : "29.5", 
    "Country_Lng" : "47.75"
},
{ 
    "_id" : ObjectId("5b3f0552a4ed1e0474018eff"), 
    "Continent_GeoNameId" : NumberInt(6255147), 
    "Country_GeoNameId" : NumberInt(1527747), 
    "Country_Code" : "KG", 
    "Country_Name" : "Kyrgyzstan", 
    "Country_Lat" : "41.5", 
    "Country_Lng" : "75"
},
{ 
    "_id" : ObjectId("5b3f0552a4ed1e0474018f00"), 
    "Continent_GeoNameId" : NumberInt(6255147), 
    "Country_GeoNameId" : NumberInt(1655842), 
    "Country_Code" : "LA", 
    "Country_Name" : "Laos", 
    "Country_Lat" : "18", 
    "Country_Lng" : "105"
},
{ 
    "_id" : ObjectId("5b3f0552a4ed1e0474018f01"), 
    "Continent_GeoNameId" : NumberInt(6255147), 
    "Country_GeoNameId" : NumberInt(272103), 
    "Country_Code" : "LB", 
    "Country_Name" : "Lebanon", 
    "Country_Lat" : "33.83333", 
    "Country_Lng" : "35.83333"
},
{ 
    "_id" : ObjectId("5b3f0552a4ed1e0474018f02"), 
    "Continent_GeoNameId" : NumberInt(6255147), 
    "Country_GeoNameId" : NumberInt(1733045), 
    "Country_Code" : "MY", 
    "Country_Name" : "Malaysia", 
    "Country_Lat" : "2.5", 
    "Country_Lng" : "112.5"
},
{ 
    "_id" : ObjectId("5b3f0552a4ed1e0474018f03"), 
    "Continent_GeoNameId" : NumberInt(6255147), 
    "Country_GeoNameId" : NumberInt(1282028), 
    "Country_Code" : "MV", 
    "Country_Name" : "Maldives", 
    "Country_Lat" : "3.2", 
    "Country_Lng" : "73"
},
{ 
    "_id" : ObjectId("5b3f0552a4ed1e0474018f04"), 
    "Continent_GeoNameId" : NumberInt(6255147), 
    "Country_GeoNameId" : NumberInt(2029969), 
    "Country_Code" : "MN", 
    "Country_Name" : "Mongolia", 
    "Country_Lat" : "46", 
    "Country_Lng" : "105"
},
{ 
    "_id" : ObjectId("5b3f0552a4ed1e0474018f05"), 
    "Continent_GeoNameId" : NumberInt(6255147), 
    "Country_GeoNameId" : NumberInt(1327865), 
    "Country_Code" : "MM", 
    "Country_Name" : "Myanmar [Burma]", 
    "Country_Lat" : "21", 
    "Country_Lng" : "96"
},
{ 
    "_id" : ObjectId("5b3f0552a4ed1e0474018f06"), 
    "Continent_GeoNameId" : NumberInt(6255147), 
    "Country_GeoNameId" : NumberInt(1282988), 
    "Country_Code" : "NP", 
    "Country_Name" : "Nepal", 
    "Country_Lat" : "28", 
    "Country_Lng" : "84"
},
{ 
    "_id" : ObjectId("5b3f0552a4ed1e0474018f07"), 
    "Continent_GeoNameId" : NumberInt(6255147), 
    "Country_GeoNameId" : NumberInt(1873107), 
    "Country_Code" : "KP", 
    "Country_Name" : "North Korea", 
    "Country_Lat" : "40", 
    "Country_Lng" : "127"
},
{ 
    "_id" : ObjectId("5b3f0552a4ed1e0474018f08"), 
    "Continent_GeoNameId" : NumberInt(6255147), 
    "Country_GeoNameId" : NumberInt(286963), 
    "Country_Code" : "OM", 
    "Country_Name" : "Oman", 
    "Country_Lat" : "21", 
    "Country_Lng" : "57"
},
{ 
    "_id" : ObjectId("5b3f0552a4ed1e0474018f09"), 
    "Continent_GeoNameId" : NumberInt(6255147), 
    "Country_GeoNameId" : NumberInt(1168579), 
    "Country_Code" : "PK", 
    "Country_Name" : "Pakistan", 
    "Country_Lat" : "30", 
    "Country_Lng" : "70"
},
{ 
    "_id" : ObjectId("5b3f0552a4ed1e0474018f0a"), 
    "Continent_GeoNameId" : NumberInt(6255147), 
    "Country_GeoNameId" : NumberInt(1694008), 
    "Country_Code" : "PH", 
    "Country_Name" : "Philippines", 
    "Country_Lat" : "13", 
    "Country_Lng" : "122"
},
{ 
    "_id" : ObjectId("5b3f0552a4ed1e0474018f0b"), 
    "Continent_GeoNameId" : NumberInt(6255147), 
    "Country_GeoNameId" : NumberInt(289688), 
    "Country_Code" : "QA", 
    "Country_Name" : "Qatar", 
    "Country_Lat" : "25.5", 
    "Country_Lng" : "51.25"
},
{ 
    "_id" : ObjectId("5b3f0552a4ed1e0474018f0c"), 
    "Continent_GeoNameId" : NumberInt(6255147), 
    "Country_GeoNameId" : NumberInt(102358), 
    "Country_Code" : "SA", 
    "Country_Name" : "Saudi Arabia", 
    "Country_Lat" : "25", 
    "Country_Lng" : "45"
},
{ 
    "_id" : ObjectId("5b3f0552a4ed1e0474018f0d"), 
    "Continent_GeoNameId" : NumberInt(6255147), 
    "Country_GeoNameId" : NumberInt(1880251), 
    "Country_Code" : "SG", 
    "Country_Name" : "Singapore", 
    "Country_Lat" : "1.36667", 
    "Country_Lng" : "103.8"
},
{ 
    "_id" : ObjectId("5b3f0552a4ed1e0474018f0e"), 
    "Continent_GeoNameId" : NumberInt(6255147), 
    "Country_GeoNameId" : NumberInt(1835841), 
    "Country_Code" : "KR", 
    "Country_Name" : "South Korea", 
    "Country_Lat" : "36.5", 
    "Country_Lng" : "127.75"
},
{ 
    "_id" : ObjectId("5b3f0552a4ed1e0474018f0f"), 
    "Continent_GeoNameId" : NumberInt(6255147), 
    "Country_GeoNameId" : NumberInt(1227603), 
    "Country_Code" : "LK", 
    "Country_Name" : "Sri Lanka", 
    "Country_Lat" : "7.75", 
    "Country_Lng" : "80.75"
},
{ 
    "_id" : ObjectId("5b3f0552a4ed1e0474018f10"), 
    "Continent_GeoNameId" : NumberInt(6255147), 
    "Country_GeoNameId" : NumberInt(163843), 
    "Country_Code" : "SY", 
    "Country_Name" : "Syria", 
    "Country_Lat" : "35", 
    "Country_Lng" : "38"
},
{ 
    "_id" : ObjectId("5b3f0552a4ed1e0474018f11"), 
    "Continent_GeoNameId" : NumberInt(6255147), 
    "Country_GeoNameId" : NumberInt(1668284), 
    "Country_Code" : "TW", 
    "Country_Name" : "Taiwan", 
    "Country_Lat" : "24", 
    "Country_Lng" : "121"
},
{ 
    "_id" : ObjectId("5b3f0552a4ed1e0474018f12"), 
    "Continent_GeoNameId" : NumberInt(6255147), 
    "Country_GeoNameId" : NumberInt(1220409), 
    "Country_Code" : "TJ", 
    "Country_Name" : "Tajikistan", 
    "Country_Lat" : "39", 
    "Country_Lng" : "71"
},
{ 
    "_id" : ObjectId("5b3f0552a4ed1e0474018f13"), 
    "Continent_GeoNameId" : NumberInt(6255147), 
    "Country_GeoNameId" : NumberInt(1605651), 
    "Country_Code" : "TH", 
    "Country_Name" : "Thailand", 
    "Country_Lat" : "15.5", 
    "Country_Lng" : "101"
},
{ 
    "_id" : ObjectId("5b3f0552a4ed1e0474018f14"), 
    "Continent_GeoNameId" : NumberInt(6255147), 
    "Country_GeoNameId" : NumberInt(298795), 
    "Country_Code" : "TR", 
    "Country_Name" : "Turkey", 
    "Country_Lat" : "39", 
    "Country_Lng" : "35"
},
{ 
    "_id" : ObjectId("5b3f0552a4ed1e0474018f15"), 
    "Continent_GeoNameId" : NumberInt(6255147), 
    "Country_GeoNameId" : NumberInt(1218197), 
    "Country_Code" : "TM", 
    "Country_Name" : "Turkmenistan", 
    "Country_Lat" : "39.75", 
    "Country_Lng" : "59.66667"
},
{ 
    "_id" : ObjectId("5b3f0552a4ed1e0474018f16"), 
    "Continent_GeoNameId" : NumberInt(6255147), 
    "Country_GeoNameId" : NumberInt(290557), 
    "Country_Code" : "AE", 
    "Country_Name" : "United Arab Emirates", 
    "Country_Lat" : "23.75", 
    "Country_Lng" : "54.5"
},
{ 
    "_id" : ObjectId("5b3f0552a4ed1e0474018f17"), 
    "Continent_GeoNameId" : NumberInt(6255147), 
    "Country_GeoNameId" : NumberInt(1512440), 
    "Country_Code" : "UZ", 
    "Country_Name" : "Uzbekistan", 
    "Country_Lat" : "41.66667", 
    "Country_Lng" : "63.83333"
},
{ 
    "_id" : ObjectId("5b3f0552a4ed1e0474018f18"), 
    "Continent_GeoNameId" : NumberInt(6255147), 
    "Country_GeoNameId" : NumberInt(1562822), 
    "Country_Code" : "VN", 
    "Country_Name" : "Vietnam", 
    "Country_Lat" : "16.16667", 
    "Country_Lng" : "107.83333"
},
{ 
    "_id" : ObjectId("5b3f0552a4ed1e0474018f19"), 
    "Continent_GeoNameId" : NumberInt(6255147), 
    "Country_GeoNameId" : NumberInt(69543), 
    "Country_Code" : "YE", 
    "Country_Name" : "Yemen", 
    "Country_Lat" : "15.5", 
    "Country_Lng" : "47.5"
},
{ 
    "_id" : ObjectId("5b3f0552a4ed1e0474018f1a"), 
    "Continent_GeoNameId" : NumberInt(6255147), 
    "Country_GeoNameId" : NumberInt(1282588), 
    "Country_Code" : "IO", 
    "Country_Name" : "British Indian Ocean Territory", 
    "Country_Lat" : "-6", 
    "Country_Lng" : "72"
},
{ 
    "_id" : ObjectId("5b3f0552a4ed1e0474018f1b"), 
    "Continent_GeoNameId" : NumberInt(6255147), 
    "Country_GeoNameId" : NumberInt(1547376), 
    "Country_Code" : "CC", 
    "Country_Name" : "Cocos [Keeling] Islands", 
    "Country_Lat" : "-12.1642", 
    "Country_Lng" : "96.87332"
},
{ 
    "_id" : ObjectId("5b3f0552a4ed1e0474018f1c"), 
    "Continent_GeoNameId" : NumberInt(6255147), 
    "Country_GeoNameId" : NumberInt(1819730), 
    "Country_Code" : "HK", 
    "Country_Name" : "Hong Kong", 
    "Country_Lat" : "22.25", 
    "Country_Lng" : "114.16667"
},
{ 
    "_id" : ObjectId("5b3f0552a4ed1e0474018f1d"), 
    "Continent_GeoNameId" : NumberInt(6255147), 
    "Country_GeoNameId" : NumberInt(1821275), 
    "Country_Code" : "MO", 
    "Country_Name" : "Macao", 
    "Country_Lat" : "22.15778", 
    "Country_Lng" : "113.55972"
},
{ 
    "_id" : ObjectId("5b3f0552a4ed1e0474018f1e"), 
    "Continent_GeoNameId" : NumberInt(6255147), 
    "Country_GeoNameId" : NumberInt(6254930), 
    "Country_Code" : "PS", 
    "Country_Name" : "Palestine", 
    "Country_Lat" : "31.92157", 
    "Country_Lng" : "35.20329"
},
{ 
    "_id" : ObjectId("5b3f0ab1a4ed1e047401e117"), 
    "Continent_GeoNameId" : NumberInt(6255146), 
    "Country_GeoNameId" : NumberInt(2589581), 
    "Country_Code" : "DZ", 
    "Country_Name" : "Algeria", 
    "Country_Lat" : "28", 
    "Country_Lng" : "3"
},
{ 
    "_id" : ObjectId("5b3f0ab1a4ed1e047401e118"), 
    "Continent_GeoNameId" : NumberInt(6255146), 
    "Country_GeoNameId" : NumberInt(3351879), 
    "Country_Code" : "AO", 
    "Country_Name" : "Angola", 
    "Country_Lat" : "-12.5", 
    "Country_Lng" : "18.5"
},
{ 
    "_id" : ObjectId("5b3f0ab1a4ed1e047401e119"), 
    "Continent_GeoNameId" : NumberInt(6255146), 
    "Country_GeoNameId" : NumberInt(2395170), 
    "Country_Code" : "BJ", 
    "Country_Name" : "Benin", 
    "Country_Lat" : "9.5", 
    "Country_Lng" : "2.25"
},
{ 
    "_id" : ObjectId("5b3f0ab1a4ed1e047401e11a"), 
    "Continent_GeoNameId" : NumberInt(6255146), 
    "Country_GeoNameId" : NumberInt(933860), 
    "Country_Code" : "BW", 
    "Country_Name" : "Botswana", 
    "Country_Lat" : "-22", 
    "Country_Lng" : "24"
},
{ 
    "_id" : ObjectId("5b3f0ab1a4ed1e047401e11b"), 
    "Continent_GeoNameId" : NumberInt(6255146), 
    "Country_GeoNameId" : NumberInt(2361809), 
    "Country_Code" : "BF", 
    "Country_Name" : "Burkina Faso", 
    "Country_Lat" : "12.5", 
    "Country_Lng" : "-1.66667"
},
{ 
    "_id" : ObjectId("5b3f0ab1a4ed1e047401e11c"), 
    "Continent_GeoNameId" : NumberInt(6255146), 
    "Country_GeoNameId" : NumberInt(433561), 
    "Country_Code" : "BI", 
    "Country_Name" : "Burundi", 
    "Country_Lat" : "-3.5", 
    "Country_Lng" : "30"
},
{ 
    "_id" : ObjectId("5b3f0ab1a4ed1e047401e11d"), 
    "Continent_GeoNameId" : NumberInt(6255146), 
    "Country_GeoNameId" : NumberInt(3374766), 
    "Country_Code" : "CV", 
    "Country_Name" : "Cabo Verde", 
    "Country_Lat" : "16", 
    "Country_Lng" : "-24"
},
{ 
    "_id" : ObjectId("5b3f0ab1a4ed1e047401e11e"), 
    "Continent_GeoNameId" : NumberInt(6255146), 
    "Country_GeoNameId" : NumberInt(2233387), 
    "Country_Code" : "CM", 
    "Country_Name" : "Cameroon", 
    "Country_Lat" : "6", 
    "Country_Lng" : "12.5"
},
{ 
    "_id" : ObjectId("5b3f0ab1a4ed1e047401e11f"), 
    "Continent_GeoNameId" : NumberInt(6255146), 
    "Country_GeoNameId" : NumberInt(239880), 
    "Country_Code" : "CF", 
    "Country_Name" : "Central African Republic", 
    "Country_Lat" : "7", 
    "Country_Lng" : "21"
},
{ 
    "_id" : ObjectId("5b3f0ab1a4ed1e047401e120"), 
    "Continent_GeoNameId" : NumberInt(6255146), 
    "Country_GeoNameId" : NumberInt(2434508), 
    "Country_Code" : "TD", 
    "Country_Name" : "Chad", 
    "Country_Lat" : "15", 
    "Country_Lng" : "19"
},
{ 
    "_id" : ObjectId("5b3f0ab1a4ed1e047401e121"), 
    "Continent_GeoNameId" : NumberInt(6255146), 
    "Country_GeoNameId" : NumberInt(921929), 
    "Country_Code" : "KM", 
    "Country_Name" : "Comoros", 
    "Country_Lat" : "-12.23333", 
    "Country_Lng" : "44.44553"
},
{ 
    "_id" : ObjectId("5b3f0ab1a4ed1e047401e122"), 
    "Continent_GeoNameId" : NumberInt(6255146), 
    "Country_GeoNameId" : NumberInt(2260494), 
    "Country_Code" : "CG", 
    "Country_Name" : "Congo", 
    "Country_Lat" : "-1", 
    "Country_Lng" : "15.5"
},
{ 
    "_id" : ObjectId("5b3f0ab1a4ed1e047401e123"), 
    "Continent_GeoNameId" : NumberInt(6255146), 
    "Country_GeoNameId" : NumberInt(203312), 
    "Country_Code" : "CD", 
    "Country_Name" : "DR Congo", 
    "Country_Lat" : "-2.5", 
    "Country_Lng" : "23.5"
},
{ 
    "_id" : ObjectId("5b3f0ab1a4ed1e047401e124"), 
    "Continent_GeoNameId" : NumberInt(6255146), 
    "Country_GeoNameId" : NumberInt(223816), 
    "Country_Code" : "DJ", 
    "Country_Name" : "Djibouti", 
    "Country_Lat" : "11.83333", 
    "Country_Lng" : "42.5"
},
{ 
    "_id" : ObjectId("5b3f0ab1a4ed1e047401e125"), 
    "Continent_GeoNameId" : NumberInt(6255146), 
    "Country_GeoNameId" : NumberInt(357994), 
    "Country_Code" : "EG", 
    "Country_Name" : "Egypt", 
    "Country_Lat" : "27", 
    "Country_Lng" : "30"
},
{ 
    "_id" : ObjectId("5b3f0ab1a4ed1e047401e126"), 
    "Continent_GeoNameId" : NumberInt(6255146), 
    "Country_GeoNameId" : NumberInt(2309096), 
    "Country_Code" : "GQ", 
    "Country_Name" : "Equatorial Guinea", 
    "Country_Lat" : "1.7", 
    "Country_Lng" : "10.5"
},
{ 
    "_id" : ObjectId("5b3f0ab1a4ed1e047401e127"), 
    "Continent_GeoNameId" : NumberInt(6255146), 
    "Country_GeoNameId" : NumberInt(338010), 
    "Country_Code" : "ER", 
    "Country_Name" : "Eritrea", 
    "Country_Lat" : "15", 
    "Country_Lng" : "39"
},
{ 
    "_id" : ObjectId("5b3f0ab1a4ed1e047401e128"), 
    "Continent_GeoNameId" : NumberInt(6255146), 
    "Country_GeoNameId" : NumberInt(337996), 
    "Country_Code" : "ET", 
    "Country_Name" : "Ethiopia", 
    "Country_Lat" : "9", 
    "Country_Lng" : "39.5"
},
{ 
    "_id" : ObjectId("5b3f0ab1a4ed1e047401e129"), 
    "Continent_GeoNameId" : NumberInt(6255146), 
    "Country_GeoNameId" : NumberInt(2400553), 
    "Country_Code" : "GA", 
    "Country_Name" : "Gabon", 
    "Country_Lat" : "-1", 
    "Country_Lng" : "11.75"
},
{ 
    "_id" : ObjectId("5b3f0ab1a4ed1e047401e12a"), 
    "Continent_GeoNameId" : NumberInt(6255146), 
    "Country_GeoNameId" : NumberInt(2413451), 
    "Country_Code" : "GM", 
    "Country_Name" : "Gambia", 
    "Country_Lat" : "13.5", 
    "Country_Lng" : "-15.5"
},
{ 
    "_id" : ObjectId("5b3f0ab1a4ed1e047401e12b"), 
    "Continent_GeoNameId" : NumberInt(6255146), 
    "Country_GeoNameId" : NumberInt(2300660), 
    "Country_Code" : "GH", 
    "Country_Name" : "Ghana", 
    "Country_Lat" : "8.1", 
    "Country_Lng" : "-1.2"
},
{ 
    "_id" : ObjectId("5b3f0ab1a4ed1e047401e12c"), 
    "Continent_GeoNameId" : NumberInt(6255146), 
    "Country_GeoNameId" : NumberInt(2420477), 
    "Country_Code" : "GN", 
    "Country_Name" : "Guinea", 
    "Country_Lat" : "10.83333", 
    "Country_Lng" : "-10.66667"
},
{ 
    "_id" : ObjectId("5b3f0ab1a4ed1e047401e12d"), 
    "Continent_GeoNameId" : NumberInt(6255146), 
    "Country_GeoNameId" : NumberInt(2372248), 
    "Country_Code" : "GW", 
    "Country_Name" : "Guinea-Bissau", 
    "Country_Lat" : "12", 
    "Country_Lng" : "-15"
},
{ 
    "_id" : ObjectId("5b3f0ab1a4ed1e047401e12e"), 
    "Continent_GeoNameId" : NumberInt(6255146), 
    "Country_GeoNameId" : NumberInt(2287781), 
    "Country_Code" : "CI", 
    "Country_Name" : "Ivory Coast", 
    "Country_Lat" : "8", 
    "Country_Lng" : "-5.5"
},
{ 
    "_id" : ObjectId("5b3f0ab1a4ed1e047401e12f"), 
    "Continent_GeoNameId" : NumberInt(6255146), 
    "Country_GeoNameId" : NumberInt(192950), 
    "Country_Code" : "KE", 
    "Country_Name" : "Kenya", 
    "Country_Lat" : "1", 
    "Country_Lng" : "38"
},
{ 
    "_id" : ObjectId("5b3f0ab1a4ed1e047401e130"), 
    "Continent_GeoNameId" : NumberInt(6255146), 
    "Country_GeoNameId" : NumberInt(932692), 
    "Country_Code" : "LS", 
    "Country_Name" : "Lesotho", 
    "Country_Lat" : "-29.5", 
    "Country_Lng" : "28.25"
},
{ 
    "_id" : ObjectId("5b3f0ab1a4ed1e047401e131"), 
    "Continent_GeoNameId" : NumberInt(6255146), 
    "Country_GeoNameId" : NumberInt(2275384), 
    "Country_Code" : "LR", 
    "Country_Name" : "Liberia", 
    "Country_Lat" : "6.5", 
    "Country_Lng" : "-9.5"
},
{ 
    "_id" : ObjectId("5b3f0ab1a4ed1e047401e132"), 
    "Continent_GeoNameId" : NumberInt(6255146), 
    "Country_GeoNameId" : NumberInt(2215636), 
    "Country_Code" : "LY", 
    "Country_Name" : "Libya", 
    "Country_Lat" : "28", 
    "Country_Lng" : "17"
},
{ 
    "_id" : ObjectId("5b3f0ab1a4ed1e047401e133"), 
    "Continent_GeoNameId" : NumberInt(6255146), 
    "Country_GeoNameId" : NumberInt(1062947), 
    "Country_Code" : "MG", 
    "Country_Name" : "Madagascar", 
    "Country_Lat" : "-20", 
    "Country_Lng" : "47"
},
{ 
    "_id" : ObjectId("5b3f0ab1a4ed1e047401e134"), 
    "Continent_GeoNameId" : NumberInt(6255146), 
    "Country_GeoNameId" : NumberInt(927384), 
    "Country_Code" : "MW", 
    "Country_Name" : "Malawi", 
    "Country_Lat" : "-13.5", 
    "Country_Lng" : "34"
},
{ 
    "_id" : ObjectId("5b3f0ab1a4ed1e047401e135"), 
    "Continent_GeoNameId" : NumberInt(6255146), 
    "Country_GeoNameId" : NumberInt(2453866), 
    "Country_Code" : "ML", 
    "Country_Name" : "Mali", 
    "Country_Lat" : "18", 
    "Country_Lng" : "-2"
},
{ 
    "_id" : ObjectId("5b3f0ab1a4ed1e047401e136"), 
    "Continent_GeoNameId" : NumberInt(6255146), 
    "Country_GeoNameId" : NumberInt(2378080), 
    "Country_Code" : "MR", 
    "Country_Name" : "Mauritania", 
    "Country_Lat" : "20.25", 
    "Country_Lng" : "-10.5"
},
{ 
    "_id" : ObjectId("5b3f0ab1a4ed1e047401e137"), 
    "Continent_GeoNameId" : NumberInt(6255146), 
    "Country_GeoNameId" : NumberInt(934292), 
    "Country_Code" : "MU", 
    "Country_Name" : "Mauritius", 
    "Country_Lat" : "-20.3", 
    "Country_Lng" : "57.58333"
},
{ 
    "_id" : ObjectId("5b3f0ab1a4ed1e047401e138"), 
    "Continent_GeoNameId" : NumberInt(6255146), 
    "Country_GeoNameId" : NumberInt(2542007), 
    "Country_Code" : "MA", 
    "Country_Name" : "Morocco", 
    "Country_Lat" : "32", 
    "Country_Lng" : "-6"
},
{ 
    "_id" : ObjectId("5b3f0ab1a4ed1e047401e139"), 
    "Continent_GeoNameId" : NumberInt(6255146), 
    "Country_GeoNameId" : NumberInt(1036973), 
    "Country_Code" : "MZ", 
    "Country_Name" : "Mozambique", 
    "Country_Lat" : "-18.25", 
    "Country_Lng" : "35"
},
{ 
    "_id" : ObjectId("5b3f0ab1a4ed1e047401e13a"), 
    "Continent_GeoNameId" : NumberInt(6255146), 
    "Country_GeoNameId" : NumberInt(3355338), 
    "Country_Code" : "NA", 
    "Country_Name" : "Namibia", 
    "Country_Lat" : "-22", 
    "Country_Lng" : "17"
},
{ 
    "_id" : ObjectId("5b3f0ab1a4ed1e047401e13b"), 
    "Continent_GeoNameId" : NumberInt(6255146), 
    "Country_GeoNameId" : NumberInt(2440476), 
    "Country_Code" : "NE", 
    "Country_Name" : "Niger", 
    "Country_Lat" : "18", 
    "Country_Lng" : "9"
},
{ 
    "_id" : ObjectId("5b3f0ab1a4ed1e047401e13c"), 
    "Continent_GeoNameId" : NumberInt(6255146), 
    "Country_GeoNameId" : NumberInt(2328926), 
    "Country_Code" : "NG", 
    "Country_Name" : "Nigeria", 
    "Country_Lat" : "10", 
    "Country_Lng" : "8"
},
{ 
    "_id" : ObjectId("5b3f0ab1a4ed1e047401e13d"), 
    "Continent_GeoNameId" : NumberInt(6255146), 
    "Country_GeoNameId" : NumberInt(49518), 
    "Country_Code" : "RW", 
    "Country_Name" : "Rwanda", 
    "Country_Lat" : "-2", 
    "Country_Lng" : "30"
},
{ 
    "_id" : ObjectId("5b3f0ab1a4ed1e047401e13e"), 
    "Continent_GeoNameId" : NumberInt(6255146), 
    "Country_GeoNameId" : NumberInt(2245662), 
    "Country_Code" : "SN", 
    "Country_Name" : "Senegal", 
    "Country_Lat" : "14.5", 
    "Country_Lng" : "-14.25"
},
{ 
    "_id" : ObjectId("5b3f0ab1a4ed1e047401e13f"), 
    "Continent_GeoNameId" : NumberInt(6255146), 
    "Country_GeoNameId" : NumberInt(241170), 
    "Country_Code" : "SC", 
    "Country_Name" : "Seychelles", 
    "Country_Lat" : "-4.58333", 
    "Country_Lng" : "55.66667"
},
{ 
    "_id" : ObjectId("5b3f0ab1a4ed1e047401e140"), 
    "Continent_GeoNameId" : NumberInt(6255146), 
    "Country_GeoNameId" : NumberInt(2403846), 
    "Country_Code" : "SL", 
    "Country_Name" : "Sierra Leone", 
    "Country_Lat" : "8.5", 
    "Country_Lng" : "-11.5"
},
{ 
    "_id" : ObjectId("5b3f0ab1a4ed1e047401e141"), 
    "Continent_GeoNameId" : NumberInt(6255146), 
    "Country_GeoNameId" : NumberInt(51537), 
    "Country_Code" : "SO", 
    "Country_Name" : "Somalia", 
    "Country_Lat" : "6", 
    "Country_Lng" : "48"
},
{ 
    "_id" : ObjectId("5b3f0ab1a4ed1e047401e142"), 
    "Continent_GeoNameId" : NumberInt(6255146), 
    "Country_GeoNameId" : NumberInt(953987), 
    "Country_Code" : "ZA", 
    "Country_Name" : "South Africa", 
    "Country_Lat" : "-29", 
    "Country_Lng" : "24"
},
{ 
    "_id" : ObjectId("5b3f0ab1a4ed1e047401e143"), 
    "Continent_GeoNameId" : NumberInt(6255146), 
    "Country_GeoNameId" : NumberInt(7909807), 
    "Country_Code" : "SS", 
    "Country_Name" : "South Sudan", 
    "Country_Lat" : "7.5", 
    "Country_Lng" : "30"
},
{ 
    "_id" : ObjectId("5b3f0ab1a4ed1e047401e144"), 
    "Continent_GeoNameId" : NumberInt(6255146), 
    "Country_GeoNameId" : NumberInt(366755), 
    "Country_Code" : "SD", 
    "Country_Name" : "Sudan", 
    "Country_Lat" : "16", 
    "Country_Lng" : "30"
},
{ 
    "_id" : ObjectId("5b3f0ab1a4ed1e047401e145"), 
    "Continent_GeoNameId" : NumberInt(6255146), 
    "Country_GeoNameId" : NumberInt(934841), 
    "Country_Code" : "SZ", 
    "Country_Name" : "Swaziland", 
    "Country_Lat" : "-26.5", 
    "Country_Lng" : "31.5"
},
{ 
    "_id" : ObjectId("5b3f0ab1a4ed1e047401e146"), 
    "Continent_GeoNameId" : NumberInt(6255146), 
    "Country_GeoNameId" : NumberInt(2410758), 
    "Country_Code" : "ST", 
    "Country_Name" : "São Tomé and Príncipe", 
    "Country_Lat" : "1", 
    "Country_Lng" : "7"
},
{ 
    "_id" : ObjectId("5b3f0ab1a4ed1e047401e147"), 
    "Continent_GeoNameId" : NumberInt(6255146), 
    "Country_GeoNameId" : NumberInt(149590), 
    "Country_Code" : "TZ", 
    "Country_Name" : "Tanzania", 
    "Country_Lat" : "-6", 
    "Country_Lng" : "35"
},
{ 
    "_id" : ObjectId("5b3f0ab1a4ed1e047401e148"), 
    "Continent_GeoNameId" : NumberInt(6255146), 
    "Country_GeoNameId" : NumberInt(2363686), 
    "Country_Code" : "TG", 
    "Country_Name" : "Togo", 
    "Country_Lat" : "8.66667", 
    "Country_Lng" : "1.08333"
},
{ 
    "_id" : ObjectId("5b3f0ab1a4ed1e047401e149"), 
    "Continent_GeoNameId" : NumberInt(6255146), 
    "Country_GeoNameId" : NumberInt(2464461), 
    "Country_Code" : "TN", 
    "Country_Name" : "Tunisia", 
    "Country_Lat" : "34", 
    "Country_Lng" : "9"
},
{ 
    "_id" : ObjectId("5b3f0ab1a4ed1e047401e14a"), 
    "Continent_GeoNameId" : NumberInt(6255146), 
    "Country_GeoNameId" : NumberInt(226074), 
    "Country_Code" : "UG", 
    "Country_Name" : "Uganda", 
    "Country_Lat" : "1.25", 
    "Country_Lng" : "32.5"
},
{ 
    "_id" : ObjectId("5b3f0ab1a4ed1e047401e14b"), 
    "Continent_GeoNameId" : NumberInt(6255146), 
    "Country_GeoNameId" : NumberInt(895949), 
    "Country_Code" : "ZM", 
    "Country_Name" : "Zambia", 
    "Country_Lat" : "-14.33333", 
    "Country_Lng" : "28.5"
},
{ 
    "_id" : ObjectId("5b3f0ab1a4ed1e047401e14c"), 
    "Continent_GeoNameId" : NumberInt(6255146), 
    "Country_GeoNameId" : NumberInt(878675), 
    "Country_Code" : "ZW", 
    "Country_Name" : "Zimbabwe", 
    "Country_Lat" : "-19", 
    "Country_Lng" : "29.75"
},
{ 
    "_id" : ObjectId("5b3f0ab1a4ed1e047401e14d"), 
    "Continent_GeoNameId" : NumberInt(6255146), 
    "Country_GeoNameId" : NumberInt(1024031), 
    "Country_Code" : "YT", 
    "Country_Name" : "Mayotte", 
    "Country_Lat" : "-12.83333", 
    "Country_Lng" : "45.16667"
},
{ 
    "_id" : ObjectId("5b3f0ab1a4ed1e047401e14e"), 
    "Continent_GeoNameId" : NumberInt(6255146), 
    "Country_GeoNameId" : NumberInt(935317), 
    "Country_Code" : "RE", 
    "Country_Name" : "Réunion", 
    "Country_Lat" : "-21.1", 
    "Country_Lng" : "55.6"
},
{ 
    "_id" : ObjectId("5b3f0ab1a4ed1e047401e14f"), 
    "Continent_GeoNameId" : NumberInt(6255146), 
    "Country_GeoNameId" : NumberInt(3370751), 
    "Country_Code" : "SH", 
    "Country_Name" : "Saint Helena", 
    "Country_Lat" : "-15.95", 
    "Country_Lng" : "-5.7"
},
{ 
    "_id" : ObjectId("5b3f0ab1a4ed1e047401e150"), 
    "Continent_GeoNameId" : NumberInt(6255146), 
    "Country_GeoNameId" : NumberInt(2461445), 
    "Country_Code" : "EH", 
    "Country_Name" : "Western Sahara", 
    "Country_Lat" : "24.49215", 
    "Country_Lng" : "-12.65625"
}
]
