[
{ 
    "_id" : ObjectId("5c7e8c848903802308c97433"), 
    "Detections_Type" : "Detections One", 
    "Created_By" : ObjectId("5b8a186f69e5c40f9c0f4e0b"), 
    "Last_Modified_By" : ObjectId("5b8a186f69e5c40f9c0f4e0b"), 
    "Active_Status" : true, 
    "If_Deleted" : false, 
    "createdAt" : ISODate("2019-03-05T14:49:40.064+0000"), 
    "updatedAt" : ISODate("2019-03-05T14:49:40.064+0000"), 
    "__v" : NumberInt(0)
},
{ 
    "_id" : ObjectId("5c7e8c8d8903802308c97434"), 
    "Detections_Type" : "Detections Two", 
    "Created_By" : ObjectId("5b8a186f69e5c40f9c0f4e0b"), 
    "Last_Modified_By" : ObjectId("5b8a186f69e5c40f9c0f4e0b"), 
    "Active_Status" : true, 
    "If_Deleted" : false, 
    "createdAt" : ISODate("2019-03-05T14:49:49.333+0000"), 
    "updatedAt" : ISODate("2019-03-05T14:49:49.333+0000"), 
    "__v" : NumberInt(0)
},
{ 
    "_id" : ObjectId("5c7e8c938903802308c97435"), 
    "Detections_Type" : "Detections Three", 
    "Created_By" : ObjectId("5b8a186f69e5c40f9c0f4e0b"), 
    "Last_Modified_By" : ObjectId("5b8a186f69e5c40f9c0f4e0b"), 
    "Active_Status" : true, 
    "If_Deleted" : false, 
    "createdAt" : ISODate("2019-03-05T14:49:55.157+0000"), 
    "updatedAt" : ISODate("2019-03-05T14:49:55.157+0000"), 
    "__v" : NumberInt(0)
}
]
