[
{ 
    "_id" : ObjectId("5c7e8c6c8903802308c97430"), 
    "Earnings_Type" : "Earnings One", 
    "Created_By" : ObjectId("5b8a186f69e5c40f9c0f4e0b"), 
    "Last_Modified_By" : ObjectId("5b8a186f69e5c40f9c0f4e0b"), 
    "Active_Status" : true, 
    "If_Deleted" : false, 
    "createdAt" : ISODate("2019-03-05T14:49:16.490+0000"), 
    "updatedAt" : ISODate("2019-03-05T14:49:16.490+0000"), 
    "__v" : NumberInt(0)
},
{ 
    "_id" : ObjectId("5c7e8c738903802308c97431"), 
    "Earnings_Type" : "Earnings Two", 
    "Created_By" : ObjectId("5b8a186f69e5c40f9c0f4e0b"), 
    "Last_Modified_By" : ObjectId("5b8a186f69e5c40f9c0f4e0b"), 
    "Active_Status" : true, 
    "If_Deleted" : false, 
    "createdAt" : ISODate("2019-03-05T14:49:23.778+0000"), 
    "updatedAt" : ISODate("2019-03-05T14:49:23.778+0000"), 
    "__v" : NumberInt(0)
},
{ 
    "_id" : ObjectId("5c7e8c7b8903802308c97432"), 
    "Earnings_Type" : "Earnings Three", 
    "Created_By" : ObjectId("5b8a186f69e5c40f9c0f4e0b"), 
    "Last_Modified_By" : ObjectId("5b8a186f69e5c40f9c0f4e0b"), 
    "Active_Status" : true, 
    "If_Deleted" : false, 
    "createdAt" : ISODate("2019-03-05T14:49:31.037+0000"), 
    "updatedAt" : ISODate("2019-03-05T14:49:31.037+0000"), 
    "__v" : NumberInt(0)
}
]
