[
{ 
    "_id" : ObjectId("5beab02316c9af1e249e7633"), 
    "Dates" : [
        ISODate("2018-11-05T18:30:00.000+0000"), 
        ISODate("2018-11-04T18:30:00.000+0000"), 
        ISODate("2018-11-06T18:30:00.000+0000")
    ], 
    "Month" : ISODate("2018-10-31T18:30:00.000+0000"), 
    "Created_By" : ObjectId("5b8a186f69e5c40f9c0f4e0b"), 
    "Last_Modified_By" : ObjectId("5b8a186f69e5c40f9c0f4e0b"), 
    "Active_Status" : true, 
    "If_Deleted" : false, 
    "createdAt" : ISODate("2018-11-13T11:06:11.033+0000"), 
    "updatedAt" : ISODate("2018-11-13T11:06:11.033+0000"), 
    "__v" : NumberInt(0)
},
{ 
    "_id" : ObjectId("5beab0e816c9af1e249e7634"), 
    "Dates" : [
        ISODate("2018-10-01T18:30:00.000+0000")
    ], 
    "Month" : ISODate("2018-09-30T18:30:00.000+0000"), 
    "Created_By" : ObjectId("5b8a186f69e5c40f9c0f4e0b"), 
    "Last_Modified_By" : ObjectId("5b8a186f69e5c40f9c0f4e0b"), 
    "Active_Status" : true, 
    "If_Deleted" : false, 
    "createdAt" : ISODate("2018-11-13T11:09:28.524+0000"), 
    "updatedAt" : ISODate("2018-11-13T11:09:28.524+0000"), 
    "__v" : NumberInt(0)
},
{ 
    "_id" : ObjectId("5beab34916c9af1e249e7635"), 
    "Dates" : null, 
    "Month" : ISODate("2018-08-31T18:30:00.000+0000"), 
    "Created_By" : ObjectId("5b8a186f69e5c40f9c0f4e0b"), 
    "Last_Modified_By" : ObjectId("5b8a186f69e5c40f9c0f4e0b"), 
    "Active_Status" : true, 
    "If_Deleted" : true, 
    "createdAt" : ISODate("2018-11-13T11:19:37.195+0000"), 
    "updatedAt" : ISODate("2018-11-13T12:00:49.382+0000"), 
    "__v" : NumberInt(0)
},
{ 
    "_id" : ObjectId("5beab45716c9af1e249e7636"), 
    "Dates" : [
        ISODate("2018-03-31T18:30:00.000+0000"), 
        ISODate("2018-04-14T18:30:00.000+0000"), 
        ISODate("2018-04-20T18:30:00.000+0000"), 
        ISODate("2018-04-27T18:30:00.000+0000"), 
        ISODate("2018-04-28T18:30:00.000+0000"), 
        ISODate("2018-04-21T18:30:00.000+0000"), 
        ISODate("2018-04-07T18:30:00.000+0000"), 
        ISODate("2018-04-13T18:30:00.000+0000"), 
        ISODate("2018-04-06T18:30:00.000+0000")
    ], 
    "Month" : ISODate("2018-03-31T18:30:00.000+0000"), 
    "Created_By" : ObjectId("5b8a186f69e5c40f9c0f4e0b"), 
    "Last_Modified_By" : ObjectId("5b8a186f69e5c40f9c0f4e0b"), 
    "Active_Status" : true, 
    "If_Deleted" : false, 
    "createdAt" : ISODate("2018-11-13T11:24:07.180+0000"), 
    "updatedAt" : ISODate("2018-11-13T11:50:49.556+0000"), 
    "__v" : NumberInt(1)
},
{ 
    "_id" : ObjectId("5beabcfd16c9af1e249e7637"), 
    "Dates" : null, 
    "Month" : ISODate("2018-08-31T18:30:00.000+0000"), 
    "Created_By" : ObjectId("5b8a186f69e5c40f9c0f4e0b"), 
    "Last_Modified_By" : ObjectId("5b8a186f69e5c40f9c0f4e0b"), 
    "Active_Status" : true, 
    "If_Deleted" : false, 
    "createdAt" : ISODate("2018-11-13T12:01:01.028+0000"), 
    "updatedAt" : ISODate("2018-11-13T12:01:01.028+0000"), 
    "__v" : NumberInt(0)
},
{ 
    "_id" : ObjectId("5bfd43083ccd031234beb0bc"), 
    "Dates" : [
        ISODate("2018-12-24T18:30:00.000+0000"), 
        ISODate("2018-12-27T18:30:00.000+0000"), 
        ISODate("2018-12-25T18:30:00.000+0000")
    ], 
    "Month" : ISODate("2018-11-30T18:30:00.000+0000"), 
    "Created_By" : ObjectId("5b8a186f69e5c40f9c0f4e0b"), 
    "Last_Modified_By" : ObjectId("5b8a186f69e5c40f9c0f4e0b"), 
    "Active_Status" : true, 
    "If_Deleted" : false, 
    "createdAt" : ISODate("2018-11-27T13:13:44.048+0000"), 
    "updatedAt" : ISODate("2018-11-27T13:13:54.494+0000"), 
    "__v" : NumberInt(1)
},
{ 
    "_id" : ObjectId("5c2f50c79031712dc0d15b84"), 
    "Dates" : [
        ISODate("2018-12-31T18:30:00.000+0000")
    ], 
    "Month" : ISODate("2018-12-31T18:30:00.000+0000"), 
    "Created_By" : ObjectId("5b8a186f69e5c40f9c0f4e0b"), 
    "Last_Modified_By" : ObjectId("5b8a186f69e5c40f9c0f4e0b"), 
    "Active_Status" : true, 
    "If_Deleted" : false, 
    "createdAt" : ISODate("2019-01-04T12:25:43.314+0000"), 
    "updatedAt" : ISODate("2019-01-04T12:25:43.314+0000"), 
    "__v" : NumberInt(0)
},
{ 
    "_id" : ObjectId("5c789d7b56271119c8d8c7df"), 
    "Dates" : [
        ISODate("2019-02-19T18:30:00.000+0000")
    ], 
    "Month" : ISODate("2019-01-31T18:30:00.000+0000"), 
    "Created_By" : ObjectId("5b8a186f69e5c40f9c0f4e0b"), 
    "Last_Modified_By" : ObjectId("5b8a186f69e5c40f9c0f4e0b"), 
    "Active_Status" : true, 
    "If_Deleted" : false, 
    "createdAt" : ISODate("2019-03-01T02:48:27.672+0000"), 
    "updatedAt" : ISODate("2019-03-01T02:48:27.672+0000"), 
    "__v" : NumberInt(0)
}
]
