[
{ 
    "_id" : ObjectId("5bda86a2e751f1311424a29f"), 
    "Name" : "Personal", 
    "Leave_Type" : "Unpaid", 
    "Created_By" : ObjectId("5b8a186f69e5c40f9c0f4e0b"), 
    "Last_Modified_By" : ObjectId("5b8a186f69e5c40f9c0f4e0b"), 
    "Active_Status" : true, 
    "If_Deleted" : false, 
    "createdAt" : ISODate("2018-11-01T04:52:50.140+0000"), 
    "updatedAt" : ISODate("2018-11-01T04:52:50.140+0000"), 
    "__v" : NumberInt(0)
},
{ 
    "_id" : ObjectId("5be6bb2f2765081094a30ccc"), 
    "Name" : "CA", 
    "Leave_Type" : "Paid", 
    "Created_By" : ObjectId("5b8a186f69e5c40f9c0f4e0b"), 
    "Last_Modified_By" : ObjectId("5b8a186f69e5c40f9c0f4e0b"), 
    "Active_Status" : true, 
    "If_Deleted" : false, 
    "createdAt" : ISODate("2018-11-10T11:04:15.659+0000"), 
    "updatedAt" : ISODate("2018-11-10T11:04:15.659+0000"), 
    "__v" : NumberInt(0)
},
{ 
    "_id" : ObjectId("5be6bc532765081094a30ccd"), 
    "Name" : "paid Leave", 
    "Leave_Type" : "Paid", 
    "Created_By" : ObjectId("5b8a186f69e5c40f9c0f4e0b"), 
    "Last_Modified_By" : ObjectId("5b8a186f69e5c40f9c0f4e0b"), 
    "Active_Status" : true, 
    "If_Deleted" : false, 
    "createdAt" : ISODate("2018-11-10T11:09:07.934+0000"), 
    "updatedAt" : ISODate("2018-11-10T11:09:07.934+0000"), 
    "__v" : NumberInt(0)
}
]
