[
{ 
    "_id" : ObjectId("5c30822fa25adb14f0f29f72"), 
    "Employee" : ObjectId("5bfe2cdfad5a6e138049f0ad"), 
    "Leave_Type" : ObjectId("5be6bc532765081094a30ccd"), 
    "From_Date" : ISODate("2019-01-04T18:30:00.000+0000"), 
    "To_Date" : ISODate("2019-01-05T18:30:00.000+0000"), 
    "Purpose" : "---", 
    "Current_Status" : "Approved", 
    "Stage" : "Stage_5", 
    "Created_By" : ObjectId("5b8a186f69e5c40f9c0f4e0b"), 
    "Last_Modified_By" : ObjectId("5b8a186f69e5c40f9c0f4e0b"), 
    "Active_Status" : true, 
    "If_Deleted" : false, 
    "createdAt" : ISODate("2019-01-05T10:08:47.256+0000"), 
    "updatedAt" : ISODate("2019-01-05T11:43:43.507+0000"), 
    "__v" : NumberInt(0)
},
{ 
    "_id" : ObjectId("5c30a243fbed2d33a01383a7"), 
    "Employee" : ObjectId("5c2f448c6ddaa304f428f8ec"), 
    "Leave_Type" : ObjectId("5bda86a2e751f1311424a29f"), 
    "From_Date" : ISODate("2019-01-04T18:30:00.000+0000"), 
    "To_Date" : ISODate("2019-01-06T18:30:00.000+0000"), 
    "Purpose" : "---", 
    "Current_Status" : "Approved", 
    "Stage" : "Stage_5", 
    "Created_By" : ObjectId("5b8a186f69e5c40f9c0f4e0b"), 
    "Last_Modified_By" : ObjectId("5b8a186f69e5c40f9c0f4e0b"), 
    "Active_Status" : true, 
    "If_Deleted" : false, 
    "createdAt" : ISODate("2019-01-05T12:25:39.923+0000"), 
    "updatedAt" : ISODate("2019-01-05T12:25:53.727+0000"), 
    "__v" : NumberInt(0)
},
{ 
    "_id" : ObjectId("5c31b9a6b962ed35505985f5"), 
    "Employee" : ObjectId("5bfe2cdfad5a6e138049f0ad"), 
    "Leave_Type" : ObjectId("5be6bc532765081094a30ccd"), 
    "From_Date" : ISODate("2019-01-06T18:30:00.000+0000"), 
    "To_Date" : ISODate("2019-01-06T18:30:00.000+0000"), 
    "Purpose" : "---", 
    "Current_Status" : "Approved", 
    "Stage" : "Stage_5", 
    "Created_By" : ObjectId("5b8a186f69e5c40f9c0f4e0b"), 
    "Last_Modified_By" : ObjectId("5b8a186f69e5c40f9c0f4e0b"), 
    "Active_Status" : true, 
    "If_Deleted" : false, 
    "createdAt" : ISODate("2019-01-06T08:17:42.087+0000"), 
    "updatedAt" : ISODate("2019-01-06T08:17:50.008+0000"), 
    "__v" : NumberInt(0)
},
{ 
    "_id" : ObjectId("5c5394a38cf17600c46673b6"), 
    "Employee" : ObjectId("5bfe2cdfad5a6e138049f0ad"), 
    "Leave_Type" : ObjectId("5be6bb2f2765081094a30ccc"), 
    "From_Date" : ISODate("2019-01-31T18:30:00.000+0000"), 
    "To_Date" : ISODate("2019-02-01T18:30:00.000+0000"), 
    "Purpose" : "cc", 
    "Current_Status" : "Draft", 
    "Stage" : "Stage_1", 
    "Created_By" : ObjectId("5c2f1203c2eeb130487ca9db"), 
    "Last_Modified_By" : ObjectId("5c2f1203c2eeb130487ca9db"), 
    "Active_Status" : true, 
    "If_Deleted" : false, 
    "createdAt" : ISODate("2019-02-01T00:36:51.537+0000"), 
    "updatedAt" : ISODate("2019-02-01T00:36:51.537+0000"), 
    "__v" : NumberInt(0)
}
]
