[
{ 
    "_id" : ObjectId("5c7f34994616471f74a84bfb"), 
    "Employee" : ObjectId("5bfe2cdfad5a6e138049f0ad"), 
    "Attendance_Report" : ObjectId("5c7d703354ce49102410c617"), 
    "Month" : ISODate("2018-12-31T18:30:00.000+0000"), 
    "Payable_Days" : "7", 
    "UnPayable_Days" : "24", 
    "Basic_Pay" : "2258", 
    "HRA" : "452", 
    "Conveyance" : "226", 
    "Medical_Reimbursement" : "113", 
    "Food_Allowance" : "0", 
    "Other_Allowance" : "0", 
    "Professional_Tax" : "72", 
    "Provident_Fund" : "0", 
    "Employee_State_Insurance" : "0", 
    "Medical_Insurance" : "0", 
    "TDS" : "291", 
    "More_Earnings" : [
        {
            "_id" : ObjectId("5c7f349a4616471f74a84bfc"), 
            "Earnings" : ObjectId("5c7e8c6c8903802308c97430"), 
            "Amount" : "1000"
        }
    ], 
    "More_Detections" : [
        {
            "_id" : ObjectId("5c7f349a4616471f74a84bfd"), 
            "Detections" : ObjectId("5c7e8c848903802308c97433"), 
            "Amount" : "100"
        }
    ], 
    "Total_Earning" : "4049", 
    "Total_Detection" : "463", 
    "Total_Salary" : "3586", 
    "Created_By" : ObjectId("5b8a186f69e5c40f9c0f4e0b"), 
    "Last_Modified_By" : ObjectId("5b8a186f69e5c40f9c0f4e0b"), 
    "Active_Status" : true, 
    "If_Deleted" : false, 
    "createdAt" : ISODate("2019-03-06T02:46:50.037+0000"), 
    "updatedAt" : ISODate("2019-03-06T02:46:50.037+0000"), 
    "__v" : NumberInt(0)
}
]
