[
{ 
    "_id" : ObjectId("5b8a186f69e5c40f9c0f4e0b"), 
    "User_Name" : "kathir", 
    "User_Password" : "1234", 
    "Name" : "kathiravan", 
    "Phone" : "9876543210", 
    "Email" : "kathiraashi@gmail.com", 
    "User_Type" : "Admin", 
    "Employee" : null, 
    "Customer" : null, 
    "Created_By" : ObjectId("5b8a186f69e5c40f9c0f4e0b"), 
    "Last_ModifiedBy" : ObjectId("5b8a186f69e5c40f9c0f4e0b"), 
    "Active_Status" : true, 
    "createdAt" : ISODate("2018-09-01T04:41:19.827+0000"), 
    "updatedAt" : ISODate("2019-04-23T14:54:09.899+0000"), 
    "__v" : NumberInt(0), 
    "LastActiveTime" : ISODate("2019-04-23T14:54:09.898+0000"), 
    "LoginTime" : ISODate("2019-04-23T14:54:09.000+0000"), 
    "LoginToken" : "a53ae5e51b0b07eb802a67c3e41a752d"
},
{ 
    "_id" : ObjectId("5c2f1203c2eeb130487ca9db"), 
    "User_Name" : "hemkanth", 
    "User_Password" : "1234", 
    "Name" : "hemkanth", 
    "Phone" : "", 
    "Email" : "hemkanth@gmail.com", 
    "User_Type" : "Employee", 
    "Customer" : null, 
    "Employee" : ObjectId("5bfe2cdfad5a6e138049f0ad"), 
    "Created_By" : ObjectId("5b8a186f69e5c40f9c0f4e0b"), 
    "Last_ModifiedBy" : ObjectId("5b8a186f69e5c40f9c0f4e0b"), 
    "Active_Status" : true, 
    "createdAt" : ISODate("2019-01-04T07:57:55.336+0000"), 
    "updatedAt" : ISODate("2019-04-15T14:44:31.771+0000"), 
    "__v" : NumberInt(0), 
    "LastActiveTime" : ISODate("2019-04-15T14:44:31.771+0000"), 
    "LoginTime" : ISODate("2019-04-15T14:44:31.000+0000"), 
    "LoginToken" : "81db3bd23b4cf790086c5d386e5c8b2b"
},
{ 
    "_id" : ObjectId("5c9887414258870d14f99e5b"), 
    "User_Name" : "test", 
    "User_Password" : "1234", 
    "Name" : "Test", 
    "Phone" : "", 
    "Email" : "test@gmail.com", 
    "User_Type" : "Employee", 
    "Employee" : ObjectId("5c507dd37afa5a399870be9a"), 
    "Customer" : null, 
    "Created_By" : ObjectId("5b8a186f69e5c40f9c0f4e0b"), 
    "Last_ModifiedBy" : ObjectId("5b8a186f69e5c40f9c0f4e0b"), 
    "Active_Status" : true, 
    "createdAt" : ISODate("2019-03-25T07:46:09.638+0000"), 
    "updatedAt" : ISODate("2019-04-15T14:41:04.602+0000"), 
    "__v" : NumberInt(0), 
    "LastActiveTime" : ISODate("2019-04-15T14:41:04.602+0000"), 
    "LoginTime" : ISODate("2019-04-15T14:41:04.000+0000"), 
    "LoginToken" : "7a7cc4e221c336119f7a0fcf6fae5944"
},
{ 
    "_id" : ObjectId("5cacc0326bfd7a071861a8c8"), 
    "User_Name" : "pl", 
    "User_Password" : "1234", 
    "Name" : "pl", 
    "Phone" : "987654232", 
    "Email" : "sample@gmail.com", 
    "User_Type" : "Customer", 
    "Employee" : null, 
    "Customer" : ObjectId("5c8ce2260301cd0d1cf0117d"), 
    "Created_By" : ObjectId("5b8a186f69e5c40f9c0f4e0b"), 
    "Last_ModifiedBy" : ObjectId("5b8a186f69e5c40f9c0f4e0b"), 
    "Active_Status" : true, 
    "createdAt" : ISODate("2019-04-09T15:54:26.634+0000"), 
    "updatedAt" : ISODate("2019-04-15T16:13:21.052+0000"), 
    "__v" : NumberInt(0), 
    "LastActiveTime" : ISODate("2019-04-15T16:13:21.051+0000"), 
    "LoginTime" : ISODate("2019-04-15T16:13:21.000+0000"), 
    "LoginToken" : "cefde8dfdbfd7037d20922fae412a473"
}
]
